age,daily_screen_time,social_media_hours,study_hours,sleep_hours,notifications_per_day,focus_score,coffee_per_day,breaks_per_day,night_usage,distraction_score,addiction_level,productivity_score
21.0,5.95,2.81,2.61,7.377324511,290.2547416,100.0,2.0,1.0,0.0,7.852,1,29.58783357
34.0,3.82,2.33,0.28,7.612688686,270.571074,93.65,1.0,3.0,0.0,7.146,1,17.32066523
29.0,3.57,1.64,5.21,6.14329788,134.0542188,100.0,0.0,5.0,0.0,2.962,0,75.18397969
25.0,10.27,4.37,4.28,4.012145061,233.0198335,94.71,2.0,2.0,1.0,8.791,1,31.1331609
22.0,2.42,1.6,3.67,6.953253459,19.38179085,100.0,0.0,3.0,0.0,0.669,0,54.64067622
35.0,6.19,2.19,7.26,4.087177238,218.4635439,100.0,3.0,7.0,1.0,5.277,1,63.58149311
21.0,3.68,1.23,1.34,7.418676363,314.3990216,100.0,1.0,4.0,0.0,7.358,0,31.44634113
33.0,10.79,5.65,0.08,7.547758674,148.4820584,100.0,0.0,2.0,1.0,8.331,2,5.809432728
37.0,7.57,5.54,0.59,8.513274869,107.2767234,94.43,0.0,4.0,1.0,5.228,2,5.33756583
25.0,7.0,2.73,1.79,5.000010608,31.72158807,100.0,3.0,3.0,0.0,2.038,1,44.34160683
25.0,7.02,3.89,0.27,6.054330912,188.0112038,93.1,1.0,3.0,1.0,7.249,1,-3.02738962
38.0,9.31,5.95,4.02,5.901552553,261.5871344,88.88,0.0,4.0,1.0,8.729,2,22.16619191
35.0,11.58,6.01,2.51,8.529390563,81.53294874,100.0,0.0,4.0,1.0,7.177,2,12.48840254
18.0,4.2,3.62,1.44,6.198726299,104.4785605,100.0,0.0,4.0,0.0,3.708,1,5.420215478
22.0,10.86,3.62,6.0,4.658832381,32.15046365,100.0,2.0,8.0,1.0,4.11,1,57.78245906
38.0,11.34,7.98,1.64,6.936100539,79.57927659,77.17,1.0,4.0,1.0,6.338,1,2.322019206
17.0,11.16,9.32,5.5,7.234007488,88.20890467,99.17,1.0,9.0,1.0,5.81,2,22.15719681
36.0,8.35,6.53,2.79,7.276601627,93.36230388,100.0,2.0,2.0,1.0,5.738,2,1.516262499
35.0,8.3,3.41,4.09,7.726833399,150.3840378,100.0,0.0,4.0,1.0,6.123,1,33.93174521
16.0,6.03,2.88,7.47,5.190898146,117.5222844,100.0,3.0,6.0,1.0,3.014,1,64.9555959
38.0,9.52,6.95,0.3,8.933780889,145.1012611,84.05,0.0,4.0,1.0,7.43,2,0.323348111
26.0,7.31,2.56,4.0,4.290175259,133.1174186,100.0,4.0,2.0,1.0,5.015,1,52.65465668
20.0,8.77,6.9,6.84,9.439569288,70.16429647,100.0,1.0,6.0,1.0,3.573,2,73.02449276
16.0,6.28,4.59,4.7,8.426227299,163.2670298,100.0,2.0,4.0,1.0,4.83,1,51.50481036
27.0,9.31,6.87,2.21,6.887838613,238.1674654,89.12,1.0,3.0,1.0,8.712,2,4.730280642
15.0,10.24,3.69,3.18,7.780228656,173.9030552,100.0,2.0,3.0,1.0,7.666,1,28.61427362
26.0,3.46,2.53,5.44,4.154597988,11.41346347,100.0,4.0,7.0,0.0,1.258,1,29.19198738
36.0,10.33,7.31,7.13,3.690091033,40.2298215,89.04,2.0,9.0,1.0,3.926,2,18.74682002
26.0,7.4,5.91,0.33,4.712118678,74.91254788,90.6,2.0,2.0,1.0,4.621,2,-2.707917997
39.0,10.45,3.4,0.57,4.063292543,52.77299099,92.02,3.0,4.0,1.0,6.354,1,12.92235201
27.0,6.31,1.98,2.6,6.887897574,168.2583434,100.0,2.0,2.0,1.0,5.875,0,17.04116288
24.0,5.79,3.03,1.86,4.950956303,282.4993414,99.09,3.0,2.0,0.0,7.597,1,21.13426611
30.0,11.15,4.34,2.12,8.543189049,73.7007114,100.0,0.0,3.0,1.0,6.019,1,15.10094293
29.0,4.51,2.86,1.77,6.144798783,302.7887362,89.63,1.0,1.0,0.0,7.664,1,24.35957161
29.0,10.44,8.88,1.57,8.310950059,260.4042759,76.18,2.0,3.0,1.0,9.969,2,-0.548587639
33.0,6.84,3.66,1.04,7.570752882,255.0582042,91.37,0.0,4.0,1.0,8.668,1,2.73347285
26.0,7.14,3.771381605,7.47,6.240161011,72.90053548,100.0,3.0,7.0,1.0,2.629,2,62.14422912
37.0,5.08,1.52,1.15,6.517502160499999,249.8038632,99.26,2.0,3.0,0.0,7.315,0,24.97339856
34.0,7.73,3.1,1.64,6.517502160499999,29.22310594,100.0,2.0,3.0,1.0,3.913,1,9.213697092
39.0,7.0,1.67,1.97,7.217998575,308.3930335,100.0,1.0,2.0,0.0,5.462,0,38.23089301
17.0,3.585,1.19,7.46,7.489392214,578.1048869,100.0,2.0,9.0,0.0,4.757,0,90.01856326
19.0,4.72,3.99,6.05,5.184055393,51.69011218,100.0,2.0,8.0,0.0,5.462,1,37.58976447
33.0,2.06,0.74,6.32,6.517502160499999,236.5365249,100.0,2.0,6.0,0.0,4.274,0,92.34831728
21.0,11.78,7.82,0.84,4.575853707,202.3442252,72.24,4.0,2.0,1.0,9.358,2,0.861193536
35.0,7.0,6.66,6.69,7.537917406,88.44489557,100.0,2.0,7.0,1.0,5.723,2,52.22387832
23.0,5.95,5.14,3.27,5.768112309,164.8234237,87.86,1.0,3.0,0.0,5.514,2,23.05059449
21.0,9.28,3.47,4.1412097370000005,7.459193215,234.3382796,100.0,0.0,4.0,1.0,5.462,1,32.33065848
32.0,5.46,2.33,4.61,8.189544099,283.3395458,100.0,1.0,4.0,0.0,6.407,1,52.74322529
18.0,8.71,3.771381605,6.58,7.196106101,262.6925228,100.0,1.0,7.0,1.0,7.401,1,53.24079208
39.0,10.05,5.63,6.23,5.758822331,251.4533001,100.0,2.0,6.0,1.0,7.776,2,27.06650954
28.0,11.47,5.35,7.12,5.328116427,167.6653558,100.0,3.0,8.0,1.0,7.059,2,57.74357363
32.0,6.0,4.93,7.43,8.484237314,231.4129446,100.0,1.0,5.0,0.0,5.411,1,74.74118616
23.0,9.83,6.52,1.9,6.233620356,87.13248425,83.51,0.0,1.0,1.0,6.465,2,14.86144777
35.0,4.66,3.11,3.39,3.852449517,51.79260973,100.0,3.0,4.0,0.0,2.053,1,28.09844182
16.0,11.9,7.37,0.12,8.035145342,208.9339358,71.21,1.0,3.0,1.0,10.114,2,-3.164315365
34.0,2.26,0.8,7.03,5.624148885,106.0446666,100.0,3.0,9.0,0.0,0.481,0,68.0158691
29.0,8.04,4.56,1.24,4.33432841,165.9822073,77.53,2.0,3.0,1.0,5.462,1,-7.309928062
21.0,8.6,7.74,6.89,9.000535575,64.33312908,100.0,2.0,7.0,1.0,3.453,2,43.99035695
26.0,8.88,7.11,2.64,6.194326577,259.5708045,77.29,1.0,4.0,1.0,8.628,2,5.032141759
22.0,7.0,2.68,2.95,5.196787175,226.331327,100.0,3.0,3.0,0.0,5.695,1,20.81343618
29.0,11.39,9.04,0.31,8.307092496,192.9748384,79.51,2.0,2.0,1.0,9.622,2,-5.541641375
17.0,3.81,1.38,2.62,8.246195159,150.9852149,100.0,1.0,1.0,0.0,4.319,0,65.4243323
28.0,8.23,3.59,7.11,4.125590467,84.45850911,100.0,3.0,5.0,1.0,4.002,1,60.78791695
31.0,6.345,1.28,0.2,7.187214346,402.1068625,100.0,0.0,1.0,0.0,5.775,0,14.74691782
18.0,7.605,3.771381605,3.25,7.484526151,140.756329,100.0,0.0,4.0,0.0,3.02,1,39.26982553
32.0,7.46,2.72,0.25,5.049022476,91.40590192,97.64,2.0,4.0,1.0,5.495,1,13.82814888
22.0,6.17,3.6,2.97,5.981467836,240.3348377,91.85,2.0,2.0,1.0,6.834,1,9.289966515
18.0,3.6,2.54,1.38,3.952870863,181.8422487,94.42,3.0,1.0,0.0,5.186,1,13.38077568
16.0,7.0,3.06,2.02,8.394836835,301.4405372,95.9,2.0,1.0,0.0,5.462,1,25.49926663
27.0,6.18,4.63,7.02,8.78462962,239.7332912,100.0,1.0,6.0,1.0,5.744,1,54.29087697
36.0,9.57,8.26,3.49,4.487817413,159.0842646,87.1,2.0,3.0,1.0,6.838,2,6.953066321
24.0,10.98,3.65,2.19,7.680256561,63.3717558,100.0,2.0,2.0,1.0,5.913,1,22.1987651
18.0,2.84,0.87,4.71,8.273219085,148.3829237,100.0,2.0,3.0,0.0,3.307,0,88.61244883
36.0,5.93,4.13,1.14,5.592043489,184.4296094,95.81,2.0,3.0,0.0,6.663,1,1.302947832
32.0,4.5,1.42,2.08,7.587688064,174.4980593,100.0,0.0,2.0,0.0,2.816,0,26.7967653
26.0,2.17,0.98,4.37,4.809306053,276.9206783,100.0,3.0,2.0,0.0,5.214,0,42.83803396
16.0,8.62,4.3,1.9,8.913042573,238.0058593,100.0,2.0,3.0,1.0,8.84,1,19.2229519
24.0,8.02,3.7,4.1412097370000005,7.042105019,90.60586901,100.0,0.0,9.0,1.0,4.301,1,62.7100573
18.0,3.63,2.2,3.93,7.175522369,110.2930026,100.0,0.0,2.0,0.0,2.476,1,42.62240959
28.0,4.34,2.45,6.18,6.979980273,56.86668676,100.0,2.0,6.0,0.0,1.236,1,76.98147316
30.0,2.24,1.36,7.59,7.079454977,75.28057719,100.0,0.0,8.0,0.0,-0.017,0,101.1835273
29.0,10.35,7.28,0.93,8.955871071,286.4281253,100.0,1.0,2.0,1.0,10.356,2,2.47215087
22.0,11.75,6.25,2.68,6.893214792,114.6722611,100.0,0.0,3.0,1.0,7.171,2,2.660297928
28.0,3.35,1.51,2.56,9.053014083,49.65135532,100.0,2.0,3.0,0.0,1.907,1,53.77875604
37.0,4.31,1.72,1.21,6.517502160499999,205.4233928,100.0,2.0,2.0,0.0,6.272,0,35.12362588
39.0,10.68,5.44,6.48,5.287228757,218.2159897,100.0,4.0,8.0,1.0,7.636,2,53.2147209
22.0,11.26,8.39,6.08,8.462387603,221.1328326,91.34,1.0,7.0,1.0,8.786,2,8.712796961
35.0,6.2,4.67,3.88,7.194780272,198.4466068,94.81,2.0,1.0,1.0,5.936,1,32.82864866
30.0,2.51,1.76,4.3,7.369984058,252.1030254,100.0,1.0,4.0,0.0,5.245,0,59.45250893
27.0,2.39,1.05,0.48,8.551743887,47.42703336,100.0,1.0,2.0,0.0,2.231,0,46.53900908
32.0,7.74,5.05,4.44,5.174937202,172.2749991,96.66,4.0,1.0,1.0,6.058,2,23.24738443
29.0,5.93,3.81,6.33,5.577962933,167.3243295,100.0,1.0,6.0,0.0,4.806,1,57.50452673
35.0,2.29,1.35,4.59,4.839443258,164.3413608,100.0,3.0,2.0,0.0,3.308,0,46.73499454
38.0,7.0,4.93,2.12,7.15838179,140.7397873,98.21,0.0,1.0,1.0,6.259,1,9.529498414
39.0,2.11,1.26,4.1412097370000005,8.035923494,89.73929669,100.0,1.0,8.0,0.0,1.473,0,93.77767008
27.0,7.0,6.31,2.89,9.029027561,173.5325165,94.27,1.0,1.0,1.0,7.568,2,21.71555537
23.0,5.06,3.69,4.36,6.793932895,183.9730292,100.0,2.0,4.0,0.0,5.102,1,36.179356595
29.0,2.4,0.88,3.9,7.555100064,99.58690793,100.0,0.0,4.0,0.0,2.17,0,55.69684974
27.0,7.88,3.771381605,3.05,8.282529278,86.46380891,100.0,2.0,4.0,1.0,5.445,2,6.510880241
15.0,5.98,3.771381605,4.1412097370000005,7.641158538,240.6976961,100.0,0.0,2.0,0.0,5.462,1,62.38351908
39.0,11.74,3.99,7.07,5.382581901,214.6830407,100.0,2.0,7.0,1.0,8.249,1,33.48647593
21.0,7.44,6.59,4.1412097370000005,7.076760724,102.5739224,85.53,0.0,3.0,1.0,5.462,2,36.179356595
23.0,4.75,4.15,7.47,8.941856464,124.8100983,100.0,2.0,7.0,0.0,2.434,1,65.10863392
38.0,9.09,3.06,4.09,9.041678975,178.8621297,100.0,0.0,1.0,1.0,6.878,1,58.94058744
15.0,4.71,2.67,5.61,7.473905101,133.10377,100.0,2.0,9.0,0.0,3.332,1,48.7168027
26.0,11.04,4.55,6.84,8.302593967,67.4741981,100.0,1.0,8.0,1.0,4.328,1,78.03117874
22.0,5.75,3.4,3.74,4.773430849,186.2681977,97.4,2.0,1.0,0.0,5.393,1,13.62942896
38.0,7.5,5.99,6.68,5.328413141,66.23625032,100.0,3.0,8.0,1.0,3.226,2,59.52088668
25.0,2.51,2.18,1.42,8.765392975,94.89390467,100.0,1.0,1.0,0.0,2.489,1,37.11963772
33.0,6.26,4.26,1.27,4.934239684,35.68400929,100.0,2.0,2.0,1.0,3.789,1,5.801779145
31.0,10.32,5.29,5.26,4.637204547,61.60080283,100.0,3.0,5.0,1.0,4.882,2,13.64459277
22.0,10.06,6.66,6.96,6.405620116,248.5833258,97.58,1.0,9.0,1.0,7.702,2,33.530589
17.0,4.24,2.07,7.14,7.150616435,223.7581164,100.0,2.0,8.0,0.0,4.278,1,81.55965347
17.0,4.26,3.6,5.15,6.647632492,293.6969405,100.0,0.0,5.0,0.0,6.025,1,58.31997373
27.0,10.17,8.36,4.2,5.461928915,246.8019212,81.79,3.0,2.0,1.0,8.925,2,0.619272798
19.0,7.0,7.17,2.65,8.738910852,165.9822073,98.2,1.0,3.0,1.0,5.462,2,6.147915769
24.0,2.95,3.771381605,7.84,8.692987084,134.2446005,100.0,1.0,7.0,0.0,1.343,1,93.52534048
21.0,6.5,3.09,2.56,6.570495987,101.1521362,100.0,3.0,1.0,1.0,4.782,1,15.49481624
23.0,5.37,1.72,5.95,6.039173706,247.6955983,100.0,2.0,7.0,0.0,5.84,0,55.74092302
21.0,10.71,8.46,4.26,7.159142522,255.8343944,80.78,0.0,3.0,1.0,9.157,2,-2.641414301
23.0,2.84,1.62,4.87,7.260690327,141.5492987,100.0,1.0,4.0,0.0,2.379,0,79.29206263
22.0,4.11,2.03,3.15,5.840694574,261.4552465,100.0,4.0,4.0,0.0,6.53,1,25.92116716
26.0,9.52,5.55,7.72,5.584084015,123.5595311,100.0,1.0,6.0,1.0,5.624,2,57.92769167
16.0,2.51,1.99,4.57,5.787116498,148.1556518,100.0,3.0,1.0,0.0,3.124,0,34.18283444
15.0,6.93,2.6,7.5,4.314824573,243.2369468,100.0,2.0,6.0,1.0,6.395,1,74.29289811
30.0,6.42,5.23,0.06,5.770983766,278.9953612,76.03,2.0,2.0,1.0,8.892,2,0.721567801
37.0,5.34,4.48,4.58,7.320965303,82.95135752,100.0,1.0,4.0,0.0,2.896,1,51.87235284
37.0,5.95,5.16,5.74,7.274059032,51.2496293,100.0,0.0,5.0,0.0,2.093,2,56.87225557
38.0,7.0,3.93,5.96,7.339445372,17.70469622,100.0,1.0,6.0,1.0,2.462,1,60.64682374
19.0,3.61,1.55,7.24,5.555157856,16.4774258,100.0,3.0,5.0,0.0,0.333,0,83.97746692
17.0,7.72,4.05,0.04,7.85509882,93.37300309,100.0,0.0,1.0,1.0,5.208,1,0.141058514
26.0,10.05,5.02,0.0,3.639418859,197.8177899,75.29,3.0,2.0,1.0,8.805,2,-1.361205914
22.0,9.6,3.89,3.78,5.412930998,153.3777894,97.3,0.0,4.0,1.0,6.426,1,42.41304062
36.0,3.54,2.35,0.23,7.937942078,54.16956886,100.0,1.0,3.0,0.0,2.921,1,22.70675184
17.0,3.49,2.05,7.8,7.171768753,35.18857915,100.0,2.0,4.0,0.0,-0.015,1,92.9941985
15.0,7.02,3.83,1.78,6.333544259,116.4023006,100.0,1.0,3.0,0.0,5.462,1,46.45542337
17.0,5.61,1.79,3.78,6.718488213,294.8059865,100.0,2.0,1.0,0.0,7.351,0,70.98112421
19.0,6.08,4.17,0.49,8.34988665,240.6000341,95.64,1.0,1.0,1.0,7.413,1,36.179356595
29.0,8.8,6.67,4.18,7.164024665,198.2190676,91.39,0.0,1.0,1.0,6.866,2,16.12335863
28.0,2.57,1.94,3.04,8.330362888,30.63923945,100.0,1.0,3.0,0.0,0.793,0,61.53645596
17.0,2.35,1.95,0.36,9.322696994,81.861071,100.0,0.0,1.0,0.0,2.807,0,36.39415067
15.0,5.92,4.37,2.68,6.995253366,200.5925471,100.0,2.0,1.0,0.0,6.736,1,33.72627245
19.0,8.97,7.68,3.13,7.938202284,162.1459101,97.4,0.0,4.0,1.0,6.706,1,20.98872833
37.0,3.93,1.96,7.92,4.162126615,55.08880909,100.0,4.0,6.0,0.0,0.709,0,85.67720063
28.0,8.42,5.07,1.66,6.436224997,213.2606427,87.44,4.0,1.0,1.0,8.452,2,-3.829257907
21.0,4.6,1.42,4.36,5.791985836,286.4931269,100.0,1.0,3.0,0.0,6.932,0,52.67984789
23.0,10.86,3.3,7.9,8.027715625,195.8922425,100.0,0.0,5.0,1.0,7.04,1,99.19542059
29.0,10.96,4.87,6.34,6.566839767,22.32421747,100.0,2.0,9.0,1.0,4.058,1,53.25048284
29.0,4.97,1.79,7.95,8.815659217,162.9204352,100.0,2.0,5.0,0.0,3.08,0,100.2496292
24.0,4.3,1.96,7.75,4.856306698,146.0252786,100.0,3.0,5.0,0.0,2.865,0,69.05785094
27.0,6.11,2.48,3.92,7.492765337,116.163855,100.0,1.0,1.0,1.0,4.239,1,53.09215395
33.0,4.41,1.4,5.57,5.63740708,184.3070884,100.0,1.0,8.0,0.0,4.114,0,86.83571828
21.0,8.72,7.37,0.88,6.214587867,270.7337604,78.44,1.0,1.0,1.0,9.196,2,1.283100545
31.0,10.26,3.13,3.53,7.812281011,180.2505288,100.0,1.0,3.0,1.0,7.391,1,37.90608633
34.0,8.73,6.47,6.47,5.689747805,118.7154041,100.0,3.0,6.0,1.0,5.104,2,48.9064253
18.0,10.24,4.01,4.04,3.786445633,3.064204196,100.0,3.0,4.0,1.0,4.368,1,31.78511128
19.0,5.97,5.06,5.62,7.244697369,104.9444014,100.0,2.0,8.0,0.0,3.419,2,30.0719862
37.0,3.56,2.98,5.97,5.731296252,82.84640382,100.0,1.0,9.0,0.0,1.289,1,66.27243003
21.0,9.38,6.49,2.03,7.030762261,122.9424146,95.62,0.0,1.0,1.0,6.121,2,9.988581691
27.0,5.6,3.94,7.01,8.459285559,197.6938652,100.0,1.0,6.0,0.0,4.157,1,91.03870993
29.0,8.71,2.64,3.68,4.466616278,117.443818,100.0,4.0,3.0,1.0,5.851,1,47.96587983
25.0,4.71,4.2,1.68,6.760072742,136.0660317,98.23,1.0,1.0,0.0,4.571,1,19.12434858
18.0,2.81,2.32,6.92,7.332174723,116.9772729,100.0,2.0,5.0,0.0,1.649,1,84.04171466
27.0,11.93,9.99,3.34,9.170999277,210.1203955,85.75,0.0,4.0,1.0,9.123,2,-1.081547761
21.0,3.56,2.48,6.0,9.259118188,92.14949245,100.0,2.0,5.0,0.0,2.12,1,65.90544816
33.0,11.88,6.02,4.38,7.564204584,143.0964712,100.0,2.0,3.0,1.0,6.746,2,41.80957792
36.0,11.77,9.84,3.05,6.574211295,40.22744509,80.82,2.0,2.0,1.0,5.87,2,2.23629736
16.0,9.94,4.72,6.48,4.833688741,56.73439372,100.0,4.0,5.0,1.0,4.026,1,46.57553451
24.0,8.59,5.48,4.68,6.635024599,149.2615404,100.0,3.0,1.0,1.0,5.791,2,16.21516287
27.0,7.78,2.8,3.12,6.961334594,214.8724225,100.0,1.0,1.0,1.0,7.294,1,32.12683189
39.0,10.66,9.09,0.88,6.517502160499999,55.45839637,76.81,2.0,2.0,1.0,6.066,2,-6.804713681
35.0,4.89,1.88,7.16,7.127021209,234.963861,100.0,1.0,9.0,0.0,5.317,0,87.50420302
20.0,6.68,2.91,0.28,7.674164524,69.24508149,100.0,2.0,2.0,1.0,4.536,1,12.60087895
26.0,8.19,5.2,6.91,5.284078705,194.6611664,100.0,1.0,8.0,1.0,6.182,2,52.17538559
26.0,6.11,4.63,2.88,7.663332071,76.2622985,100.0,1.0,1.0,1.0,3.611,1,26.44399551
34.0,6.27,4.21,5.11,4.553211985,67.67789899,100.0,2.0,7.0,1.0,3.022,1,43.7104595
25.0,5.3,2.33,7.38,4.822365198,88.91194799,100.0,2.0,5.0,0.0,2.396,1,71.17341624
37.0,7.64,2.3,1.21,4.865822848,78.0768045,100.0,2.0,3.0,1.0,4.817,1,14.00168662
39.0,10.51,7.93,4.54,8.696267064,242.6124796,86.69,2.0,1.0,1.0,8.873,2,8.718898145
21.0,4.02,3.58,4.1412097370000005,4.120551009,48.84347186,100.0,4.0,2.0,0.0,5.462,1,39.82043361
27.0,11.34,8.91,6.06,8.111653632,253.186496,93.23,2.0,9.0,1.0,9.172,2,0.663651719
15.0,8.89,5.12,4.21,5.79815615,165.9822073,98.45,3.0,3.0,1.0,5.462,2,8.978265919
39.0,10.23,8.62,5.0,6.127739719,49.04363889,100.0,1.0,1.0,1.0,4.435,2,22.81975134
39.0,7.56,4.13,6.06,6.517502160499999,143.2168657,100.0,1.0,7.0,1.0,4.942,1,70.62341786
34.0,9.8,6.03,6.73,7.349768454,16.64628845,100.0,2.0,6.0,1.0,3.401,2,44.34495856
27.0,2.16,1.27,6.09,4.94715318,299.6945104,100.0,2.0,6.0,0.0,5.073,0,55.35923035
23.0,10.18,5.79,2.83,5.648225377,52.4604199,87.06,2.0,3.0,1.0,5.501,2,1.053877025
17.0,2.4,1.84,7.97,7.86660827,165.9822073,100.0,0.0,5.0,0.0,5.462,0,104.309963
21.0,10.9,6.72,3.48,5.587336873,95.18523562,96.54,0.0,3.0,1.0,6.086,2,8.312599409
20.0,11.92,5.84,0.2,7.397452734,290.8620394,75.6,0.0,4.0,1.0,11.2,2,9.533698824
22.0,4.94,2.25,2.9,5.227286803,107.8000475,100.0,0.0,3.0,0.0,3.44,1,33.67210816
23.0,4.1,1.32,1.02,6.23013795,87.04702625,100.0,4.0,1.0,1.0,3.544,0,32.55443917
19.0,9.65,6.27,0.97,5.051030296,219.6613247,73.4,2.0,1.0,1.0,5.462,2,-8.62064203
15.0,7.0,1.98,2.25,7.554657075,224.9401847,100.0,0.0,2.0,0.0,5.75,0,41.12739149
33.0,10.66,4.15,0.43,6.517502160499999,150.0415199,90.94,0.0,4.0,1.0,8.741,1,0.863613745
24.0,7.0,2.1,5.51,5.128090951,34.870255,100.0,3.0,6.0,0.0,5.462,1,67.17110279
26.0,3.26,2.31,0.59,7.967988835,115.2439243,100.0,0.0,1.0,0.0,3.253,1,31.9387581
38.0,11.79,8.86,4.1412097370000005,8.621958674,259.8785872,77.07,0.0,3.0,1.0,5.462,2,5.767314235
29.0,8.74,5.26,0.74,8.177108514,170.5765739,95.76,0.0,3.0,1.0,7.728,1,36.179356595
36.0,10.47,8.76,0.51,4.985934645,70.17627197,71.36,2.0,4.0,1.0,6.962,2,1.646720639
38.0,5.24,4.52,2.14,5.815634356,165.9822073,96.78,4.0,2.0,0.0,5.118,1,-6.675424214
23.0,8.76,6.87,4.58,8.049565933,65.91213558,100.0,1.0,2.0,1.0,4.206,2,45.81653597
34.0,7.94,5.41,7.72,4.890044668,43.27540572,100.0,2.0,9.0,1.0,2.354,2,60.5953993
31.0,12.045,3.87,7.0,3.905073231,424.0066261,100.0,4.0,7.0,1.0,6.075,1,52.79989397
31.0,8.83,7.86,7.01,8.389954374,62.66309589,100.0,0.0,6.0,1.0,3.252,2,36.179356595
34.0,7.75,3.6,1.41,5.502196876,196.312469,89.79,3.0,4.0,1.0,7.092,1,19.45685748
26.0,6.29,3.771381605,2.12,5.708805281,67.58317004,100.0,2.0,1.0,1.0,3.989,1,33.20790069
21.0,4.76,2.69,0.61,6.222752481,309.8579865,85.99,2.0,2.0,0.0,8.057,1,25.33682207
16.0,9.69,3.24,6.23,8.429395368,102.8604704,100.0,0.0,5.0,1.0,5.396,1,73.91149242
17.0,4.26,3.78,0.56,5.30982171,76.93771087,96.82,2.0,4.0,0.0,3.182,1,4.810946962
31.0,8.92,5.83,4.45,9.092975267,284.0924772,93.21,2.0,2.0,1.0,8.765,2,53.80974289
19.0,4.33,2.75,1.98,6.141242448,193.66003,100.0,0.0,3.0,0.0,5.371,1,31.75096108
31.0,8.25,5.72,1.95,6.086730389,238.2212135,85.9,2.0,3.0,1.0,8.08,2,-4.139726003
38.0,9.47,5.67,7.93,6.641878798,71.86085478,100.0,2.0,8.0,1.0,3.716,2,59.9928721
27.0,4.19,1.34,6.05,5.121127748,98.80399613,100.0,4.0,5.0,0.0,1.86,0,67.33570472
31.0,2.6,1.74,6.7,7.458356527,29.50459832,100.0,2.0,9.0,0.0,-0.21,0,36.179356595
16.0,3.31,3.771381605,4.58,6.686145312,180.6440631,100.0,2.0,1.0,0.0,3.621,1,54.80452205
16.0,8.06,4.43,6.97,8.203687507,235.8484756,100.0,1.0,5.0,1.0,6.539,1,100.973157
36.0,10.49,7.91,5.16,5.96133753,165.9822073,90.07,1.0,9.0,1.0,5.462,2,18.11420013
37.0,2.45,1.07,7.57,6.691368605,111.0185497,100.0,0.0,5.0,0.0,1.034,0,104.0820317
19.0,9.34,4.04,2.25,6.037400575,183.7603098,92.22,0.0,4.0,1.0,7.575,1,21.44742639
15.0,5.41,2.15,4.76,7.765560194,53.94525697,100.0,2.0,4.0,0.0,2.597,1,63.58087924
15.0,6.79,3.55,5.52,6.36983264,182.0877802,100.0,2.0,5.0,1.0,5.359,1,40.12349343
33.0,11.29,9.12,3.14,5.407891978,148.4595885,70.11,4.0,1.0,1.0,8.183,2,-6.599749125
16.0,5.32,4.24,7.04,8.368913835,234.4640294,100.0,0.0,9.0,0.0,5.528,1,66.73968361
35.0,6.65,3.52,7.84,6.517502160499999,212.410676,100.0,0.0,9.0,1.0,4.513,1,90.28901431
26.0,2.14,1.4,3.95,6.517502160499999,191.3700034,100.0,0.0,2.0,0.0,3.485,0,66.45095911
20.0,2.82,2.07,3.13,6.517502160499999,275.8268868,100.0,0.0,4.0,1.0,5.791,1,39.7536071
37.0,4.59,2.04,3.78,7.778363714,58.86343785,100.0,2.0,3.0,0.0,2.661,1,72.8320917
18.0,2.28,0.91,6.82,6.060876957,182.0699367,100.0,3.0,6.0,0.0,2.494,0,83.73557038
37.0,8.31,7.34,5.16,3.781653296,74.486222,87.29,3.0,6.0,1.0,4.067,2,2.827357782
25.0,6.26,4.2,4.1412097370000005,7.79768634,225.2197131,88.11,0.0,1.0,1.0,7.862,1,-1.269538521
38.0,7.48,6.65,4.34,4.95805325,265.6890799,88.47,2.0,2.0,1.0,7.898,2,7.082293138
31.0,3.75,1.88,0.14,6.621544155,78.99517558,100.0,1.0,2.0,0.0,3.573,0,19.84158357
20.0,4.96,3.58,6.23,4.665801984,88.00924986,100.0,4.0,9.0,0.0,2.051,1,61.31522175
38.0,8.64,3.75,2.63,6.17676804,255.375963,96.7,3.0,1.0,1.0,8.811,1,17.91122919
19.0,11.65,3.771381605,3.78,4.64479118,79.92655626,92.54,3.0,4.0,1.0,5.871,2,14.7351712
34.0,2.5,3.771381605,6.39,5.946274044,153.1025398,100.0,2.0,7.0,0.0,2.473,0,72.52316923
16.0,10.9,5.36,0.37,6.87788616,310.2700457,74.45,2.0,1.0,1.0,11.039,2,-4.432721827
20.0,7.77,3.11,1.27,4.944087088,175.2096563,97.65,4.0,3.0,1.0,6.644,1,12.36402021
36.0,7.0,3.771381605,3.18,6.657987444,246.6321588,99.05,3.0,3.0,0.0,5.462,1,15.56746996
25.0,7.0,2.25,1.84,8.189593372,177.0876018,100.0,2.0,3.0,1.0,6.768,1,40.1657331
30.0,2.69,1.94,2.7,6.931127047,220.8924773,100.0,0.0,2.0,0.0,4.615,0,54.98857319
30.0,2.9,1.73,7.99,9.037427845,249.8267841,100.0,1.0,8.0,0.0,4.233,0,36.179356595
15.0,8.01,2.86,6.6,8.932040856,214.3007297,100.0,2.0,8.0,1.0,6.625,1,77.74071263
23.0,5.41,2.18,7.07,8.779434942,147.0852166,100.0,1.0,6.0,0.0,3.984,1,83.87674673
20.0,11.17,4.04,7.5,7.678215842,135.045311,100.0,1.0,6.0,1.0,6.195,1,68.66573154
30.0,6.07,4.05,2.73,5.784490148,63.69440028,100.0,2.0,4.0,1.0,3.576,1,8.828245064
17.0,3.43,1.22,2.38,8.912259252,135.6724339,100.0,1.0,1.0,1.0,3.861,0,68.70121933
34.0,9.15,6.89,1.87,8.679892926,82.62038053,88.42,0.0,2.0,1.0,5.754,2,3.23871575
18.0,4.93,1.54,6.64,7.852286241,269.2806661,100.0,1.0,6.0,0.0,5.473,0,83.8803487
33.0,7.25,3.26,5.44,5.606051794,165.9822073,100.0,2.0,9.0,1.0,2.553,1,40.38373921
17.0,8.98,7.49,1.89,9.148397724,165.9822073,80.23,0.0,3.0,1.0,5.462,2,-3.872711883
33.0,11.0,8.04,3.02,7.375880382,145.0843024,90.89,0.0,1.0,1.0,7.474,2,11.16276553
34.0,9.92,3.41,4.05,7.973464233,140.1799598,100.0,1.0,3.0,1.0,6.365,1,40.26389375
21.0,13.14,6.94,4.23,4.6523529,148.8193799,81.48,4.0,2.0,1.0,4.571,2,7.036422223
34.0,8.8,5.24,7.11,5.151283166,101.7614628,100.0,2.0,8.0,1.0,4.427,2,41.75816838
23.0,11.46,9.26,3.04,8.656904092,125.8465406,82.74,0.0,3.0,1.0,7.098,2,2.112863048
15.0,4.96,3.28,7.27,6.327578093,265.447778,100.0,2.0,7.0,0.0,5.679,1,66.95364044
22.0,2.01,3.771381605,3.53,5.750117471,201.6375092,100.0,3.0,4.0,0.0,3.646,0,38.80862877
21.0,4.72,4.23,5.97,8.399977701,246.5895972,100.0,1.0,7.0,0.0,5.489,1,47.54190805
32.0,4.18,1.84,7.44,4.830789065,167.1356199,100.0,4.0,4.0,0.0,5.462,0,71.8952275
22.0,8.62,5.81,7.26,5.817704407,68.47358271,100.0,2.0,8.0,1.0,3.812,2,72.40082722
15.0,8.34,4.81,0.46,5.817181664,27.77925945,87.4,3.0,1.0,1.0,4.512,1,1.822661782
25.0,7.93,2.57,1.65,5.676835518,150.9083481,100.0,4.0,1.0,1.0,6.25,1,14.42293913
39.0,2.16,0.67,3.82,6.278561737,238.7068234,100.0,2.0,4.0,0.0,4.694,0,57.99913769
39.0,7.0,3.45,3.45,4.218146974,62.10799667,100.0,4.0,1.0,1.0,4.85,1,33.87979824
32.0,5.24,3.61,5.13,4.777591354,214.8122969,100.0,4.0,6.0,0.0,5.221,1,33.66294953
37.0,8.65,5.54,7.56,7.69096519,26.55883082,100.0,2.0,5.0,1.0,2.957,2,91.60131758
24.0,7.57,4.78,0.9,6.517502160499999,305.028889,92.97,1.0,2.0,1.0,9.235,1,1.366635668
17.0,5.43,1.73,3.61,6.001871508,181.5132742,100.0,0.0,1.0,0.0,5.252,0,50.949441
21.0,3.35,1.95,1.54,5.092307589,254.6663967,95.09,4.0,3.0,0.0,6.253,0,24.02688368
30.0,2.94,2.51,7.15,5.002940287,147.6018239,100.0,2.0,9.0,0.0,2.305,1,74.43521859
30.0,10.32,5.56,7.72,7.872330653,25.94430694,100.0,0.0,7.0,1.0,3.644,1,63.82662487
39.0,11.18,7.55,3.83,8.515537182,135.2941911,99.94,2.0,4.0,1.0,7.381,2,23.43014717
34.0,8.5,6.53,0.83,5.674693588,114.7458948,83.58,4.0,4.0,1.0,5.901,2,-1.144384869
31.0,3.03,2.33,6.28,5.298752503,72.64424775,100.0,4.0,6.0,0.0,1.471,1,81.80389728
16.0,6.02,3.68,5.58,7.869418238,256.5491718,100.0,1.0,7.0,1.0,6.376,1,32.44820702
15.0,9.29,7.57,2.84,7.036965242,123.0752717,87.17,1.0,3.0,1.0,6.293,2,7.103151369
30.0,9.8,3.771381605,7.1,6.676486395,38.55552901,100.0,0.0,6.0,1.0,3.33,2,62.61771575
26.0,3.18,2.65,7.81,7.218165402,139.7275707,100.0,2.0,6.0,0.0,2.007,1,86.83424738
19.0,2.0,0.89,4.46,7.485429266,71.09483208,100.0,2.0,1.0,0.0,1.042,0,56.76147687
19.0,9.12,4.27,4.53,9.080144634,30.11648971,100.0,0.0,3.0,1.0,3.781,1,57.43105947
37.0,5.57,1.85,2.38,5.087100503,123.5978602,100.0,4.0,1.0,0.0,4.711,0,22.19196723
23.0,4.54,3.53,4.68,8.616757813,261.9878276,100.0,2.0,3.0,0.0,6.566,1,50.59794649
23.0,2.13,1.17,3.52,6.309380458,114.9106285,100.0,4.0,3.0,0.0,1.949,0,58.11031139
17.0,7.4,3.24,2.42,7.125645006,59.6599387,100.0,1.0,3.0,1.0,4.074,1,40.46754261
33.0,10.51,4.61,0.54,6.497287995,212.1618113,91.26,0.0,1.0,1.0,9.513,1,-9.392042096
30.0,11.58,9.74,2.02,5.921905037,150.5360974,66.21,2.0,4.0,1.0,7.924,2,5.206015924
30.0,7.66,6.13,1.58,7.475494408,226.2750028,92.36,1.0,4.0,1.0,7.536,1,36.179356595
17.0,7.0,4.51,4.34,5.478197093,265.1615189,100.0,3.0,4.0,1.0,7.488,1,45.81573478
34.0,2.85,1.91,4.81,4.268193129,184.823972,100.0,2.0,2.0,0.0,3.742,0,34.67856119
38.0,7.49,4.38,4.87,6.948208656,249.0166331,100.0,1.0,2.0,1.0,7.264,1,30.03194096
27.0,5.8,3.1,3.11,6.122808203,63.0273877,100.0,2.0,3.0,0.0,3.307,1,47.28272692
38.0,12.105,6.85,3.37,5.550485399,360.236523,97.8,3.0,1.0,1.0,6.404,2,1.7211319
15.0,5.89,2.21,6.67,8.534260548,220.3585168,100.0,2.0,5.0,0.0,5.484,1,99.37683313
38.0,4.4,2.42,3.81,4.796489765,94.52585083,100.0,4.0,4.0,0.0,2.657,1,31.39786297
34.0,2.95,1.49,7.9,6.08687756,121.8148167,100.0,0.0,5.0,0.0,1.825,0,94.48341077
25.0,5.15,3.08,3.52,4.259665958,258.7419458,100.0,4.0,4.0,0.0,6.679,1,16.48668006
31.0,2.97,1.71,4.1412097370000005,6.993991722,75.54456091,100.0,0.0,3.0,0.0,5.462,0,55.20042486
22.0,3.77,2.3,0.4,5.144790648,239.5870547,90.99,3.0,1.0,0.0,7.045,1,13.82663921
18.0,11.87,4.56,5.23,6.517502160499999,2.140571356,100.0,0.0,8.0,1.0,4.846,1,42.51648522
20.0,6.44,3.91,6.81,4.549418704,124.8182087,100.0,3.0,5.0,1.0,3.557,1,48.36852168
22.0,7.32,3.26,7.54,4.203893602,207.6543303,100.0,4.0,6.0,1.0,5.878,1,58.86204114
34.0,10.74,4.41,4.1412097370000005,8.181426144,182.8737456,100.0,0.0,7.0,1.0,6.956,1,94.12107158
17.0,11.96,4.05,2.26,7.400849441,50.51574008,100.0,0.0,3.0,1.0,6.022,1,20.8110592
30.0,7.83,5.93,4.6,5.301397736,128.9714319,100.0,4.0,3.0,1.0,4.715,2,36.79505668
39.0,10.12,5.63,3.61,4.263990456,153.9862176,91.09,4.0,2.0,1.0,6.517,2,36.179356595
17.0,5.27,3.56,4.51,8.460887455,210.3868709,100.0,2.0,3.0,0.0,5.462,1,36.179356595
39.0,5.06,3.73,1.26,4.740019132,208.7094766,80.61,4.0,1.0,0.0,6.132,1,3.056860969
32.0,6.03,4.27,6.85,8.388056749,270.4655509,100.0,1.0,4.0,1.0,6.32,1,80.806131
28.0,8.73,5.08,7.28,6.987374598,279.0078442,100.0,0.0,5.0,1.0,7.581,2,69.4339281
32.0,8.82,4.7,3.6,6.67151258,32.66751655,100.0,2.0,2.0,1.0,4.11,1,14.93875129
27.0,5.15,2.71,2.24,7.508154301,128.4820485,100.0,2.0,1.0,0.0,4.223,1,49.67908862
36.0,3.33,2.28,1.13,8.243517556,283.2097577,100.0,0.0,1.0,0.0,6.146,1,30.02531489
17.0,7.0,4.97,5.47,5.466738696,152.118375,100.0,3.0,6.0,0.0,5.462,1,44.49135344
30.0,3.28,2.66,2.5,6.150813796,22.03095352,100.0,1.0,1.0,0.0,1.41,1,29.31121524
23.0,7.78,6.42,4.1412097370000005,6.162386425,278.4595577,100.0,0.0,9.0,1.0,7.446,2,38.38794057
18.0,8.93,3.59,5.37,9.137826318,30.00653062,100.0,1.0,6.0,1.0,3.254,1,74.94099427
15.0,9.01,3.44,5.17,7.578462636,87.28025302,100.0,0.0,6.0,1.0,4.494,1,74.51652071
18.0,9.53,6.46,4.48,5.26347438,294.6687042,90.51,2.0,3.0,1.0,9.081,2,3.777145867
15.0,10.73,5.16,0.37,4.964793541,165.9822073,88.78,4.0,3.0,1.0,7.434,2,2.992515582
28.0,7.0,2.18,7.46,5.242635217,95.9482588,100.0,4.0,9.0,1.0,3.142,1,73.49118093
35.0,9.3,7.75,5.02,5.443415605,279.8294581,94.61,4.0,6.0,1.0,8.744,2,-5.515503472
30.0,8.19,3.57,7.95,5.433139604,288.3918657,100.0,4.0,7.0,1.0,6.95,1,53.92073768
34.0,3.87,3.32,4.3,6.517502160499999,133.0785747,100.0,2.0,2.0,0.0,3.405,1,43.84163709
38.0,2.26,1.65,5.68,4.799795643,80.59167674,100.0,3.0,7.0,0.0,0.746,0,61.11458859
22.0,4.85,3.67,0.45,5.483643254,200.0486322,100.0,4.0,4.0,0.0,6.03,1,-5.664975185
21.0,6.43,2.71,5.05,7.834268983,38.80569001,100.0,2.0,4.0,1.0,2.62,1,70.03108792
17.0,8.17,3.6,6.12,5.003277791,13.41149244,100.0,3.0,6.0,1.0,2.649,1,73.68727012
31.0,10.5,6.43,6.23,4.430248398,206.5746271,88.0,3.0,8.0,1.0,7.241,2,38.6265105
15.0,5.94,1.6,6.16,4.706766136,357.3773814,100.0,4.0,6.0,0.0,3.852,0,65.47823963
27.0,3.26,1.58,1.81,5.18727057,56.16570826,100.0,2.0,4.0,0.0,1.827,0,38.40207996
26.0,11.63,5.73,7.8,8.251437634,103.9228534,100.0,2.0,9.0,1.0,5.675,2,96.21942109
33.0,3.08,1.22,7.96,6.763886194,165.9822073,100.0,0.0,5.0,0.0,3.572,0,104.6650448
36.0,6.78,2.87,0.6,4.084990543,58.33639184,98.46,2.0,1.0,1.0,4.01,1,14.28802461
37.0,7.86,6.08,7.49,5.812924982,191.146105,100.0,4.0,5.0,1.0,5.462,2,53.47576192
36.0,7.41,2.97,2.32,4.886286326,41.45404962,100.0,2.0,3.0,1.0,3.669,1,14.73276858
28.0,2.86,0.91,5.51,7.648043246,34.38935209,100.0,2.0,6.0,0.0,0.557,0,71.00386546
20.0,2.57,1.74,2.7,5.98931813,264.4851532,100.0,1.0,2.0,0.0,5.735,0,38.82559487
20.0,3.05,2.7,7.74,6.771332503,219.9277355,100.0,2.0,8.0,0.0,3.043,1,87.82547309
27.0,7.86,3.92,0.81,6.02257228,142.1124264,100.0,4.0,2.0,1.0,6.507,1,5.083292999
33.0,7.44,2.76,3.98,4.476187461,224.0132565,100.0,4.0,3.0,1.0,6.586,1,43.68024751
36.0,4.34,2.79,3.42,8.492551387,87.14479129,100.0,2.0,4.0,0.0,2.884,1,71.89652307
22.0,8.38,7.07,2.61,7.835018729,188.9586375,94.11,2.0,2.0,1.0,6.967,2,17.00713112
16.0,10.2,7.86,5.16,8.264072041,82.70189551,98.36,0.0,7.0,1.0,4.912,2,42.484234
35.0,2.42,1.63,1.05,3.830749943,206.1476721,100.0,2.0,3.0,0.0,4.895,0,17.83315897
15.0,6.98,3.41,5.73,7.629328078,139.0754997,100.0,0.0,9.0,1.0,4.971,1,52.25711612
29.0,8.89,5.56,7.84,7.030979434,46.24466383,100.0,1.0,7.0,1.0,2.833,2,80.00522028
15.0,4.52,1.6,6.44,8.202681925,150.2562339,100.0,0.0,5.0,0.0,3.508,0,95.49242798
19.0,5.08,3.59,6.88,5.148557043,96.41976275,100.0,3.0,7.0,0.0,2.296,1,63.75113417
30.0,8.14,5.98,2.88,6.517502160499999,297.2408052,86.98,1.0,1.0,1.0,8.426,2,-2.302260861
33.0,10.98,9.65,2.6,4.267172077,267.6052598,61.74,4.0,1.0,1.0,10.31,2,7.297475257
18.0,10.1,4.61,4.14,6.719515955,286.2208287,100.0,0.0,3.0,1.0,9.448,1,28.62432687
17.0,7.83,2.44,0.37,5.234942371,165.8673827,98.95,3.0,1.0,1.0,7.044,1,2.534667104
31.0,9.3,5.83,7.56,7.813342492,213.8370598,100.0,1.0,8.0,1.0,6.662,2,73.19015796
31.0,5.65,4.09,1.15,7.694746347,159.5749766,100.0,1.0,4.0,0.0,5.78,1,21.70255767
26.0,8.41,6.51,7.22,5.872082018,74.79119965,100.0,2.0,7.0,1.0,2.939,2,67.81864086
28.0,6.66,2.77,0.67,7.322506601,84.22062041,96.19,1.0,3.0,1.0,4.689,1,23.81395687
35.0,3.9,1.78,6.58,4.248574973,71.77483348,100.0,4.0,5.0,0.0,1.396,0,67.43295196
20.0,9.02,5.48,1.22,7.162445077,162.1102247,81.52,0.0,1.0,1.0,7.504,2,10.21318937
17.0,7.56,3.77,0.31,6.009099598,127.8578345,89.67,2.0,4.0,1.0,6.207,1,17.82199257
23.0,5.59,4.56,5.76,4.852483501,78.9556501,100.0,4.0,6.0,0.0,2.627,1,35.52415241
19.0,11.11,6.49,2.24,7.892327714,285.3174408,81.59,2.0,2.0,1.0,10.423,2,13.87135434
38.0,7.0,1.72,5.72,4.69236557,30.3583787,100.0,4.0,7.0,1.0,0.149,0,64.4681865
31.0,5.16,3.771381605,4.44,6.689446575,174.6830828,100.0,1.0,1.0,0.0,4.948,1,59.06738376
28.0,2.57,1.96,0.87,8.698199631,37.58821456,100.0,2.0,2.0,0.0,1.904,0,44.64968677
35.0,9.67,4.83,7.46,8.148004622,8.2285278,100.0,1.0,6.0,1.0,3.057,1,69.09853669
17.0,9.02,7.21,3.62,8.097094756,48.75862675,100.0,0.0,3.0,1.0,3.864,2,43.51934911
15.0,5.31,2.47,5.88,4.955960408,33.03999229,100.0,4.0,7.0,0.0,1.811,1,61.8097513
34.0,8.76,5.5,4.01,8.011358834,239.1936063,94.29,2.0,4.0,1.0,7.937,2,37.32704731
35.0,7.0,2.55,4.83,5.868710633,33.98522387,100.0,3.0,3.0,0.0,2.791,1,58.14806473
37.0,9.56,5.6,2.42,8.463907612,251.0058567,100.0,1.0,3.0,1.0,5.462,2,7.997595437
15.0,6.54,3.21,1.6,7.01237361,76.77967245,100.0,0.0,4.0,1.0,4.21,1,35.91896843
17.0,6.12,2.82,4.34,6.801251023,173.1900016,100.0,2.0,1.0,1.0,5.198,1,50.30829264
32.0,11.35,9.99,3.52,4.741882985,228.7031125,69.13,4.0,3.0,1.0,9.039,2,-2.760024894
39.0,4.51,1.79,3.12,6.517502160499999,8.769126855,100.0,1.0,2.0,0.0,1.919,0,52.8554299
24.0,3.2,2.47,5.38,7.933191002,78.21163755,100.0,2.0,5.0,0.0,1.726,1,88.73284397
36.0,7.85,6.99,5.52,8.147041733,266.1299953,96.1,0.0,6.0,1.0,7.189,2,38.04558956
17.0,11.69,3.65,0.37,4.044059594,139.7510491,86.52,3.0,2.0,1.0,8.534,1,5.477972942
22.0,5.78,4.16,2.71,8.301758939,40.67664191,100.0,0.0,3.0,0.0,2.757,1,35.45306216
28.0,2.62,1.18,3.29,4.540612458,76.7014073,100.0,2.0,3.0,0.0,1.843,0,30.69093626
38.0,5.39,1.75,0.78,6.626282222,74.01353376,100.0,1.0,1.0,0.0,4.121,0,48.94269199
32.0,7.06,3.82,1.89,6.995433112,245.2741109,98.57,0.0,3.0,1.0,7.943,1,7.224918737
29.0,3.62,3.12,0.41,4.189815066,44.5235225,100.0,3.0,1.0,0.0,2.287,1,-5.733304868
36.0,8.58,2.63,7.97,3.593902506,145.6872619,100.0,2.0,5.0,1.0,4.699,1,73.35690396
37.0,11.98,7.82,5.89,7.915770281,268.9082317,95.13,1.0,5.0,1.0,9.083,2,29.68173534
16.0,6.52,3.92,0.7,6.212561392,260.3701163,92.58,3.0,1.0,1.0,7.93,1,9.955838618
24.0,5.55,4.57,0.16,4.629063619,149.36774,94.11,3.0,4.0,0.0,5.607,1,-5.488047427
16.0,6.01,2.11,5.75,7.551252856,163.561794,100.0,1.0,7.0,1.0,4.62,1,74.4414062
31.0,4.725,2.23,3.51,7.912233625,503.9879332,100.0,2.0,2.0,0.0,5.462,1,52.36676113
22.0,10.83,7.67,6.29,7.219393351,165.9822073,100.0,0.0,9.0,1.0,5.462,2,21.59368798
27.0,6.15,4.31,7.39,4.77865022,19.85178114,100.0,4.0,6.0,1.0,1.438,1,72.71739462
23.0,5.87,5.08,4.79,3.369396206,68.70696597,100.0,3.0,4.0,0.0,2.958,2,11.58827822
25.0,8.6,6.83,1.5,7.598946761,206.6100229,84.18,2.0,2.0,1.0,7.95,2,-3.096074625
36.0,6.42,2.09,6.26,7.078845982,235.5673769,100.0,1.0,5.0,1.0,5.852,1,73.38388806
30.0,8.48,4.94,7.65,7.013723224,287.0824105,100.0,1.0,8.0,1.0,7.425,1,68.38915675
27.0,2.61,1.41,4.64,8.039860026,195.6270341,100.0,2.0,4.0,0.0,3.433,0,55.55747946
24.0,10.14,4.93,5.46,6.585454231,129.834551,100.0,1.0,7.0,1.0,6.392,1,27.64482897
37.0,11.41,6.51,2.7,4.815108923,76.61890866,89.29,2.0,2.0,1.0,6.435,2,5.448756057
17.0,12.735,4.5,3.05,8.401523521,470.2517885,99.36,1.0,1.0,1.0,7.61,1,13.76926152
32.0,11.55,6.46,5.88,7.128527028,78.64841539,100.0,1.0,6.0,1.0,5.911,2,49.60754243
39.0,3.51,3.12,7.42,7.03308591,117.0072393,100.0,1.0,7.0,0.0,1.689,1,80.80646559
38.0,6.77,2.39,5.03,8.245661532,87.79137896,100.0,0.0,7.0,1.0,3.876,1,99.38724586
27.0,8.02,6.84,6.32,8.852177513,204.6532598,100.0,2.0,9.0,1.0,6.214,2,44.35815964
21.0,11.73,4.6,1.37,6.597974691,605.6816243,92.15,0.0,2.0,1.0,9.239,1,1.272820837
39.0,6.01,3.771381605,1.7,5.507875374,97.28013852,100.0,3.0,1.0,1.0,4.455,1,-0.320223809
18.0,5.38,4.29,4.26,9.153715142,160.5786541,100.0,1.0,1.0,0.0,4.692,1,36.179356595
27.0,3.27,1.69,1.41,7.621982765,155.08531,100.0,1.0,3.0,0.0,4.172,0,44.24166015
34.0,7.0,3.3,5.08,6.811986291,8.871507471,100.0,0.0,9.0,0.0,5.462,1,70.6320328
27.0,3.63,1.98,2.33,6.517502160499999,140.1042206,100.0,0.0,4.0,0.0,3.876,0,36.76368762
22.0,9.34,4.9,6.33,6.522884975,34.60183655,100.0,2.0,7.0,1.0,3.191,1,39.61669359
28.0,4.09,3.5,6.46,8.99929753,28.04801653,100.0,0.0,5.0,0.0,0.567,1,74.92314516
30.0,2.59,2.07,3.71,6.907614166,236.1191575,100.0,1.0,2.0,0.0,5.442,1,39.62928101
28.0,7.52,2.75,4.1412097370000005,8.202751472,81.52877227,100.0,2.0,1.0,1.0,5.025,1,43.39696028
26.0,11.925,2.9,5.17,8.723913812,571.3873896,100.0,0.0,6.0,1.0,7.724,1,79.51415782
33.0,10.72,5.97,7.94,7.965755322,117.8557468,100.0,2.0,6.0,1.0,5.158,2,81.84880473
37.0,7.77,2.79,4.98,8.694865417,183.978065,100.0,2.0,2.0,1.0,6.331,1,54.09970852
29.0,5.45,3.66,0.29,8.747881352,79.25664484,100.0,1.0,1.0,0.0,4.218,1,29.8652651
16.0,10.03,3.87,0.14,5.620482507,232.5905696,87.95,3.0,1.0,1.0,9.993,1,-0.22347284
16.0,7.0,4.54,2.56,5.187045649,200.2610996,88.41,3.0,3.0,0.0,5.462,1,12.54502128
37.0,2.79,0.85,1.57,7.999103039,195.8928291,100.0,1.0,2.0,0.0,4.644,0,65.38708903
36.0,7.66,3.75,6.5,5.700890698,252.5332079,100.0,2.0,8.0,1.0,6.22,1,66.55365334
33.0,11.08,7.83,6.76,4.871000645,105.0036721,92.88,4.0,5.0,1.0,5.092,2,26.63413386
39.0,5.96,3.52,2.07,4.363165004,89.48452085,93.72,4.0,1.0,0.0,4.399,1,23.93951186
36.0,4.96,4.4,2.61,5.339564431,77.94860754,98.37,3.0,2.0,0.0,3.557,1,5.45366889
36.0,3.43,2.83,1.89,7.348471341,27.65064191,100.0,2.0,1.0,0.0,2.048,1,32.5462468
31.0,3.51,1.81,7.27,6.849922551,267.270642,100.0,0.0,9.0,0.0,4.814,0,81.63064664
34.0,6.33,2.07,4.02,4.356173841,137.2421156,100.0,4.0,1.0,1.0,4.659,1,40.25234515
24.0,7.96,6.43,5.25,8.884973692,189.7129251,100.0,1.0,9.0,1.0,6.385,1,30.39404182
20.0,2.81,2.38,3.32,5.450875699,277.1749237,100.0,2.0,2.0,0.0,6.029,1,39.21472073
29.0,11.4,9.03,5.05,7.84935983,130.6269321,87.02,2.0,7.0,1.0,6.845,2,22.55129334
36.0,9.55,3.6,3.09,6.517502160499999,270.0254966,100.0,2.0,3.0,1.0,9.548,1,22.88439262
25.0,7.87,7.07,2.72,7.19398873,39.97454827,100.0,1.0,3.0,1.0,4.259,2,12.00867641
19.0,10.28,4.68,5.08,6.517502160499999,86.21664251,100.0,0.0,8.0,1.0,5.536,1,32.25277856
15.0,2.8,2.06,4.73,5.838041173,116.2426782,100.0,2.0,1.0,0.0,2.401,1,58.26167991
22.0,6.77,3.771381605,2.35,7.902343016,33.38458144,100.0,2.0,3.0,1.0,3.3,2,-1.249705582
35.0,8.3,3.66,1.19,6.517502160499999,77.72662715,93.81,3.0,2.0,1.0,5.153,1,3.013606473
26.0,10.29,8.69,2.95,9.052555174,271.929026,78.18,2.0,3.0,1.0,9.72,2,-4.636341442
26.0,9.83,4.77,3.32,7.441644233,299.5091218,98.73,1.0,4.0,1.0,9.279,1,10.55440277
19.0,4.77,4.23,5.03,5.571148202,84.51959316,100.0,2.0,8.0,0.0,2.696,1,33.82398725
21.0,11.41,5.35,7.32,7.854123618,239.6380845,100.0,2.0,8.0,1.0,7.829,2,63.95029906
18.0,3.24,2.83,0.29,4.504130001,284.6983131,95.2,2.0,2.0,0.0,6.973,1,-1.540663635
20.0,10.75,3.57,1.95,7.357497356,231.8629396,95.93,2.0,2.0,1.0,9.61,1,17.44956365
27.0,11.71,8.5,1.55,8.99932444,74.86280268,94.46,0.0,2.0,1.0,6.97,2,12.64843203
34.0,3.77,2.33,4.02,4.789691376,172.7301434,100.0,2.0,3.0,0.0,4.199,1,43.46278516
29.0,9.22,5.41,3.44,7.224674832,235.5824377,100.0,2.0,2.0,1.0,7.998,2,28.29050535
17.0,2.4,1.04,5.83,6.883002056,289.5482006,100.0,1.0,8.0,0.0,5.171,0,79.28479995
37.0,6.05,4.38,1.94,7.726849358,102.9373786,100.0,1.0,3.0,1.0,3.523,1,24.13384025
22.0,7.16,2.97,4.76,4.611009259,277.0498255,100.0,2.0,1.0,1.0,7.632,1,36.62497989
34.0,7.81,3.771381605,7.07,6.638556848,49.3535118,100.0,1.0,8.0,1.0,2.624,1,56.94190885
30.0,11.36,5.13,7.29,9.040721684,191.6544173,100.0,1.0,9.0,1.0,7.173,2,70.42376002
27.0,8.72,7.62,7.67,5.223093306,55.72357809,100.0,3.0,7.0,1.0,2.999,2,32.32840582
32.0,6.81,2.16,6.19,7.35626233,59.7768936,100.0,0.0,9.0,1.0,2.988,1,76.91029104
24.0,10.1,4.24,7.25,6.765161552,117.2890321,100.0,0.0,5.0,1.0,4.955,1,55.09643905
33.0,11.51,5.13,1.88,6.213879082,144.6800083,89.08,1.0,2.0,1.0,8.051,2,13.40617621
31.0,7.0,1.22,1.58,6.696043682,251.893463,100.0,1.0,4.0,0.0,5.462,0,57.02036325
38.0,11.83,5.2,0.05,6.109087286,194.9539346,81.58,2.0,4.0,1.0,9.58,2,0.78315112
33.0,2.86,1.7,5.65,5.253430056,72.81778791,100.0,4.0,6.0,0.0,1.055,0,77.94280186
37.0,10.14,8.35,7.5,8.985974034,148.7096115,100.0,0.0,9.0,1.0,6.32,2,48.19034102
19.0,4.8,3.49,1.5,8.367505646,287.3084422,100.0,1.0,2.0,0.0,7.65,1,17.7526982
35.0,3.32,2.15,5.1,4.457510398,288.6060857,100.0,3.0,9.0,0.0,6.09,1,67.91677416
37.0,6.4,2.26,5.97,6.776908102,42.27096659,100.0,0.0,7.0,1.0,1.889,1,69.14761408
23.0,8.44,6.05,7.42,8.501541894,112.7196881,100.0,0.0,6.0,1.0,4.014,2,39.85233023
26.0,5.81,2.32,5.17,8.649051362,135.8257545,100.0,0.0,8.0,0.0,4.114,1,83.35283561
35.0,2.55,1.97,4.1412097370000005,9.156762324,309.5096092,100.0,2.0,4.0,0.0,5.462,0,101.1598362
15.0,7.0,3.771381605,2.76,9.043621091,147.1653558,100.0,0.0,1.0,0.0,5.462,1,30.55663025
15.0,11.02,6.06,2.8,4.671894185,242.1706273,83.21,2.0,2.0,1.0,9.35,2,-0.120269806
29.0,5.83,2.97,4.34,8.792920258,34.81829324,100.0,1.0,2.0,1.0,2.553,1,65.72824218
16.0,4.16,3.39,3.07,8.202535977,281.2978249,97.03,2.0,4.0,0.0,6.919,1,34.11824354
36.0,6.43,2.42,0.01,6.077928066,34.20513177,100.0,2.0,4.0,1.0,4.092,1,17.32885647
30.0,2.48,1.59,5.85,6.520643789,19.89554546,100.0,3.0,9.0,0.0,0.005,0,66.57502595
39.0,10.2,3.93,6.01,6.925724322,190.0848838,100.0,0.0,7.0,1.0,7.557,1,51.88232235
22.0,10.26,7.42,5.98,6.787639586,79.98857178,100.0,1.0,5.0,1.0,5.316,2,34.70376088
27.0,7.88,6.64,2.76,5.058860739,37.45297574,88.84,2.0,4.0,1.0,4.212,2,0.046942494
35.0,8.295,3.1,4.18,6.517502160499999,538.7402582,97.98,0.0,4.0,0.0,7.051,1,27.96666146
15.0,10.0,5.93,2.88,5.133867774,129.2064164,88.0,2.0,1.0,1.0,6.776,2,36.179356595
30.0,7.55,6.47,0.13,5.802510606,221.8988387,83.53,0.0,1.0,1.0,8.156,2,2.251441228
21.0,10.26,6.29,4.5,6.506270211,21.28116504,100.0,2.0,3.0,1.0,4.44,2,25.81537468
19.0,8.31,4.92,0.99,7.319870963,186.4705626,93.77,1.0,2.0,1.0,7.338,1,14.32433705
36.0,9.84,6.37,0.64,4.347598273,79.64132526,83.52,3.0,1.0,1.0,6.808,2,-5.851726348
37.0,7.99,5.7,6.04,8.385682763,190.8469124,100.0,1.0,8.0,1.0,5.363,2,46.49015906
17.0,6.14,2.24,0.08,8.309656492,121.7556472,100.0,1.0,3.0,1.0,5.366,1,17.66279196
26.0,11.58,9.18,7.67,8.866463236,183.6771486,100.0,2.0,7.0,1.0,7.569,2,30.56768107
30.0,7.41,4.16,4.12,8.709021785,214.0180239,100.0,0.0,4.0,1.0,6.629,1,47.96391936
33.0,8.05,2.76,7.86,4.160346073,89.07234539,100.0,4.0,5.0,1.0,3.687,1,36.179356595
19.0,4.2,3.24,0.46,5.654030962,215.3349277,88.61,2.0,2.0,1.0,5.942,1,36.179356595
36.0,8.26,4.35,4.1412097370000005,4.494887257,133.8410017,96.42,4.0,1.0,1.0,5.209,1,19.77421213
39.0,7.72,2.78,2.79,8.871860362,245.9101989,100.0,2.0,1.0,1.0,7.603,1,44.60687556
28.0,3.85,2.62,6.75,5.765270073,244.4475161,100.0,3.0,7.0,0.0,5.26,1,68.13474014
19.0,2.6,2.15,2.89,6.899880781,80.88304448,100.0,2.0,3.0,0.0,2.253,1,25.73371968
29.0,8.04,6.69,2.08,8.081283974,175.9520401,85.28,2.0,2.0,1.0,6.996,2,4.822867023
31.0,7.0,8.43,6.86,8.223498101,163.3632609,100.0,0.0,7.0,1.0,5.802,2,36.179356595
27.0,7.23,5.93,3.0,7.965953945,266.7248971,92.38,2.0,3.0,1.0,7.895,2,18.88768824
34.0,4.27,1.29,0.13,7.041729875,94.43586475,100.0,0.0,4.0,0.0,4.036,0,42.44889309
19.0,8.67,4.58,3.12,6.187801222,53.47759013,100.0,1.0,1.0,1.0,4.939,1,14.88742907
26.0,4.2,2.22,5.24,7.217430337,281.6175825,100.0,2.0,6.0,0.0,2.708,1,67.12013933
30.0,6.42,3.34,2.03,4.535643885,19.78927801,100.0,4.0,3.0,1.0,3.201,1,16.50006721
30.0,3.63,2.4,3.46,6.517502160499999,58.00922124,100.0,1.0,3.0,0.0,1.697,1,54.86504906
35.0,3.84,2.55,0.45,5.992771915,240.4930892,97.47,2.0,1.0,0.0,6.305,1,26.28786918
21.0,4.02,2.09,4.7,4.022050849,245.3238329,100.0,3.0,2.0,0.0,5.462,1,33.26326395
18.0,5.87,4.95,6.05,8.790178013,255.3826558,100.0,1.0,7.0,0.0,6.5,1,40.66201569
15.0,7.0,1.51,3.31,7.169446412,236.5967837,100.0,0.0,4.0,0.0,4.802,0,52.24953619
19.0,7.0,3.46,3.36,8.267278967,165.9822073,100.0,0.0,1.0,0.0,5.462,1,54.22593924
37.0,10.68,6.4,0.71,8.180719285,178.2325173,98.26,0.0,1.0,1.0,4.947,2,8.499933377
24.0,6.83,4.07,1.62,8.772122613,140.7510665,100.0,2.0,2.0,1.0,5.749,1,28.24591183
36.0,5.83,2.37,1.24,4.230122703,258.3902179,98.71,2.0,1.0,0.0,7.703,1,36.179356595
19.0,10.39,6.32,3.85,5.618933814,94.58338329,81.21,4.0,2.0,1.0,6.54,2,4.674391251
18.0,3.45,2.72,4.23,8.724197531,305.1613047,100.0,0.0,4.0,0.0,6.416,1,45.43406442
16.0,7.06,5.41,7.59,8.21481795,57.55362771,100.0,0.0,6.0,1.0,2.353,1,86.80881195
34.0,2.62,2.03,0.59,6.358077589,165.9822073,100.0,2.0,3.0,0.0,2.273,1,36.179356595
24.0,2.71,1.96,4.8,6.718505126,82.00449351,100.0,2.0,2.0,0.0,1.735,0,70.83963293
33.0,7.74,3.5,4.21,4.408854519,75.15228616,100.0,3.0,1.0,1.0,4.107,1,23.02902805
15.0,7.66,6.26,4.13,8.19148896,223.7625261,100.0,1.0,3.0,1.0,6.311,2,38.44789861
38.0,16.17,9.01,6.99,4.723059132,454.7179022,85.2,4.0,9.0,1.0,8.093,2,25.09529874
19.0,7.58,3.16,1.64,4.737549238,110.365909,100.0,4.0,2.0,1.0,5.198,1,4.916798791
27.0,11.6,4.39,0.33,7.894231185,225.5373118,97.58,2.0,3.0,1.0,10.281,1,3.083395515
18.0,2.49,2.2,5.38,5.144068898,207.4550681,100.0,2.0,8.0,0.0,4.231,1,62.52052775
30.0,2.98,2.45,2.76,8.731066918,273.4503346,100.0,1.0,4.0,1.0,5.602,1,54.74317263
38.0,2.44,2.04,0.14,4.012291172,270.6515268,93.0,2.0,4.0,0.0,5.462,1,1.623212973
30.0,3.85,3.2,2.01,4.095128608,269.445592,98.55,3.0,1.0,0.0,6.782,1,8.400337087
37.0,7.41,4.63,2.47,5.789281891,172.6879361,92.71,2.0,2.0,1.0,6.464,1,20.64664762
16.0,8.46,5.82,4.93,6.473083045,191.1459202,98.12,2.0,4.0,1.0,6.111,2,26.63357266
31.0,2.46,1.54,4.1412097370000005,5.373775483,300.3829503,100.0,3.0,2.0,0.0,5.462,0,19.15106689
34.0,7.0,3.79,3.3,6.517502160499999,213.216378,100.0,2.0,1.0,0.0,5.462,1,32.83157521
38.0,7.0,7.79,3.86,6.030299464,225.8696956,87.59,1.0,2.0,1.0,8.232,2,36.179356595
26.0,4.97,3.0,3.67,8.027138256,259.8441616,100.0,2.0,1.0,0.0,5.462,1,27.04714115
32.0,2.77,1.91,7.79,3.937269059,98.6438216,100.0,4.0,9.0,0.0,0.728,0,68.83320358
17.0,3.7,2.23,0.36,8.600200345,127.722705,100.0,2.0,2.0,0.0,4.282,1,24.42377129
15.0,3.27,1.95,7.61,7.613864671,116.9738515,100.0,2.0,6.0,0.0,1.332,0,99.43293688
15.0,3.23,1.3,4.66,5.480816912,163.2424618,100.0,3.0,2.0,0.0,3.257,0,56.6692088
33.0,7.19,3.36,6.37,3.607868579,176.9156357,100.0,3.0,5.0,1.0,5.544,1,49.07702917
25.0,4.46,1.76,3.44,7.096655268,88.44483152,100.0,0.0,2.0,0.0,2.858,0,63.52519467
19.0,5.58,2.33,3.63,5.124518451,217.3781841,100.0,2.0,1.0,0.0,6.281,1,40.01065137
26.0,11.9,10.52,7.03,5.48196531,127.5604185,83.1,3.0,6.0,1.0,6.181,2,22.18112839
17.0,8.84,3.46,7.17,4.960918383,196.3383687,100.0,4.0,8.0,1.0,6.089,1,58.02752504
15.0,11.49,3.771381605,1.91,7.577572111,112.1026444,96.65,0.0,4.0,1.0,7.332,2,1.449976821
27.0,3.43,2.24,1.59,6.9655956,236.5822048,100.0,2.0,2.0,0.0,6.138,1,23.1810583
22.0,5.82,3.88,3.97,4.044400114,137.855348,100.0,3.0,4.0,0.0,4.959,1,12.01148087
24.0,7.55,2.96,7.2,6.818706268,216.5904837,100.0,1.0,8.0,1.0,5.915,1,63.62654136
25.0,2.77,2.15,2.58,7.677530234,193.6029008,100.0,1.0,2.0,0.0,4.571,1,41.0398727
26.0,2.04,1.57,5.22,3.838962954,70.95306468,100.0,4.0,7.0,1.0,0.914,1,55.06499445
27.0,8.7,3.85,5.67,9.386697667,233.6846426,100.0,2.0,6.0,1.0,6.949,1,75.8083023
26.0,8.42,3.98,6.23,6.81850462,165.9822073,100.0,1.0,9.0,1.0,7.061,1,60.86416324
28.0,6.11,5.27,4.51,8.367254794,10.48227371,100.0,2.0,3.0,1.0,2.582,2,31.98019033
16.0,7.0,5.49,3.22,4.929384721,75.64047355,97.72,4.0,2.0,0.0,5.462,2,6.668469
33.0,6.15,4.42,7.74,8.430474097,180.3737527,100.0,1.0,9.0,1.0,4.393,1,36.179356595
32.0,2.24,0.78,4.89,7.363297113,114.545858,100.0,2.0,1.0,0.0,2.273,0,78.7857303
17.0,5.35,2.95,5.83,6.81680714,258.971968,100.0,1.0,8.0,0.0,5.426,1,66.32841011
37.0,7.0,2.4,2.76,5.998323495,161.3942332,99.62,1.0,2.0,0.0,5.462,1,12.01826425
31.0,2.98,1.23,5.36,3.764674069,269.7675467,100.0,4.0,9.0,0.0,5.842,0,75.41535694
22.0,11.57,6.58,2.06,8.687684393,184.6139123,88.11,0.0,3.0,1.0,8.847,2,-0.169065417
24.0,7.99,5.28,1.96,7.049420983,323.566237,86.57,1.0,1.0,1.0,9.207,2,20.73750457
27.0,9.29,4.61,5.72,4.847638168,246.0566815,100.0,3.0,5.0,1.0,7.869,1,24.64021101
33.0,5.15,3.96,4.17,3.735131137,147.9386305,98.47,4.0,3.0,0.0,4.244,1,9.535077328
23.0,5.93,4.77,5.47,4.027172374,264.7823988,95.86,3.0,9.0,0.0,7.104,1,24.78910176
21.0,7.0,2.16,2.16,7.149733317,280.2544743,100.0,2.0,4.0,0.0,5.462,1,33.82564252
18.0,2.97,2.39,4.79,6.449220658,61.106157,100.0,1.0,4.0,0.0,1.148,1,64.63752409
35.0,3.79,1.37,3.55,6.548161637,167.9391638,100.0,1.0,4.0,0.0,4.31,0,63.62968621
32.0,9.98,8.01,4.78,6.14494036,152.3852172,74.67,2.0,3.0,1.0,6.836,2,3.932751203
27.0,8.78,3.44,2.33,6.929102816,263.317103,100.0,0.0,3.0,1.0,9.271,1,29.71564009
25.0,7.47,3.771381605,5.72,6.492259966,50.55088279,100.0,2.0,6.0,1.0,2.779,1,82.1317729
38.0,6.75,3.771381605,6.45,4.083836338,76.3445001,100.0,4.0,5.0,1.0,2.98,1,48.5542277
18.0,11.22,6.54,2.08,6.517502160499999,268.1541613,76.04,2.0,3.0,1.0,10.626,2,36.179356595
39.0,2.73,2.31,2.4,4.035257384,39.82546223,100.0,4.0,3.0,0.0,1.745,1,36.179356595
35.0,4.81,2.49,5.29,8.3478312,230.4238334,100.0,2.0,9.0,1.0,5.418,1,81.86030305
39.0,5.5,2.6,5.56,7.546684609,159.5644185,100.0,2.0,7.0,0.0,4.422,1,46.13923653
18.0,9.82,5.9,5.63,8.505390459,131.5109223,100.0,0.0,8.0,1.0,5.641,2,21.42002921
24.0,11.93,6.84,5.46,5.617523342,121.1198428,100.0,4.0,7.0,1.0,6.227,2,21.68053641
19.0,4.41,2.23,3.14,8.014736501,112.0027567,100.0,0.0,1.0,0.0,3.003,1,62.30527462
23.0,10.74,7.69,3.16,6.849953289,97.0119395,90.54,2.0,4.0,1.0,6.122,2,4.823848629
38.0,10.31,7.79,2.04,5.968631611,250.3247372,73.16,0.0,4.0,1.0,9.363,2,-3.204509803
17.0,4.25,3.45,1.25,5.203527004,179.890778,99.13,2.0,3.0,0.0,5.15,1,15.63321171
31.0,5.99,5.29,5.54,8.456396653,301.2883366,100.0,0.0,8.0,0.0,7.193,2,48.18298743
17.0,6.1,2.81,0.75,8.69690181,321.1719999,93.9,0.0,1.0,1.0,8.765,1,19.12052587
30.0,11.78,8.6,7.5,5.271943759,94.10510352,97.78,4.0,9.0,1.0,5.38,1,24.64475687
18.0,3.81,2.04,6.61,4.631615873,253.5813781,100.0,2.0,9.0,0.0,5.002,1,84.51425198
32.0,9.99,7.06,6.86,7.135351569,212.0229384,97.44,2.0,8.0,1.0,7.377,2,27.19157588
31.0,7.0,3.13,7.25,8.905917373,269.4320395,100.0,1.0,7.0,0.0,5.535,1,84.22778916
21.0,9.31,8.34,3.27,7.619615791,184.3284858,83.54,1.0,4.0,1.0,7.314,2,7.959571408
38.0,6.2,4.57,6.77,5.257541373,98.27888641,100.0,4.0,8.0,1.0,3.409,1,59.33418438
37.0,7.78,6.78,1.26,5.483540205,16.74805469,86.98,2.0,2.0,1.0,4.072,2,-6.467768401
19.0,10.33,8.27,0.17,5.341096669,251.2317158,65.52,4.0,3.0,1.0,10.474,2,-5.721555034
26.0,7.0,8.45,6.28,8.797141095,251.0914694,91.77,1.0,5.0,1.0,8.056,2,33.10961843
31.0,10.66,8.41,0.6,7.329201601,252.2563524,70.06,0.0,1.0,1.0,10.35,2,-9.086169312
37.0,2.6,1.5,7.91,7.169662941,112.2842009,100.0,2.0,6.0,0.0,0.807,0,98.51332663
27.0,8.92,4.02,5.4,6.111552204,43.60681081,100.0,2.0,6.0,1.0,3.56,1,24.08110257
37.0,3.4,1.78,6.03,8.525394192,53.68396145,100.0,0.0,8.0,0.0,1.291,0,76.50845847
27.0,7.0,1.92,1.97,7.660580839,237.6042745,100.0,1.0,3.0,1.0,7.429,0,28.62415752
17.0,7.49,4.6,5.39,9.485473502,198.6971166,100.0,1.0,6.0,1.0,6.388,1,66.45480367
23.0,6.03,3.64,0.35,6.769658932,292.8741314,90.21,0.0,3.0,1.0,8.89,1,-10.02722583
31.0,7.2,4.43,4.1412097370000005,8.206492943,229.6888112,100.0,0.0,2.0,1.0,5.462,1,75.19270785
31.0,11.97,10.59,1.36,8.173308677,273.629783,57.26,0.0,3.0,1.0,11.377,2,36.179356595
34.0,3.35,2.84,5.58,5.837901323,180.9838196,100.0,2.0,6.0,0.0,3.521,1,87.47202465
30.0,8.75,3.47,1.8,6.517502160499999,267.8447339,91.87,2.0,3.0,1.0,9.295,1,13.14704662
39.0,5.96,3.11,0.55,4.535147679,136.1325891,96.55,2.0,3.0,0.0,5.555,1,-0.102722005
36.0,3.33,1.85,3.85,8.223352216,70.90024605,100.0,0.0,2.0,0.0,1.89,0,36.179356595
27.0,3.59,3.771381605,1.35,8.694957576,291.1197387,100.0,1.0,4.0,0.0,7.33,0,28.56346144
33.0,11.49,8.95,5.84,5.546120004,73.66304034,90.84,3.0,6.0,1.0,5.413,1,19.0740884
31.0,10.8,6.64,1.9,6.517502160499999,195.0940816,81.12,0.0,2.0,1.0,8.83,2,4.144624583
18.0,11.07,7.12,2.74,7.099002148,42.18876468,95.77,0.0,1.0,1.0,5.713,2,-8.530211013
26.0,11.92,9.68,4.54,7.769135867,264.688349,76.93,0.0,3.0,1.0,9.898,2,2.574009271
23.0,4.08,3.2,2.28,8.484509726,165.9822073,100.0,0.0,2.0,0.0,5.462,1,16.63465382
27.0,5.55,2.11,3.02,8.050669763,28.11682269,100.0,2.0,4.0,0.0,2.869,1,33.55787739
26.0,8.69,6.33,6.52,8.541663385,122.8073755,100.0,0.0,8.0,1.0,4.809,2,49.44370313
23.0,6.84,3.84,1.43,5.704828572,226.2181795,95.41,2.0,2.0,1.0,7.971,1,14.09450215
21.0,6.18,2.95,0.66,4.34233274,131.6293672,100.0,3.0,4.0,1.0,5.212,1,11.97516352
28.0,5.58,1.84,2.63,5.239192019,73.12803672,100.0,0.0,3.0,0.0,3.721,0,37.32772901
34.0,7.94,4.7,3.4,7.56915189,211.953452,100.0,1.0,2.0,1.0,7.17,1,32.86701656
33.0,7.76,3.98,4.34,4.857101643,219.4081409,97.08,2.0,3.0,1.0,7.178,1,19.9928618
29.0,3.61,1.63,2.98,7.244645673,191.0897765,100.0,1.0,4.0,0.0,4.031,0,40.31241343
30.0,7.0,4.82,6.32,5.798789759,196.8951961,100.0,3.0,7.0,0.0,5.462,1,48.5679217
35.0,7.53,5.74,0.31,8.177260753,56.05347106,91.3,2.0,2.0,1.0,5.172,2,2.369636114
19.0,7.7,3.44,3.45,3.765876325,277.1628909,94.22,2.0,3.0,1.0,8.195,1,36.179356595
17.0,4.1,1.35,3.06,7.832411506,101.3156005,100.0,2.0,4.0,0.0,2.712,0,64.78266826
26.0,9.42,7.62,5.18,7.873430592,158.411836,95.33,0.0,8.0,1.0,6.096,2,36.179356595
39.0,2.25,0.69,7.73,8.544000833,223.1085203,100.0,1.0,4.0,0.0,3.286,0,81.62363767
34.0,5.55,4.79,4.08,7.548800263,252.832787,100.0,1.0,4.0,0.0,6.211,1,25.65417667
35.0,9.8,6.63,7.9,6.517502160499999,149.4351369,100.0,2.0,7.0,1.0,5.45,2,48.91607965
18.0,7.64,3.77,2.42,9.187068151,85.1789279,100.0,1.0,4.0,1.0,4.914,1,23.13642669
35.0,6.915,2.06,0.25,6.474559317,492.1784322,100.0,2.0,1.0,0.0,6.93,1,12.44611799
37.0,8.95,2.73,1.33,5.384039524,104.0561725,100.0,2.0,1.0,1.0,6.256,1,14.96085798
30.0,7.67,3.38,3.16,8.412093649,165.9822073,100.0,2.0,4.0,1.0,5.462,1,19.29655047
39.0,9.96,3.81,2.53,7.918703874,252.7159205,100.0,2.0,2.0,1.0,9.261,1,12.07237474
21.0,9.35,6.24,0.78,6.246536307,67.6071718,89.82,0.0,2.0,1.0,6.081,2,3.874508647
27.0,8.1,3.24,3.46,7.395031311,256.9431689,100.0,2.0,4.0,1.0,8.332,1,45.75313895
35.0,6.88,4.25,2.7,8.235102342,161.2640275,100.0,1.0,1.0,1.0,5.71,1,20.80862349
24.0,3.33,3.771381605,0.98,9.479173584,15.2352505,100.0,0.0,1.0,0.0,1.791,1,36.25251514
21.0,4.61,2.21,2.37,9.073167825,169.7639971,100.0,1.0,1.0,0.0,5.194,1,45.59490587
28.0,6.19,1.99,7.09,5.388307581,150.1323167,100.0,2.0,8.0,1.0,4.148,0,74.75652355
19.0,7.99,2.58,2.42,7.089651644,209.1456597,100.0,2.0,4.0,1.0,7.689,1,35.1968168
17.0,7.14,2.25,5.71,4.628082922,192.9711019,100.0,4.0,9.0,1.0,4.737,1,51.55295784
37.0,4.88,3.63,4.9,5.213703061,114.9260694,100.0,2.0,2.0,0.0,2.99,1,57.03647248
27.0,2.06,1.01,3.42,8.014296722,178.5569931,100.0,2.0,1.0,0.0,3.664,0,68.42833999
25.0,6.96,5.41,4.1412097370000005,6.17006239,276.8835057,81.08,3.0,1.0,1.0,5.462,2,4.161141805
32.0,7.29,2.72,2.95,6.816606539,471.5761963,100.0,1.0,3.0,0.0,6.185,1,32.23154228
29.0,9.35,5.35,4.74,7.55556291,192.9224183,100.0,2.0,4.0,1.0,6.613,2,38.41078343
26.0,2.24,1.36,2.81,8.502337272,80.5401466,100.0,0.0,2.0,0.0,5.462,1,55.5426614
23.0,7.85,5.71,1.72,4.873905266,118.7055049,87.75,3.0,4.0,1.0,5.849,2,-2.84596784
24.0,11.41,5.3,0.93,5.51239996,219.9826817,85.38,2.0,3.0,1.0,9.466,2,-3.995833259
26.0,3.74,1.39,7.04,6.074600109,199.5099855,100.0,1.0,7.0,0.0,3.818,0,100.8492032
27.0,6.72,4.26,3.52,5.969060758,54.81352034,100.0,4.0,2.0,1.0,2.944,1,30.43260665
20.0,2.91,1.44,5.0,9.603315037,275.6497958,100.0,0.0,2.0,0.0,4.975,1,78.68028729
21.0,12.39,4.67,3.92,8.341040343,360.6031066,100.0,0.0,4.0,1.0,6.334,1,28.09041213
28.0,7.51,5.17,6.98,6.746439237,290.4286841,100.0,0.0,6.0,1.0,7.301,2,52.82337114
27.0,6.07,3.62,4.38,8.440883818,51.80730149,100.0,1.0,2.0,1.0,2.581,1,37.15494087
22.0,7.21,4.85,3.85,6.08884022,209.5710632,93.22,3.0,4.0,1.0,6.61,1,6.234280153
24.0,10.97,6.87,7.4,8.195904925,135.6252653,100.0,1.0,7.0,1.0,6.305,2,43.32488615
23.0,3.96,2.95,5.76,4.059051899,89.44469081,100.0,3.0,5.0,0.0,1.632,1,66.97123408
32.0,2.23,1.61,0.89,8.050713996,225.5046778,100.0,2.0,3.0,0.0,4.888,0,40.43161698
16.0,10.62,6.59,1.42,5.407759922,41.56545072,84.18,0.0,3.0,1.0,5.784,2,2.883033182
19.0,7.77,5.5,6.3,4.632100379,122.2205474,100.0,4.0,5.0,1.0,5.135,2,48.78646012
19.0,10.91,8.99,6.69,5.40262558,55.93680149,89.29,3.0,4.0,1.0,4.048,2,21.26748225
20.0,7.97,4.46,4.36,6.116910672,125.4735049,100.0,2.0,3.0,1.0,5.097,1,26.34098653
33.0,10.1,5.53,4.44,8.224027563,18.21297348,100.0,1.0,1.0,1.0,4.318,2,41.29735562
22.0,6.3,4.78,5.06,4.951464475,157.2345972,100.0,2.0,8.0,1.0,4.252,1,24.05337887
30.0,9.5,6.17,3.51,7.078385657,78.65841336,100.0,2.0,3.0,1.0,5.957,2,25.21584808
27.0,11.13,3.81,5.44,6.943964295,274.3948662,100.0,2.0,5.0,1.0,9.513,1,55.68171625
15.0,7.72,6.45,0.87,7.833565801,250.5722064,74.73,0.0,1.0,1.0,9.139,2,-0.70222543
36.0,3.81,1.21,7.69,7.693951842,206.3647232,100.0,1.0,8.0,0.0,3.318,0,108.8509699
34.0,4.69,3.51,6.0,4.400598303,211.983346,100.0,2.0,9.0,1.0,5.105,1,28.27975284
31.0,3.99,3.01,5.05,7.330072392,61.74403651,100.0,0.0,7.0,0.0,1.76,1,36.179356595
21.0,4.47,3.9,2.53,9.158020265,226.4276989,100.0,0.0,4.0,0.0,5.956,1,23.08749569
39.0,5.06,1.68,1.29,7.101177423,44.60547387,100.0,0.0,3.0,0.0,3.363,0,36.179356595
27.0,7.55,4.97,3.27,7.124532527,123.2364046,100.0,0.0,1.0,1.0,5.174,1,17.25724579
18.0,7.88,4.39,5.29,7.567183539,292.1605329,100.0,2.0,5.0,1.0,8.173,1,36.179356595
18.0,6.26,3.12,5.07,6.231483083,15.7530186,100.0,3.0,7.0,1.0,2.109,1,46.88378492
20.0,8.15,2.89,3.06,6.986654871,165.9822073,100.0,2.0,3.0,1.0,5.462,1,34.20099172
33.0,2.82,1.8,4.91,8.939941487,278.3226511,100.0,1.0,4.0,0.0,5.377,0,60.74838176
26.0,4.32,1.69,6.51,3.640417146,188.2003412,100.0,3.0,5.0,0.0,1.387,0,66.74512184
36.0,3.72,1.35,0.21,8.713583875,40.02737517,100.0,0.0,2.0,0.0,3.017,0,60.3783988
21.0,7.18,4.79,3.6,4.920781236,290.0246593,93.66,2.0,4.0,1.0,8.25,1,1.24014769
24.0,4.14,3.08,6.07,6.001706934,231.0960398,100.0,2.0,8.0,0.0,4.969,1,61.0237517
33.0,4.83,3.67,4.37,8.196638,65.06722483,100.0,0.0,3.0,0.0,2.764,1,57.03049374
21.0,6.0,5.06,5.21,8.051646614,217.9448597,100.0,2.0,7.0,0.0,5.397,2,33.36977848
17.0,10.12,5.52,4.13,7.672923794,50.18363593,100.0,1.0,1.0,1.0,4.781,2,39.91920672
27.0,2.14,1.87,7.93,9.827965127,320.4945762,100.0,2.0,5.0,0.0,4.571,0,104.2879703
27.0,8.49,6.96,4.1412097370000005,6.156558541,249.3919639,73.64,2.0,3.0,1.0,8.813,2,1.924220449
32.0,8.69,4.15,3.93,6.969657643,85.16862366,100.0,1.0,2.0,1.0,4.626,1,26.18993726
34.0,9.99,3.95,0.73,5.965833789,123.768817,100.0,4.0,4.0,1.0,6.756,1,11.9675119
22.0,11.33,6.36,1.28,5.816141337,243.6591417,69.86,4.0,2.0,1.0,9.541,2,1.127395311
23.0,2.2,1.19,3.06,5.735013378,226.9230443,100.0,0.0,4.0,0.0,4.562,0,66.4741622
21.0,3.54,2.28,1.24,7.609044539,165.9822073,100.0,1.0,3.0,0.0,2.038,1,20.15798938
27.0,10.86,7.06,7.71,6.040013433,222.5319542,99.16,0.0,9.0,1.0,7.937,2,45.58325462
17.0,6.59,4.94,7.57,7.955004109,224.9811352,100.0,2.0,6.0,1.0,5.264,1,36.179356595
27.0,7.65,4.64,4.1412097370000005,7.106439761,239.0181714,100.0,1.0,3.0,1.0,8.198,1,23.95144031
39.0,8.63,3.13,5.12,4.569062483,296.6983152,100.0,3.0,7.0,1.0,8.559,1,17.84043755
31.0,8.79,7.16,4.27,6.974884678,100.6380542,100.0,0.0,2.0,1.0,5.474,2,32.9582523
39.0,11.32,5.5,6.52,6.195033819,251.5087546,100.0,0.0,5.0,1.0,8.484,2,56.88260967
38.0,11.97,10.57,5.02,6.591484717,129.8465069,80.79,1.0,8.0,1.0,6.939,2,-3.934559151
15.0,9.2,3.41,0.0,8.405141364,78.44653409,94.63,0.0,1.0,1.0,6.28,1,8.79844904
20.0,4.87,4.26,6.11,6.941766583,154.7444326,100.0,0.0,4.0,0.0,3.882,1,59.07728909
35.0,10.8,3.83,5.97,8.769854598,66.05966778,100.0,0.0,9.0,1.0,4.749,1,36.179356595
20.0,2.49,1.09,4.08,7.559147449,165.9822073,100.0,0.0,2.0,0.0,5.462,0,59.09543758
26.0,4.31,1.41,7.22,7.114165909,254.5336433,100.0,1.0,5.0,0.0,5.109,0,102.3908213
27.0,10.97,7.93,7.27,8.236218664,149.9387416,100.0,0.0,6.0,1.0,6.204,2,50.0976014
27.0,4.56,3.69,4.19,4.561394502,99.66923095,100.0,4.0,4.0,0.0,3.103,1,42.37186862
29.0,4.21,3.771381605,4.86,4.645310071,234.4087335,100.0,4.0,2.0,0.0,5.767,1,49.07427837
35.0,3.38,2.9,7.97,4.466211387,275.2014661,100.0,2.0,8.0,0.0,4.599,1,69.67807805
30.0,10.59,6.93,2.39,6.412665339,282.6608978,79.39,2.0,4.0,1.0,10.278,2,0.043811079
36.0,7.0,4.75,2.6,5.57228394,276.7360979,95.82,2.0,2.0,1.0,8.08,1,20.72180491
35.0,8.75,7.06,1.46,9.57100701,229.7827617,88.46,2.0,4.0,1.0,8.417,2,4.712548692
25.0,4.39,2.1,7.17,6.559872945,277.0787334,100.0,0.0,7.0,0.0,4.984,1,82.63128674
19.0,9.58,4.91,5.96,6.517502160499999,272.2835125,100.0,2.0,9.0,1.0,8.182,1,52.93320841
18.0,9.6,8.1,0.85,5.893373773,111.4517283,79.54,3.0,1.0,1.0,6.385,2,2.710686498
17.0,5.13,4.31,7.85,5.200310533,151.2252902,100.0,2.0,8.0,0.0,3.77,1,74.8544272
33.0,6.11,5.41,5.85,6.134095693,236.6109845,100.0,4.0,6.0,1.0,5.92,2,25.64178679
34.0,4.1,3.45,4.1412097370000005,6.517502160499999,143.1767553,100.0,2.0,8.0,0.0,3.11,1,79.92614659
39.0,11.77,4.43,4.1412097370000005,6.517509626,174.3137509,88.78,0.0,3.0,1.0,9.428,1,-3.40844214
32.0,8.46,6.72,4.04,6.311460084,169.2200588,89.01,1.0,1.0,1.0,6.138,2,10.16797954
29.0,11.35,6.2,5.59,6.664121248,170.9007528,99.49,0.0,5.0,1.0,7.798,2,37.33229136
23.0,7.0,4.5,4.34,7.728708585,167.7400746,100.0,2.0,4.0,0.0,4.633,1,45.36906963
31.0,9.82,5.73,5.33,3.859689479,177.9667709,99.85,4.0,9.0,1.0,6.991,2,24.93222721
27.0,9.66,6.11,6.54,7.698705696,104.7959187,100.0,1.0,6.0,1.0,5.328,2,39.26263349
29.0,8.92,5.51,2.99,7.331366031,220.8848759,98.43,0.0,1.0,1.0,8.383,2,-2.214172683
15.0,11.66,5.75,6.79,7.865806815,165.9822073,100.0,2.0,8.0,1.0,5.462,2,55.76876223
35.0,5.94,2.05,1.3,5.580610287,230.6344282,100.0,3.0,3.0,0.0,7.36,1,24.94432146
36.0,3.31,2.77,2.17,5.9203975,165.9822073,100.0,0.0,4.0,0.0,4.844,1,22.80246431
36.0,8.72,6.82,0.35,5.331839931,132.775199,81.81,4.0,2.0,1.0,6.555,2,-1.612279282
17.0,9.29,3.56,2.92,9.502795004,67.18802612,100.0,1.0,3.0,1.0,5.189,1,60.84283308
30.0,7.75,5.94,3.04,5.655623519,90.13787764,92.8,0.0,1.0,1.0,5.223,1,34.01940689
37.0,4.07,3.771381605,6.44,9.279903992,81.19442828,100.0,2.0,7.0,0.0,1.763,1,86.79121964
39.0,7.0,3.84,5.23,6.722705382,63.17286134,100.0,0.0,7.0,1.0,2.751,1,53.16674562
25.0,5.12,2.32,3.49,5.621410006,129.0143623,100.0,2.0,2.0,0.0,4.013,1,29.82403285
26.0,6.27,5.12,5.22,6.58752915,248.0695812,100.0,1.0,5.0,1.0,5.949,2,42.32295108
24.0,8.45,6.08,0.42,3.922212542,106.6146742,77.27,4.0,4.0,1.0,6.479,2,-0.179894588
30.0,9.45,5.94,1.44,8.348124777,48.35118945,100.0,0.0,4.0,1.0,5.213,2,8.720482396
22.0,4.32,2.88,5.02,7.955621195,263.1182757,100.0,2.0,5.0,0.0,5.934,1,45.97194625
20.0,6.05,2.15,5.13,8.331737489,69.95548493,100.0,0.0,8.0,1.0,3.126,1,36.179356595
26.0,4.69,2.74,6.19,7.225002794,53.35782839,100.0,0.0,5.0,0.0,1.628,1,72.3913375
38.0,3.99,1.66,3.22,7.427641554,144.8681535,100.0,0.0,3.0,0.0,3.949,0,49.37873818
27.0,9.83,4.18,5.78,9.073608231,91.37969533,100.0,2.0,9.0,1.0,4.981,1,61.79099378
22.0,11.09,7.73,5.47,5.237555461,153.7114527,91.2,3.0,6.0,1.0,6.964,2,36.179356595
18.0,5.7,4.83,7.71,7.90769864,271.4312569,100.0,2.0,6.0,0.0,5.977,1,93.89773599
22.0,9.51,5.16,1.72,6.873661581,26.68004003,99.04,1.0,2.0,1.0,5.462,2,14.57432516
32.0,10.97,4.66,4.1412097370000005,8.971577797,204.6956277,100.0,0.0,4.0,1.0,8.022,1,52.61209516
19.0,10.46,7.21,4.81,8.073146041,103.193245,99.9,1.0,2.0,1.0,5.967,2,47.02032975
27.0,3.83,3.15,7.99,9.103619612,227.093338,100.0,2.0,6.0,0.0,4.038,1,73.74118537
18.0,11.56,8.66,1.61,7.541367395,98.15096356,74.31,2.0,4.0,1.0,6.917,2,-8.760851693
36.0,5.77,4.74,4.19,4.675456739,69.23608183,98.19,3.0,1.0,0.0,2.788,1,19.5650115
31.0,5.39,3.35,2.77,6.807159186,80.75212321,100.0,0.0,4.0,0.0,3.444,1,52.98389889
23.0,2.62,1.97,4.21,8.267341219,114.982861,100.0,0.0,2.0,0.0,5.462,0,83.94988554
15.0,6.86,2.63,1.86,7.84621371,270.9515984,100.0,1.0,3.0,1.0,8.032,1,24.68187485
35.0,3.09,1.57,0.38,6.517502160499999,141.7932715,95.16,0.0,3.0,0.0,4.351,0,7.14791427
34.0,4.49,2.4,4.58,7.03530711,110.8136219,100.0,0.0,1.0,0.0,2.911,1,58.76853914
27.0,5.17,3.14,2.69,4.494928165,265.6808424,92.12,4.0,3.0,0.0,6.558,1,16.10087598
30.0,10.09,8.65,1.46,8.089989768,147.6742477,79.93,0.0,1.0,1.0,7.087,2,3.161365562
27.0,10.75,8.86,2.59,4.221092585,95.83439224,75.8,3.0,2.0,1.0,6.458,2,-1.562849667
28.0,5.02,1.91,0.39,7.010220477,144.471958,100.0,1.0,3.0,0.0,5.473,0,9.776326686
17.0,10.59,4.27,7.6,5.779410878,75.85967918,100.0,2.0,7.0,1.0,4.635,1,36.179356595
20.0,15.855,5.44,4.65,6.102127946,31.97150257,100.0,4.0,1.0,1.0,4.29,2,20.59585812
32.0,9.65,4.58,6.52,8.24269439,87.88583282,100.0,0.0,7.0,1.0,4.829,1,66.47730533
33.0,3.47,2.32,3.38,5.100347328,81.77297817,100.0,4.0,4.0,0.0,2.401,1,25.32221792
19.0,7.0,7.49,7.23,4.321314547,222.1610989,94.78,3.0,6.0,1.0,6.321,2,20.80130626
29.0,7.0,10.05,3.87,4.868986948,84.64286733,78.31,2.0,2.0,1.0,6.264,2,36.179356595
39.0,8.83,6.11,4.59,6.61990335,215.488729,93.03,0.0,3.0,1.0,7.578,2,22.09244348
27.0,5.32,4.27,3.93,6.9773836,58.80700632,100.0,1.0,1.0,0.0,2.941,1,55.90825545
24.0,7.01,4.31,5.87,5.264527165,259.2198437,100.0,3.0,6.0,1.0,6.544,1,47.83155738
38.0,8.46,3.6,4.53,6.85458957,227.4797125,100.0,1.0,4.0,1.0,7.971,1,56.40197967
32.0,7.11,4.37,2.17,4.054863358,128.348017,98.12,4.0,4.0,1.0,5.284,1,1.771841385
27.0,3.2,2.03,1.16,7.986997266,135.742675,100.0,1.0,1.0,0.0,3.692,1,36.40281848
19.0,5.12,3.82,4.85,7.694920293,210.6520418,100.0,1.0,2.0,0.0,5.125,1,53.51223374
37.0,10.02,4.33,3.91,9.042949388,147.1665758,100.0,2.0,4.0,1.0,6.377,1,18.25658212
38.0,10.61,5.53,0.77,8.475510159,26.86856639,89.33,0.0,1.0,1.0,5.462,2,-1.509398731
15.0,3.37,1.75,4.1412097370000005,6.00478818,93.40145364,100.0,3.0,4.0,0.0,5.462,0,28.93523261
27.0,11.52,10.09,4.12,5.618430042,212.6619383,67.05,0.0,4.0,1.0,9.184,2,6.367853529
15.0,5.29,3.0,6.62,6.783557378,56.72938053,100.0,0.0,6.0,0.0,1.919,1,59.42732865
32.0,8.62,6.49,0.61,4.777826372,118.5153084,79.03,2.0,2.0,1.0,6.067,2,-3.594497272
29.0,9.52,7.14,2.79,4.966992023,77.50857858,90.76,2.0,2.0,1.0,5.403,2,-1.137957781
31.0,10.12,4.65,6.58,4.698496711,268.0056431,100.0,2.0,7.0,1.0,8.906,1,56.48361436
25.0,11.46,7.37,5.19,6.057955025,70.91710169,100.0,1.0,7.0,1.0,5.973,2,39.52221386
35.0,5.13,4.29,2.32,6.009218684,95.65884004,100.0,2.0,4.0,0.0,3.609,1,26.31317318
39.0,10.59,6.2,6.76,5.173288704,178.51598,100.0,4.0,9.0,1.0,7.247,2,39.14943008
36.0,3.32,2.88,3.95,4.292010905,199.6715928,100.0,4.0,1.0,0.0,4.335,1,30.40103701
31.0,9.05,3.88,3.99,8.150187711,180.3144791,100.0,1.0,3.0,1.0,7.088,1,43.60224795
27.0,9.42,3.25,7.81,3.784805429,269.4644258,100.0,2.0,8.0,1.0,7.967,1,53.76811095
15.0,8.78,7.33,7.58,8.244291152,160.0511798,100.0,2.0,9.0,1.0,4.996,2,59.48500658
16.0,4.52,3.65,2.87,4.698867209,156.8667097,98.76,3.0,1.0,0.0,4.399,1,18.42738447
23.0,10.73,9.61,1.12,6.927208974,231.8678765,57.25,1.0,1.0,1.0,10.089,2,-8.025717034
17.0,3.69,2.61,2.61,6.549165406,170.2118475,100.0,2.0,4.0,0.0,4.522,1,23.59342244
15.0,2.54,2.19,0.24,4.092754828,123.3662214,95.53,3.0,2.0,0.0,4.078,1,11.40635313
35.0,9.17,7.3,0.17,6.014398021,99.88103286,76.95,0.0,4.0,1.0,6.914,2,-0.336194494
27.0,6.75,5.44,3.16,6.480525577,74.54020775,96.57,1.0,4.0,1.0,3.867,2,28.89556073
37.0,10.49,6.73,7.53,8.740284711,166.1224249,100.0,1.0,6.0,1.0,5.926,2,75.77503501
20.0,5.83,3.09,6.97,7.83366576,165.9822073,100.0,2.0,7.0,0.0,1.484,1,65.15995297
31.0,3.68,3.771381605,4.1412097370000005,3.620201226,18.46193614,100.0,3.0,2.0,0.0,5.462,1,34.39759633
19.0,10.36,5.79,4.52,5.181558059,268.4309657,92.17,2.0,3.0,1.0,9.204,2,4.68926401
19.0,7.49,4.67,0.05,5.527999403,45.69493229,89.67,4.0,4.0,1.0,4.65,1,2.414039965
20.0,3.89,2.21,1.72,4.33912189,131.5281101,100.0,2.0,2.0,0.0,4.309,1,23.48325295
17.0,9.2,5.88,0.2,6.658403122,32.22614186,89.12,1.0,4.0,1.0,5.5,2,3.135034105
35.0,7.11,4.14,6.04,8.78828019,31.34216294,100.0,1.0,5.0,1.0,2.183,1,36.179356595
37.0,8.04,2.64,1.17,6.880209282,261.0055231,94.57,0.0,4.0,1.0,8.609,1,19.13120071
19.0,6.61,5.48,6.95,8.93929471,156.5133468,100.0,2.0,5.0,1.0,4.34,2,70.18526894
35.0,10.29,5.83,5.15,8.25832827,277.5416026,100.0,0.0,4.0,1.0,9.12,2,35.18049275
19.0,15.45,6.73,1.84,8.170576478,486.2023903,89.12,2.0,3.0,1.0,9.778,2,-1.139896828
24.0,9.09,3.49,1.26,5.663351655,316.7805854,92.59,3.0,1.0,1.0,10.127,1,-5.486597393
24.0,3.05,0.92,5.02,7.77440426,164.8378517,100.0,2.0,6.0,0.0,3.599,0,72.91511132
33.0,10.39,4.65,7.21,8.851773819,165.9822073,100.0,0.0,7.0,1.0,5.462,1,92.05696142
31.0,8.71,6.3,5.75,4.257280504,154.1505317,94.45,2.0,9.0,1.0,5.87,2,17.37778063
35.0,8.97,3.22,2.79,5.571005457,197.9571259,100.0,4.0,1.0,1.0,7.648,1,20.97562484
28.0,5.63,4.76,4.7,9.123268624,56.46963754,100.0,0.0,1.0,0.0,2.385,1,49.7667425
23.0,10.79,4.63,2.49,8.222178672,280.3556823,88.58,1.0,3.0,1.0,10.088,1,38.90001788
28.0,9.25,3.91,7.99,5.187092296,51.62084332,100.0,4.0,9.0,1.0,3.408,1,80.89760107
15.0,3.13,1.28,5.99,6.802109718,213.8490972,100.0,1.0,7.0,0.0,3.888,0,72.42610455
27.0,6.08,1.88,4.92,5.654663138,165.9822073,100.0,0.0,2.0,1.0,6.484,0,58.01960043
27.0,10.86,8.29,3.39,6.438627489,220.0587691,72.61,2.0,2.0,1.0,9.193,2,-5.536422932
27.0,2.47,2.04,4.1412097370000005,5.127453061,48.71355217,100.0,3.0,2.0,0.0,0.99,1,52.12259216
18.0,11.61,7.76,2.73,5.322539971,168.9751199,82.75,2.0,4.0,1.0,8.246,2,1.133773319
15.0,8.79,3.63,0.23,7.562636199,284.7257197,94.77,0.0,3.0,1.0,10.266,1,-1.134440343
31.0,8.31,3.92,3.16,8.231761726,201.0946428,100.0,0.0,4.0,1.0,5.462,1,11.66274006
22.0,4.71,2.76,7.44,8.385579016,261.6204724,100.0,1.0,5.0,0.0,5.443,1,36.179356595
16.0,4.49,3.92,5.01,4.703191037,178.7619495,100.0,3.0,7.0,0.0,4.582,1,53.62553327
22.0,11.42,5.12,0.67,8.493561362,68.80789806,97.22,1.0,3.0,1.0,6.709,2,-0.965008697
21.0,4.98,3.68,7.08,5.28220427,70.76240186,100.0,2.0,7.0,0.0,1.746,1,78.1069866
16.0,9.76,5.5,2.15,6.283825241,195.4707009,89.63,1.0,2.0,1.0,8.215,1,9.506069084
36.0,7.0,2.84,1.95,8.187463254,175.0893112,100.0,0.0,1.0,0.0,5.94,1,27.85870011
36.0,3.39,1.94,2.38,5.933638498,47.89446574,100.0,0.0,1.0,0.0,2.101,0,46.26070388
17.0,2.11,0.72,4.62,4.35716376,45.43781087,100.0,3.0,3.0,0.0,0.589,0,77.92665782
32.0,7.44,5.8,4.36,4.662468186,282.4961624,100.0,4.0,4.0,1.0,7.912,2,18.6540396
26.0,11.76,5.24,4.1412097370000005,6.629679618,287.2154838,93.5,1.0,4.0,1.0,5.462,2,38.96333088
15.0,5.69,4.18,5.74,8.027741753,257.6752232,100.0,0.0,5.0,0.0,6.483,1,44.76357379
36.0,5.57,1.9,2.53,8.955398595,189.9446857,100.0,1.0,1.0,0.0,6.026,0,56.98674901
26.0,5.44,4.75,6.26,8.067278736,18.91609807,100.0,0.0,9.0,0.0,1.562,1,66.54987401
27.0,7.21,3.0,1.4,8.615250286,134.8503464,100.0,1.0,1.0,1.0,6.065,1,19.10423388
39.0,6.41,5.32,6.26,6.517502160499999,230.5009951,100.0,0.0,7.0,1.0,5.947,2,42.66159198
31.0,10.8,8.49,5.31,8.978732598,255.612936,90.73,1.0,6.0,1.0,8.927,2,32.33848457
30.0,7.06,3.771381605,5.47,4.553715221,218.7749766,100.0,4.0,5.0,1.0,6.269,2,35.79153702
29.0,7.08,4.15,3.85,8.806530644,193.4190509,100.0,2.0,3.0,1.0,6.385,1,43.69160983
37.0,5.07,2.49,5.34,6.037270471,259.4714523,100.0,2.0,6.0,0.0,3.068,1,63.89700608
29.0,11.83,6.18,0.64,8.508914624,155.8464437,84.58,1.0,3.0,1.0,8.523,1,-6.397269386
19.0,7.0,1.85,6.81,3.948662914,186.2147067,100.0,4.0,8.0,0.0,5.462,0,56.84785401
35.0,2.73,1.54,0.44,7.507112623,271.1872387,100.0,2.0,4.0,0.0,6.153,0,26.03600402
28.0,8.63,3.45,1.19,7.662900921,166.173529,96.35,0.0,4.0,1.0,7.578,1,-2.304477431
16.0,7.95,3.771381605,4.61,6.517502160499999,138.1342003,100.0,0.0,4.0,1.0,5.212,2,42.4438841
27.0,6.15,2.2,5.92,6.959246286,144.6962123,100.0,2.0,9.0,1.0,4.359,1,85.19101484
33.0,6.22,4.06,0.61,5.814715605,209.4848681,88.8,3.0,4.0,1.0,7.027,1,2.884524837
21.0,9.85,6.66,7.37,7.143778037,178.4197433,100.0,1.0,7.0,1.0,6.594,2,32.02631601
20.0,3.96,2.47,7.79,5.86420027,165.9822073,100.0,4.0,7.0,0.0,5.243,1,59.37441791
16.0,10.2,7.11,4.85,5.252203974,310.6436956,92.81,2.0,4.0,1.0,9.405,2,-1.425688261
20.0,8.49,3.14,3.85,5.367076309,244.7610888,100.0,4.0,4.0,1.0,7.95,1,42.43138779
32.0,6.19,3.92,5.93,5.016263752,251.3920728,100.0,3.0,4.0,1.0,6.736,1,55.76021895
16.0,6.58,3.11,2.63,7.177310577,63.19708723,100.0,0.0,2.0,1.0,4.161,1,32.13328479
32.0,4.57,3.95,3.95,8.067127968,151.3249176,100.0,1.0,1.0,0.0,3.96,1,45.47324491
29.0,9.52,7.21,7.33,8.884628997,90.02069366,100.0,2.0,5.0,1.0,4.341,2,69.4175542
33.0,7.13,6.3,7.65,3.68102096,223.944337,99.82,2.0,6.0,1.0,6.41,2,39.93498705
16.0,7.0,1.68,7.42,5.067272619,89.77833757,100.0,3.0,5.0,0.0,5.462,0,99.05908991
34.0,7.96,3.75,2.1,5.036913786,0.0,100.0,3.0,2.0,1.0,3.93,1,30.87451884
39.0,11.96,4.99,1.86,5.487093997,321.5235245,83.14,4.0,1.0,1.0,11.162,1,7.882607591
20.0,6.35,1.95,2.38,4.10133821,86.28848718,100.0,4.0,3.0,1.0,4.601,0,10.35714519
15.0,11.21,4.99,3.53,5.818406662,81.15772219,98.82,4.0,1.0,1.0,5.926,1,48.61867261
38.0,5.45,3.85,2.51,5.670927166,116.8312596,100.0,1.0,3.0,0.0,5.212,1,36.179356595
29.0,2.55,1.12,2.99,6.923389192,71.61973347,100.0,2.0,2.0,0.0,1.938,0,44.13814795
37.0,4.04,2.45,4.97,6.698022858,224.0597231,100.0,1.0,3.0,0.0,5.129,1,28.61365537
24.0,6.19,5.15,4.1412097370000005,6.01409455,90.37579177,100.0,2.0,4.0,1.0,5.462,2,33.09965717
33.0,4.2,3.01,5.88,7.273621456,263.5243917,100.0,1.0,9.0,0.0,5.596,1,67.15187992
31.0,2.0,1.07,6.52,7.290157974,225.3746894,100.0,2.0,5.0,0.0,4.204,0,36.179356595
19.0,11.15,5.84,0.26,5.452790327,216.2490154,82.26,4.0,3.0,1.0,9.677,2,6.911271625
18.0,10.44,5.99,0.38,4.12477676,48.52866374,82.5,4.0,3.0,1.0,6.486,2,-3.973835462
24.0,9.42,3.83,6.32,5.018477061,216.8474278,100.0,2.0,5.0,1.0,7.294,1,36.39552642
38.0,3.68,2.5,4.26,4.892975828,47.01736375,100.0,2.0,3.0,0.0,2.022,1,34.14687123
31.0,3.2,1.66,4.63,6.212123717,259.6050908,100.0,1.0,4.0,0.0,5.071,0,61.46564485
24.0,2.68,2.17,0.42,4.558150539,143.0363599,94.15,3.0,2.0,1.0,4.714,1,18.60734896
31.0,9.24,6.97,2.04,6.337572814,82.7139981,84.6,1.0,3.0,1.0,5.408,2,-5.288806352
34.0,11.29,7.52,5.11,4.380551637,246.5869382,89.55,2.0,7.0,1.0,9.312,2,17.66894799
38.0,6.31,3.27,6.87,7.883059493,187.8411814,100.0,0.0,5.0,1.0,4.694,1,70.8169852
19.0,3.19,3.771381605,7.34,3.959888097,138.3311307,100.0,2.0,6.0,0.0,2.353,0,73.26797807
16.0,7.12,5.45,4.0,7.168915932,141.4288948,94.6,1.0,4.0,1.0,4.44,2,31.91093091
20.0,5.49,3.25,4.36,5.196651499,91.10488215,100.0,4.0,2.0,0.0,3.197,1,48.16667299
35.0,5.75,2.5,6.66,3.374396414,105.7375056,100.0,4.0,9.0,0.0,2.357,1,76.04261189
16.0,8.21,3.42,4.3,8.723301214,124.7040517,100.0,1.0,3.0,1.0,4.895,1,36.179356595
27.0,9.19,3.67,4.13,8.621926285,129.0877514,100.0,0.0,3.0,1.0,5.336,1,30.73016292
25.0,3.11,2.38,7.24,4.173090782,248.7895888,100.0,2.0,6.0,0.0,4.163,1,70.06221013
25.0,2.36,1.03,6.32,6.991719551,143.8135073,100.0,0.0,5.0,0.0,1.864,0,36.179356595
30.0,11.94,7.35,7.27,6.777234963,286.8608497,100.0,2.0,8.0,1.0,9.229,2,42.6482481
25.0,4.33,2.47,1.75,6.431432038,212.4767048,100.0,0.0,4.0,0.0,5.3,1,25.04245341
33.0,2.54,1.65,4.2,6.007930744,103.2242312,100.0,0.0,4.0,0.0,2.45,1,58.22900212
29.0,3.9,3.22,6.74,8.574252213,141.1806639,100.0,1.0,6.0,0.0,2.568,1,83.61276455
39.0,2.39,1.96,0.89,5.277011414,271.9576821,88.87,4.0,3.0,0.0,6.348,0,10.06906488
37.0,5.92,3.38,6.36,6.184326118,132.0258753,100.0,4.0,6.0,0.0,4.472,1,51.28715925
37.0,10.02,3.1,1.46,5.488870295,289.4532267,89.69,2.0,2.0,1.0,9.972,1,12.69441241
30.0,5.41,3.01,6.46,7.960023622,72.99245209,100.0,1.0,8.0,0.0,2.907,1,83.27106909
25.0,6.44,4.27,4.9,8.290750072,96.00445899,100.0,1.0,1.0,1.0,4.13,1,49.81818332
36.0,8.76,3.771381605,1.55,8.120997019,151.223225,89.77,0.0,2.0,1.0,6.695,2,-9.219818794
30.0,7.09,4.9,3.79,8.273558041,220.7500035,96.0,2.0,4.0,1.0,6.868,1,29.69514782
22.0,10.61,4.16,5.46,8.436760457,132.4569279,100.0,1.0,6.0,1.0,7.027,1,45.1835495
18.0,10.66,7.33,5.07,8.170670484,222.4011722,98.98,1.0,9.0,1.0,8.209,2,39.25463548
27.0,2.1,0.86,3.42,7.849639953,12.45628554,100.0,2.0,3.0,0.0,0.464,0,52.39646587
27.0,9.78,7.34,7.19,8.971867155,100.1263302,100.0,2.0,7.0,1.0,4.473,1,54.18240051
38.0,6.61,3.33,4.15,3.825985478,160.7205049,100.0,3.0,2.0,1.0,5.52,1,21.48478568
39.0,11.89,8.63,4.05,6.816547101,186.2040027,83.31,2.0,3.0,1.0,8.75,2,16.23374844
17.0,6.83,2.25,0.5,8.085889008,35.10432632,100.0,0.0,4.0,1.0,5.462,1,6.872711515
17.0,11.87,6.47,7.38,8.880774189,178.5336812,100.0,1.0,6.0,1.0,7.881,2,78.53405735
32.0,9.55,6.9,1.42,8.674047331,30.05979402,100.0,0.0,1.0,1.0,5.129,2,2.134954312
33.0,4.49,1.96,4.23,7.892420118,33.16220266,100.0,1.0,4.0,0.0,1.556,0,79.57738315
33.0,7.38,5.74,6.43,8.06984221,206.0386122,100.0,0.0,8.0,1.0,5.901,2,48.46727819
35.0,11.92,8.09,1.72,6.299399425,27.79346,79.77,0.0,4.0,1.0,6.204,2,3.023637184
27.0,10.58,6.9,4.22,4.334621668,153.4942808,90.3,2.0,3.0,1.0,7.264,2,-1.635431503
32.0,4.455,1.52,1.93,3.628894866,261.7675148,100.0,2.0,4.0,0.0,3.346,0,17.71269905
24.0,9.06,5.34,6.08,6.919578147,272.0419058,100.0,1.0,7.0,1.0,7.906,2,44.19375379
27.0,5.46,3.59,4.51,5.787133049,164.3002561,100.0,1.0,3.0,0.0,4.797,1,54.85429292
35.0,2.07,1.21,6.85,5.648370386,317.2943868,100.0,1.0,9.0,0.0,4.8,0,84.61374754
20.0,6.03,4.34,7.16,5.584339694,213.9516896,100.0,2.0,6.0,1.0,5.007,1,48.52522982
15.0,4.35,2.44,5.19,9.01041913,240.0325419,100.0,0.0,6.0,0.0,5.198,1,69.52428456
19.0,10.19,4.29,5.8,6.317148485,195.3680245,100.0,4.0,7.0,1.0,7.275,1,45.95975869
23.0,5.37,2.3,4.39,7.612519247,165.9822073,100.0,1.0,4.0,0.0,5.628,1,70.69644672
26.0,10.28,3.12,3.08,8.198856332,204.5134911,100.0,2.0,4.0,1.0,8.136,1,33.72002687
28.0,2.01,0.97,5.18,6.879166597,165.9822073,100.0,1.0,5.0,0.0,5.462,0,62.30529705
16.0,5.08,3.81,7.27,6.675129277,0.0,100.0,2.0,6.0,0.0,0.779,1,75.39433221
31.0,4.41,3.42,3.33,8.31985506,305.708319,100.0,2.0,2.0,0.0,7.006,1,28.322488
28.0,4.34,1.83,2.52,7.500300355,83.23957729,100.0,2.0,2.0,0.0,2.994,0,49.6977477
27.0,2.68,2.35,3.11,5.542271264,73.64473282,100.0,3.0,2.0,0.0,1.647,1,36.97233392
23.0,3.87,2.33,3.48,3.947538956,128.8655979,100.0,4.0,2.0,0.0,3.131,1,26.89709223
39.0,7.56,6.43,0.59,4.37160404,234.6499753,74.62,2.0,2.0,1.0,8.503,2,5.929034623
29.0,4.91,3.56,3.99,3.829785127,84.48237322,100.0,4.0,3.0,0.0,2.898,1,40.07211698
39.0,6.17,4.53,3.95,5.59967153,287.9173533,90.8,3.0,2.0,1.0,7.88,1,19.19300687
36.0,5.77,2.03,4.71,5.387808566,8.20227311,100.0,3.0,1.0,0.0,2.132,1,56.64754656
29.0,10.76,4.65,2.9,6.820852566,60.44412873,100.0,1.0,1.0,1.0,5.45,1,36.179356595
38.0,11.05,3.37,4.9,8.936995899,174.9178091,100.0,1.0,2.0,1.0,7.275,1,64.30586032
25.0,10.395,5.06,7.03,7.462041983,292.2861923,100.0,2.0,8.0,1.0,3.896,2,59.99530422
30.0,5.3,2.69,7.64,8.31024444,65.83115622,100.0,0.0,8.0,0.0,2.298,1,89.79273949
27.0,3.07,2.37,4.67,8.042276749,272.6039058,100.0,2.0,4.0,0.0,5.454,1,56.52351729
18.0,11.53,5.8,0.34,7.532885413,30.87504736,86.55,2.0,3.0,1.0,6.283,2,2.83505875
15.0,2.6,2.06,7.75,6.481176395,179.2479746,100.0,2.0,8.0,0.0,3.035,1,36.179356595
22.0,4.98,1.88,5.65,5.150528531,237.5443409,100.0,2.0,7.0,0.0,5.975,0,48.01290143
31.0,4.98,2.01,2.69,7.54411985,284.8176257,100.0,2.0,3.0,0.0,7.323,1,34.85062936
17.0,5.2,2.62,1.18,6.517502160499999,69.60563519,100.0,0.0,4.0,0.0,4.086,1,54.69834463
34.0,3.64,1.98,1.15,6.469596907,91.9216986,100.0,0.0,1.0,0.0,5.462,0,46.52941154
29.0,9.83,3.771381605,1.34,3.794458974,251.3624666,78.45,4.0,4.0,1.0,9.293,2,-0.943729874
29.0,3.22,2.44,0.36,8.06868477,90.21873069,100.0,2.0,4.0,0.0,2.822,1,-0.425646858
38.0,8.35,2.99,7.22,5.870013267,63.36856362,100.0,2.0,9.0,1.0,3.549,1,83.74086574
36.0,3.24,1.65,4.1412097370000005,4.045936946,47.39030791,100.0,2.0,4.0,0.0,1.181,0,60.40755427
28.0,7.0,2.17,5.6,7.749270376,59.40362032,100.0,2.0,5.0,0.0,0.535,1,96.48209676
27.0,11.09,3.77,6.62,6.312046028,71.71492794,100.0,0.0,5.0,1.0,5.219,1,66.42050171
28.0,3.9,3.38,6.33,7.737022813,261.4566321,100.0,0.0,6.0,0.0,5.531,1,55.57821994
38.0,10.21,9.11,7.06,8.950431837,163.0398462,97.44,2.0,7.0,1.0,6.327,2,19.80809332
16.0,7.45,2.63,7.74,7.811485246,146.4608863,100.0,1.0,6.0,1.0,4.103,1,94.72732209
27.0,2.78,1.32,3.51,6.938752332,100.8138952,100.0,1.0,4.0,0.0,2.677,0,55.34966484
28.0,11.55,6.05,7.6,5.503267526,255.4138858,100.0,4.0,6.0,1.0,8.655,2,50.2191766
38.0,4.47,3.42,5.79,5.743294549,127.4637545,100.0,3.0,8.0,0.0,2.738,1,43.6146272
33.0,10.6,3.771381605,0.57,7.983522831,86.1131152,83.45,2.0,4.0,1.0,6.809,2,-2.102163494
21.0,3.69,2.53,5.45,6.234582084,180.1387823,100.0,1.0,8.0,0.0,4.07,1,55.0517297
17.0,10.54,7.95,5.49,4.934761298,266.9558011,100.0,3.0,6.0,1.0,8.703,2,21.64551525
29.0,2.13,0.79,7.25,4.669045094,182.3333923,100.0,4.0,6.0,0.0,2.61,0,83.17012564
37.0,7.12,5.7,2.98,5.945947121,242.6420041,88.0,0.0,3.0,1.0,7.786,2,9.962847622
28.0,9.69,7.01,4.68,6.88263923,19.79435987,100.0,2.0,2.0,1.0,3.961,2,42.44027661
25.0,11.35,7.34,0.1,6.327141352,68.6201259,80.19,1.0,2.0,1.0,6.885,2,0.572900952
29.0,11.09,9.25,2.66,6.466602542,285.4733233,72.5,1.0,4.0,1.0,10.647,2,0.207505083
27.0,10.2,7.35,0.5,4.466710856,175.3649926,77.32,4.0,4.0,1.0,8.39,2,-0.997691581
32.0,10.88,4.58,4.17,7.024469263,165.9822073,100.0,2.0,1.0,1.0,5.462,1,32.23143498
20.0,3.99,2.23,6.54,8.707146246,239.952488,100.0,2.0,7.0,0.0,4.673,1,77.98539963
17.0,4.84,2.89,1.65,4.71089967,221.8439467,97.77,4.0,2.0,0.0,6.325,1,36.179356595
33.0,4.89,1.63,4.22,7.421423273,180.916341,100.0,0.0,2.0,0.0,4.659,0,73.24487778
29.0,5.77,5.04,1.63,7.328532361,244.8711312,88.15,0.0,2.0,0.0,7.176,2,7.2472148
39.0,5.93,2.24,0.97,7.045556198,190.6953744,100.0,1.0,2.0,0.0,6.114,1,10.44779944
37.0,7.45,5.35,4.09,4.627822755,94.07842311,94.5,4.0,3.0,1.0,3.598,2,11.73455492
19.0,3.6,2.17,0.63,8.965213614,236.2239449,100.0,2.0,2.0,0.0,6.511,1,24.50840145
24.0,8.91,2.81,4.7,7.02881458,159.2006474,100.0,1.0,4.0,1.0,5.845,1,48.49590624
21.0,3.68,3.15,0.25,8.495988157,25.78094528,100.0,1.0,1.0,0.0,2.325,1,9.479470341
39.0,5.1,4.14,0.85,5.235478062,194.7127574,93.58,4.0,1.0,0.0,6.295,1,10.08379422
31.0,7.03,4.32,4.4,8.121170699,28.28135197,100.0,2.0,2.0,1.0,5.462,1,39.7595116
21.0,9.96,4.36,4.73,8.597267477,271.8611277,100.0,2.0,2.0,1.0,9.381,1,44.56409965
36.0,9.39,3.5,0.23,5.573536948,216.1743352,91.46,2.0,4.0,1.0,8.886,1,4.76047399
26.0,8.46,4.38,4.59,5.292396201,59.77442774,100.0,3.0,4.0,1.0,3.753,1,45.04659647
39.0,3.56,1.61,6.71,7.616711188,115.4694878,100.0,0.0,5.0,0.0,5.462,0,95.57178732
31.0,7.47,4.51,5.78,4.498882714,256.2053487,100.0,3.0,6.0,1.0,6.761,1,36.54400491
27.0,2.87,2.53,1.05,8.375068999,286.9829299,98.27,0.0,3.0,1.0,6.96,1,44.83591853
34.0,5.77,3.72,4.74,3.735885123,104.1499067,100.0,3.0,1.0,0.0,3.163,1,27.25069641
39.0,6.14,5.12,5.38,5.083842982,127.52058,95.52,3.0,7.0,1.0,4.056,2,32.91799258
18.0,2.4,3.771381605,0.3,8.021189739,250.7491116,100.0,2.0,4.0,0.0,5.73,0,20.86593522
24.0,4.74,2.77,6.84,3.969895485,183.9665311,100.0,2.0,5.0,0.0,4.118,1,68.53457738
17.0,11.56,9.4,4.1412097370000005,8.990723293,75.80501546,100.0,0.0,8.0,1.0,5.165,2,29.19915085
23.0,11.54,6.73,6.8,7.921674682,165.9822073,100.0,0.0,8.0,1.0,5.462,2,52.29842591
27.0,5.52,4.53,6.6,6.930399052,274.9640833,100.0,0.0,5.0,0.0,6.5,1,57.34709533
32.0,2.43,1.15,4.1412097370000005,9.082063585,161.8312753,100.0,0.0,3.0,1.0,5.462,0,111.7445221
29.0,3.79,1.43,5.07,8.464685912,17.1474637,100.0,0.0,9.0,0.0,0.794,0,36.179356595
18.0,5.92,4.81,5.43,5.2727694,191.0919725,100.0,3.0,5.0,0.0,5.091,1,51.40752908
29.0,11.48,7.49,6.45,8.313860496,231.1338622,100.0,2.0,7.0,1.0,8.465,2,34.89308997
36.0,3.41,2.84,5.3,5.350034177,264.4172453,100.0,2.0,6.0,0.0,5.515,1,43.26441538
16.0,9.64,8.32,2.62,5.592757583,68.55413937,81.22,1.0,3.0,1.0,5.034,2,-5.682160477
29.0,3.09,1.03,3.01,7.137360889,203.7657172,100.0,0.0,2.0,0.0,4.682,0,60.82754126
22.0,11.81,7.09,4.1412097370000005,7.175159785,231.0792969,100.0,1.0,3.0,1.0,5.462,2,55.74677761
22.0,5.82,3.06,0.14,3.674572325,222.5911315,94.78,2.0,1.0,0.0,7.508,1,9.436636012
31.0,9.75,6.59,5.59,5.502982562,138.8000612,100.0,3.0,9.0,1.0,6.118,2,48.00166644
26.0,5.43,4.21,7.64,6.944463521,56.00339822,100.0,0.0,4.0,0.0,1.263,1,90.40856626
33.0,8.28,3.88,5.65,5.805693362,68.66669207,100.0,4.0,6.0,1.0,3.185,1,67.28788235
24.0,3.92,2.49,7.95,8.231715326,87.07892997,100.0,2.0,6.0,0.0,1.535,1,89.10474399
23.0,3.46,2.51,5.5,8.196998658,48.21752402,100.0,1.0,5.0,0.0,1.14,1,65.54889842
19.0,11.38,4.33,0.27,4.728986475,114.1458577,95.72,2.0,4.0,1.0,8.129,1,6.257546369
20.0,7.0,3.771381605,6.62,5.112058403,224.1501873,88.3,4.0,5.0,1.0,7.964,2,15.31093959
34.0,10.87,7.21,2.28,7.536314284,218.6698812,78.8,0.0,4.0,1.0,8.951,2,-0.655818449
27.0,8.25,7.18,3.57,6.02789795,264.3942523,78.7,1.0,3.0,1.0,8.074,2,5.980400945
38.0,10.08,5.08,2.5,6.517502160499999,90.93258142,96.8,1.0,4.0,1.0,5.91,2,1.673959471
27.0,2.69,0.98,2.15,5.880029339,51.88401967,100.0,3.0,1.0,0.0,1.92,0,47.78104624
20.0,5.35,3.23,3.45,5.066588085,47.36342804,100.0,3.0,4.0,0.0,2.5,1,32.82588951
19.0,5.14,1.81,3.03,4.736347647,195.3904713,100.0,4.0,3.0,0.0,5.301,0,26.40460333
39.0,7.0,7.37,5.07,6.385131998,202.6753835,95.12,2.0,8.0,1.0,6.699,2,7.16619816
15.0,8.34,1.8,6.51,8.263056888,250.3352966,100.0,0.0,7.0,0.0,3.107,0,76.62499171
35.0,3.49,2.62,2.38,7.970257609,115.00082,100.0,0.0,1.0,0.0,3.071,1,24.90499463
36.0,7.96,4.9,1.71,7.985005616,112.0008613,100.0,2.0,3.0,1.0,5.707,1,21.55311483
35.0,10.14,5.28,5.34,5.225225095,298.1599329,84.66,3.0,7.0,1.0,9.408,2,23.00832629
20.0,5.82,1.98,5.36,6.208112799,141.4996743,100.0,0.0,9.0,0.0,3.782,0,69.63946633
20.0,3.32,2.24,7.21,7.607081295,90.35114896,100.0,0.0,5.0,0.0,1.577,1,101.1024756
37.0,3.97,2.58,0.13,6.92369916,78.81546561,100.0,1.0,4.0,0.0,3.546,1,16.13177906
30.0,6.555,2.05,6.82,7.878803033,451.0145503,100.0,2.0,6.0,0.0,4.679,1,87.29251519
18.0,5.0,4.23,4.17,7.984407285,169.663009,100.0,0.0,2.0,0.0,4.789,1,50.06603479
25.0,8.43,4.07,4.97,7.249400322,90.30449687,100.0,1.0,1.0,1.0,4.484,1,48.05569209
38.0,8.01,4.56,0.73,4.356033921,256.3704355,79.18,3.0,4.0,1.0,9.406,1,-3.589668572
37.0,8.96,5.61,3.46,6.517502160499999,165.9822073,100.0,2.0,2.0,1.0,5.462,2,25.1089436
23.0,5.63,2.03,1.82,6.517502160499999,156.964692,100.0,1.0,2.0,0.0,5.429,1,37.33501717
37.0,10.24,8.8,2.03,8.83132983,310.2081698,76.45,2.0,2.0,1.0,10.491,2,4.42998338
17.0,4.04,3.771381605,4.03,7.35238752,237.7915531,100.0,2.0,3.0,0.0,5.811,1,43.02040309
33.0,6.69,2.33,6.5,6.873167057,78.36481228,100.0,2.0,8.0,1.0,2.795,1,84.52734157
22.0,10.01,5.33,4.1412097370000005,6.387064193,265.2995223,100.0,2.0,8.0,1.0,8.38,2,36.179356595
19.0,3.8,2.51,4.73,7.847719897,36.61772681,100.0,2.0,1.0,0.0,1.241,1,69.6478993
18.0,3.1,1.89,4.32,8.691584295,177.5925981,100.0,2.0,1.0,0.0,4.194,0,69.33163264
38.0,7.0,7.77,3.42,7.836625396,234.5663712,98.23,2.0,4.0,0.0,5.462,2,1.715949178
20.0,5.43,1.81,7.78,6.610334832,144.2359194,100.0,2.0,6.0,0.0,3.381,0,84.14273483
16.0,8.84,4.16,4.48,4.362251095,266.2331147,100.0,4.0,2.0,1.0,8.076,1,23.389849
34.0,2.25,1.78,2.03,7.400264763,123.57152,100.0,1.0,3.0,0.0,2.736,0,51.06501036
25.0,8.9,3.1,1.84,7.616549115,60.81307372,100.0,2.0,3.0,1.0,4.898,1,8.633724176
18.0,5.16,4.2,4.89,7.944772654,272.4947057,100.0,0.0,1.0,0.0,6.473,1,43.12982033
29.0,2.56,0.91,4.18,5.025334936,141.8545519,100.0,2.0,4.0,0.0,2.886,0,36.179356595
20.0,8.1,6.49,0.06,7.089470675,154.813962,79.69,0.0,3.0,1.0,7.132,2,4.426688235
36.0,4.41,2.28,6.64,5.501853788,302.1875821,100.0,3.0,8.0,0.0,6.053,1,81.13188675
31.0,5.87,3.92,5.63,7.579856321,165.9822073,100.0,1.0,5.0,0.0,3.626,1,85.89520666
38.0,2.81,1.1,5.29,6.007924613,243.1594702,100.0,3.0,5.0,0.0,4.578,0,58.62740004
20.0,3.47,1.18,0.55,7.513454626,122.6628907,100.0,2.0,1.0,0.0,4.03,0,40.90633839
33.0,4.98,2.14,2.9,6.030915447,91.96747803,100.0,4.0,3.0,0.0,3.94,1,39.67756713
39.0,2.9,1.09,7.48,4.363624554,209.0847299,100.0,3.0,5.0,0.0,3.646,0,78.61962776
16.0,11.11,5.42,6.9,7.232725267,52.61055199,100.0,0.0,7.0,1.0,4.285,2,69.31343089
29.0,2.06,1.25,2.28,4.638628393,223.205166,98.68,3.0,3.0,0.0,4.686,0,37.07850031
25.0,6.84,4.47,1.26,7.32923772,160.6034073,100.0,1.0,2.0,1.0,5.662,1,25.3498957
22.0,3.23,2.5,3.59,8.738724505,185.9216815,100.0,0.0,1.0,0.0,3.898,1,74.18347969
33.0,5.08,3.52,2.85,9.328023106,267.5503235,100.0,0.0,4.0,0.0,6.925,1,34.30299776
27.0,11.26,7.49,5.46,5.299201342,215.1033245,97.91,4.0,8.0,1.0,8.032,2,22.05609428
26.0,3.62,1.98,7.73,8.390601876,100.7514299,100.0,2.0,8.0,0.0,1.651,0,88.03641915
19.0,7.0,6.81,2.9,5.570077418,231.3817606,83.7,3.0,1.0,0.0,5.462,2,0.287591973
20.0,4.06,2.23,0.5,9.362967545,280.8022864,100.0,2.0,4.0,0.0,5.462,1,15.68036058
36.0,9.42,7.59,7.18,8.088747171,182.3674578,100.0,0.0,9.0,1.0,6.476,2,51.37499025
18.0,11.205,3.27,0.3,4.160348737,165.9822073,94.4,3.0,1.0,1.0,5.462,1,-1.380807911
33.0,10.84,3.29,7.62,5.789807244,177.3383402,100.0,0.0,6.0,1.0,6.994,1,90.74271021
34.0,7.0,5.21,5.32,4.583663699,238.2194779,97.62,2.0,9.0,1.0,6.934,2,34.23371109
15.0,7.35,3.1,7.53,8.105750622,253.2711701,100.0,0.0,8.0,1.0,6.156,1,83.29309408
27.0,3.95,3.29,1.6,5.836232155,122.3037466,96.88,0.0,2.0,0.0,3.415,1,39.71220887
31.0,3.66,3.771381605,0.33,7.030272994,84.69106866,100.0,2.0,3.0,0.0,3.871,1,26.8693981
26.0,16.74,3.771381605,3.91,6.969355556,249.33207,100.0,0.0,2.0,1.0,6.347,1,36.58842757
29.0,5.28,1.92,3.6,8.810456648,227.7703323,100.0,0.0,3.0,0.0,5.96,0,52.59684368
15.0,5.72,3.42,2.65,8.443203444,95.9649377,100.0,1.0,3.0,0.0,3.725,1,46.7581589
28.0,9.6,6.39,4.1412097370000005,6.202245507,25.6175831,100.0,2.0,3.0,1.0,5.462,2,67.56455183
20.0,5.39,2.51,6.58,7.890672027,117.9787847,100.0,1.0,5.0,0.0,2.761,1,82.30872402
19.0,11.52,8.41,5.29,8.709335365,226.6264359,91.89,2.0,7.0,1.0,8.413,2,29.70211998
27.0,9.38,6.16,1.3,8.612467795,10.84799014,100.0,0.0,3.0,1.0,4.8,2,16.54076191
18.0,7.0,3.94,5.87,4.167308026,234.1825601,100.0,2.0,5.0,0.0,5.462,1,50.17578755
27.0,10.81,3.41,5.82,5.694708592,220.8015683,100.0,3.0,9.0,1.0,8.379,1,36.179356595
25.0,2.5,1.88,3.4,5.300687593,36.64042997,100.0,2.0,2.0,1.0,1.05,0,36.179356595
17.0,4.57,1.96,7.4,6.240543663,159.8683483,100.0,1.0,6.0,0.0,3.345,0,100.8150407
15.0,9.975,5.32,1.34,6.517502160499999,328.5408908,75.08,0.0,1.0,1.0,6.203,2,1.121036625
20.0,4.27,2.36,2.14,6.517502160499999,2.636187528,100.0,0.0,3.0,0.0,1.913,1,30.05064134
32.0,9.44,6.1,0.51,7.764597634,241.6860209,72.4,2.0,1.0,1.0,9.447,2,4.130296165
38.0,11.19,9.22,6.36,6.29085588,232.9434439,82.96,1.0,6.0,1.0,8.347,2,32.96280613
27.0,6.24,5.11,4.97,7.138776467,165.9822073,100.0,2.0,3.0,1.0,5.329,2,48.07849558
19.0,5.42,2.83,2.52,3.119775411,159.9815527,100.0,4.0,4.0,0.0,5.154,1,15.19619328
37.0,11.62,4.94,1.31,8.230530662,100.1773611,100.0,0.0,3.0,1.0,7.077,1,-0.91646363
24.0,6.45,4.93,0.32,9.047397497,225.8243804,97.93,2.0,2.0,1.0,7.749,1,-4.322013674
26.0,6.89,3.86,4.1412097370000005,6.842874017,138.9981966,99.0,2.0,4.0,1.0,5.386,1,18.91130717
16.0,5.52,2.29,3.63,9.272436033,191.1027016,100.0,0.0,1.0,0.0,5.371,1,46.18730084
27.0,11.1,9.35,1.98,4.720393138,146.5740279,74.03,4.0,3.0,1.0,7.856,2,5.40791287
22.0,7.69,3.22,2.07,8.661130026,178.1627707,100.0,0.0,4.0,1.0,6.744,1,15.62668102
16.0,14.43,3.03,7.0,4.569753549,536.3814288,100.0,2.0,9.0,1.0,8.09,1,38.94347136
34.0,10.12,3.771381605,4.12,5.979189756,82.61378762,100.0,0.0,3.0,1.0,5.424,1,47.18992059
15.0,5.42,3.65,5.83,6.049126174,165.9822073,100.0,2.0,8.0,0.0,5.462,1,62.87458712
19.0,6.34,4.42,0.29,7.092767111,316.2094982,87.27,1.0,3.0,1.0,8.943,1,-6.922507844
23.0,10.48,5.1,2.92,5.800069054,29.58363087,100.0,3.0,4.0,1.0,5.164,2,8.691785059
31.0,5.63,2.77,3.83,7.69381901,2.270088489,100.0,1.0,4.0,0.0,2.286,1,52.67359542
23.0,9.94,5.01,1.49,5.276980679,235.4755159,90.3,3.0,2.0,1.0,9.783,2,10.34780245
27.0,7.0,8.08,0.96,8.489934982,127.3325282,74.14,1.0,4.0,1.0,5.462,2,-0.35309837
29.0,8.23,2.76,6.96,7.173600497,311.6862795,100.0,1.0,9.0,1.0,7.927,1,74.84484105
27.0,9.42,8.08,7.52,4.490498533,25.41250736,100.0,4.0,5.0,1.0,2.974,2,33.64263801
20.0,10.05,4.36,0.63,6.517502160499999,155.3355659,89.8,4.0,4.0,1.0,7.816,1,36.179356595
37.0,10.45,9.4,2.79,7.571293,130.7091298,74.33,1.0,1.0,1.0,6.708,2,-3.690634377
17.0,5.95,3.771381605,7.67,6.517502160499999,292.2173644,100.0,4.0,5.0,0.0,6.594,1,68.39660806
27.0,2.51,1.91,0.67,5.993861062,193.6253913,100.0,0.0,4.0,0.0,4.894,0,10.28091696
19.0,6.02,2.61,5.15,6.984746925,219.5439164,100.0,1.0,9.0,1.0,5.945,1,36.179356595
27.0,8.74,3.05,7.78,5.778485416,136.1128929,100.0,4.0,7.0,1.0,4.476,1,74.03344608
32.0,6.5,5.36,7.83,5.573515351,145.1030642,100.0,3.0,8.0,1.0,3.541,2,36.179356595
28.0,14.235,7.74,3.77,6.743224752,274.6048688,85.23,1.0,1.0,1.0,6.614,2,-2.334580787
35.0,5.57,3.02,1.3,5.297378652,72.13298151,99.9,4.0,4.0,0.0,3.555,1,18.14542959
38.0,8.35,6.02,1.62,5.047779092,20.58439181,93.76,2.0,1.0,1.0,4.229,2,0.194008405
25.0,3.86,2.45,7.12,4.441381332,55.49328437,100.0,2.0,7.0,0.0,1.094,1,84.53381671
23.0,9.49,7.7,7.29,5.578403258,200.4009498,96.67,4.0,5.0,1.0,6.818,1,43.09234172
16.0,7.46,3.65,4.86,5.377754168,39.95467777,100.0,3.0,3.0,1.0,2.772,1,31.27023871
26.0,4.04,2.48,6.13,6.517502160499999,87.0763325,100.0,2.0,7.0,0.0,5.462,1,63.23473815
17.0,4.92,2.91,5.92,6.954709321,160.8026591,100.0,1.0,7.0,0.0,4.444,1,69.43883748
17.0,7.0,4.86,5.29,7.632063606,154.0301558,100.0,0.0,7.0,1.0,5.978,1,83.77515866
15.0,6.83,5.7,6.62,5.221872882,283.3608321,93.98,4.0,6.0,1.0,6.789,2,40.27771262
22.0,4.16,1.66,5.48,3.844744123,266.2153045,100.0,2.0,9.0,0.0,4.956,0,78.38874815
36.0,11.67,4.55,4.27,8.269777165,124.711079,100.0,1.0,3.0,1.0,7.234,1,53.80465864
22.0,9.15,5.91,1.9,6.706635085,247.6422392,88.94,1.0,4.0,1.0,9.165,2,-0.277673795
25.0,11.57,8.04,5.95,4.882005675,95.72841303,95.61,3.0,6.0,1.0,5.46,2,26.83561985
23.0,6.27,2.61,3.79,6.192737704,58.59616963,100.0,1.0,1.0,1.0,3.898,1,18.8982805
19.0,6.75,3.61,2.36,6.389511971,198.9017551,100.0,2.0,1.0,1.0,6.427,1,4.515314954
28.0,10.98,9.53,6.42,8.150938719,79.73254935,100.0,1.0,7.0,1.0,5.462,2,14.66322224
17.0,7.25,3.771381605,5.57,3.878216609,261.7117651,100.0,3.0,8.0,1.0,6.814,1,32.10595893
35.0,7.0,6.36,7.5,6.849499952,89.90353308,100.0,2.0,8.0,1.0,4.065,2,48.29871024
19.0,4.52,3.36,1.32,7.344481776,184.4277693,100.0,1.0,3.0,0.0,5.344,1,24.97997894
19.0,6.47,3.68,5.19,8.253456238,52.88682677,100.0,0.0,7.0,1.0,2.998,1,81.98244855
33.0,3.23,2.79,1.95,7.790172154,310.1750563,99.95,2.0,3.0,0.0,6.99,1,39.54376647
28.0,4.06,3.01,7.23,5.191851602,218.834012,100.0,2.0,8.0,0.0,4.281,1,54.87327461
18.0,2.01,1.16,0.8,7.712465201,163.4179366,100.0,1.0,4.0,0.0,5.462,0,51.1441098
39.0,2.39,1.53,5.25,7.637825828,129.4125827,100.0,2.0,5.0,0.0,2.52,0,89.07703812
27.0,11.77,8.42,6.33,8.003258105,177.3764479,100.0,2.0,8.0,1.0,7.426,2,26.0250105
24.0,4.42,2.9,2.84,7.521544382,105.1331943,100.0,2.0,4.0,0.0,3.038,1,56.51819729
39.0,8.63,7.14,4.1412097370000005,8.541533283,120.2279573,100.0,1.0,5.0,1.0,4.326,2,54.35737979
32.0,10.39,5.34,6.81,5.227849483,196.2729655,100.0,2.0,8.0,1.0,7.152,2,47.95768589
22.0,7.51,3.6,2.36,4.990333261,193.6732674,95.24,3.0,3.0,1.0,6.987,1,6.334361353
27.0,3.53,1.51,0.06,7.330381335,124.1504465,100.0,0.0,3.0,0.0,4.707,0,13.68995123
21.0,9.28,2.99,2.37,5.63035712,47.65870967,100.0,3.0,4.0,1.0,5.089,1,38.78826873
22.0,8.0,2.61,2.25,4.656422233,162.0413519,98.13,4.0,2.0,1.0,6.365,1,10.43356232
28.0,9.31,7.65,7.12,6.370885886,126.6344787,87.92,2.0,8.0,1.0,5.079,2,37.63692986
33.0,9.7,6.86,7.74,8.070165372,165.9822073,100.0,0.0,6.0,1.0,5.462,2,43.46992929
20.0,17.625,8.18,0.56,5.779287965,422.719566,61.95,2.0,4.0,1.0,10.247,2,2.288472641
15.0,7.74,5.18,3.77,7.58204996,89.81162293,100.0,1.0,2.0,1.0,4.419,2,17.96024148
37.0,5.42,4.39,4.39,3.985892077,239.6650857,91.11,2.0,1.0,0.0,6.593,1,40.29246494
29.0,8.48,4.99,0.74,5.127550162,109.01458,78.96,3.0,4.0,1.0,5.978,1,-1.154483713
15.0,2.68,2.2,3.02,5.903526478,116.4335501,100.0,2.0,2.0,0.0,2.574,1,37.38285609
39.0,10.97,5.66,2.54,4.613189608,207.462041,92.54,2.0,2.0,1.0,8.663,2,4.361844414
31.0,3.19,2.73,4.29,7.837837193,275.929642,100.0,1.0,1.0,0.0,5.928,1,45.65035639
15.0,5.28,3.8,5.29,8.991685305,165.9822073,100.0,1.0,4.0,0.0,5.462,1,51.87032478
29.0,10.16,4.62,5.63,7.383227758,122.5090868,100.0,0.0,5.0,1.0,5.871,1,38.2262126
37.0,7.97,5.09,1.09,4.606034042,100.0521213,97.05,4.0,3.0,1.0,5.998,2,-1.022437999
16.0,5.94,3.68,6.5,6.996797829,125.4079112,100.0,0.0,7.0,0.0,3.32,1,81.03386466
28.0,6.73,2.58,5.43,5.650406183,66.38175697,100.0,3.0,5.0,1.0,3.036,1,51.6862667
35.0,10.55,6.91,7.11,5.547607026,58.1445722,100.0,4.0,9.0,1.0,4.142,2,42.43128562
22.0,5.4,2.64,3.59,5.689011591,219.8685066,100.0,2.0,1.0,0.0,6.083,1,24.80529012
22.0,10.7,3.55,7.15,7.867900172,165.9822073,100.0,2.0,5.0,1.0,5.462,1,79.19576176
33.0,2.88,2.5,6.93,4.164381936,145.5123077,100.0,4.0,9.0,0.0,2.381,1,84.5765881
21.0,9.77,6.69,3.51,5.621511626,243.7174286,77.87,2.0,1.0,1.0,7.932,2,3.412664684
33.0,10.48,3.771381605,3.05,8.662873402,207.2776625,86.25,1.0,3.0,1.0,8.485,2,-1.443158693
20.0,3.82,2.7,4.1412097370000005,6.824591336,141.910407,100.0,2.0,4.0,0.0,5.462,1,88.07119738
20.0,6.3,3.24,5.72,8.887125028,132.9447283,100.0,1.0,8.0,1.0,3.554,1,74.77983278
17.0,3.65,2.22,7.43,8.585354041,129.5846148,100.0,1.0,8.0,1.0,2.396,1,105.8780849
21.0,13.605,6.4,6.38,6.542698728,278.7506005,100.0,1.0,9.0,1.0,5.701,2,39.00083211
33.0,7.35,6.44,4.87,5.147267148,165.9822073,93.75,4.0,4.0,1.0,5.462,2,5.024825115
22.0,8.35,3.78,0.93,8.125912093,198.4598771,93.27,2.0,1.0,1.0,7.696,1,3.264999218
24.0,3.96,3.27,2.33,4.557240028,283.2854501,88.7,2.0,2.0,0.0,6.861,1,20.67836558
34.0,4.12,3.52,7.75,5.690635243,155.6422619,100.0,3.0,6.0,0.0,2.595,1,40.04745529
29.0,2.41,1.69,2.56,8.28804971,249.5975126,100.0,2.0,4.0,0.0,5.657,1,56.92005761
29.0,5.22,4.48,0.75,5.58602224,91.11602492,85.96,0.0,3.0,0.0,4.185,1,-8.711631256
15.0,7.6,4.09,5.66,4.962486162,58.7373464,100.0,3.0,8.0,1.0,3.662,1,42.36520965
27.0,10.58,9.22,5.87,7.894606608,126.8154221,94.34,2.0,6.0,1.0,6.089,2,23.77010521
21.0,8.67,6.26,2.28,8.076663412,56.67068159,100.0,2.0,2.0,1.0,4.851,2,-1.084675425
18.0,6.35,2.07,2.38,4.844885572,131.9161094,100.0,2.0,1.0,1.0,5.761,1,30.39401855
20.0,11.53,9.73,3.75,6.041211022,69.01342782,80.84,3.0,3.0,1.0,6.06,2,3.399088817
39.0,9.19,5.43,0.17,5.730749932,199.3503201,77.31,2.0,3.0,1.0,8.444,2,4.76171064
15.0,11.3,6.51,6.31,5.57425104,289.6748772,96.36,4.0,7.0,1.0,9.717,2,29.17500007
19.0,7.28,4.66,2.54,7.42075625,174.8613374,96.22,0.0,4.0,1.0,6.558,1,32.18975841
37.0,4.59,1.79,6.83,7.880608486,165.9822073,100.0,2.0,7.0,0.0,5.666,0,62.48645966
15.0,2.53,1.47,6.42,7.342134843,133.360917,100.0,2.0,6.0,0.0,1.779,0,82.36818264
18.0,9.26,7.4,5.29,3.37552992,59.3643744,87.37,2.0,9.0,1.0,4.483,2,44.80748422
36.0,3.21,3.771381605,2.6,4.141412228,234.7129392,100.0,3.0,1.0,0.0,6.305,0,32.97088614
16.0,5.03,2.33,4.13,4.99522979,186.5707318,100.0,3.0,4.0,0.0,5.116,1,46.19902661
24.0,7.32,3.771381605,3.56,5.023867782,286.6916532,100.0,3.0,3.0,1.0,7.992,1,27.99578167
19.0,7.64,4.2,2.71,4.983479339,196.5132666,86.37,4.0,2.0,1.0,6.927,1,18.67687936
24.0,8.01,5.9,6.79,5.938226649,67.24569608,100.0,1.0,7.0,1.0,3.328,2,27.00598484
15.0,3.66,2.85,3.87,4.256887235,99.77704355,100.0,3.0,2.0,0.0,3.269,1,29.99878706
36.0,5.8,5.03,6.66,7.222577188,232.8636072,100.0,0.0,9.0,0.0,5.482,2,67.05353751
20.0,8.17,5.43,0.84,6.977835247,270.6114228,93.02,2.0,4.0,1.0,9.173,2,8.997209153
27.0,11.7,5.3,1.13,6.565330072,204.208858,89.82,2.0,4.0,1.0,9.391,2,5.33647284
29.0,9.28,7.93,7.82,4.798710126,125.367097,100.0,4.0,6.0,1.0,4.814,2,16.6110011
18.0,11.23,8.59,4.7,8.298122515,180.0751945,87.88,0.0,4.0,1.0,7.645,1,17.54663092
27.0,9.62,6.2,4.08,9.347213193,163.7633776,99.31,2.0,3.0,1.0,7.066,2,31.617118
38.0,7.92,5.68,4.19,4.484368757,159.9648942,94.73,3.0,3.0,1.0,5.883,2,24.17726398
34.0,3.92,3.35,1.72,7.931290395,165.9822073,100.0,0.0,3.0,0.0,4.844,1,30.01097218
38.0,8.67,6.31,5.75,8.361528262,283.5161341,100.0,0.0,8.0,1.0,8.45,2,23.19071762
29.0,8.23,4.29,0.68,6.87347222,75.40227681,100.0,0.0,1.0,1.0,5.171,1,-4.86920609
22.0,8.02,5.84,4.59,5.313211526,94.56569462,100.0,3.0,1.0,1.0,4.433,2,31.2062576
19.0,6.9,2.24,4.57,6.135630018,150.3625822,100.0,1.0,3.0,1.0,4.959,1,64.13070186
29.0,7.29,3.88,7.31,6.457103149,196.6059969,100.0,1.0,5.0,1.0,4.872,1,75.48461656
18.0,5.34,2.9,4.21,6.070676758,256.4561694,100.0,2.0,1.0,0.0,6.187,1,38.78003835
26.0,7.19,2.88,1.1,8.883862809,216.6600717,96.55,1.0,2.0,1.0,7.945,1,44.09614936
27.0,3.98,1.25,4.58,7.640314603,178.999372,100.0,0.0,1.0,0.0,3.876,0,75.64598085
16.0,10.05,3.82,0.73,4.502754008,145.5676598,89.63,3.0,4.0,1.0,7.326,1,7.6455581
33.0,3.86,2.67,1.63,6.98497423,78.38431336,100.0,0.0,1.0,0.0,3.101,1,20.57484334
33.0,2.85,2.23,4.1412097370000005,7.893803036,287.2329703,100.0,1.0,2.0,0.0,5.462,1,6.341942032
18.0,6.36,5.68,4.11,5.227546988,47.2351986,94.05,2.0,4.0,1.0,2.447,2,19.35708643
27.0,8.58,4.36,0.68,5.495386203,148.4285591,86.52,4.0,4.0,1.0,7.826,1,4.876460755
25.0,6.38,4.21,3.76,8.005093776,165.9822073,100.0,0.0,3.0,1.0,5.902,1,37.22255558
19.0,4.77,4.11,7.46,7.145395598,155.0904578,100.0,1.0,8.0,0.0,2.907,1,82.79203609
34.0,7.58,3.03,5.76,5.530283134,220.9393287,100.0,4.0,7.0,1.0,5.462,1,66.04099181
25.0,5.47,4.0,0.62,4.811935211,196.4448002,99.02,2.0,1.0,0.0,6.409,1,4.08246967
24.0,11.33,8.53,1.79,5.973241755,153.5136689,75.1,2.0,3.0,1.0,8.088,2,-2.944089759
22.0,11.23,3.97,5.39,6.530099298,222.8512983,100.0,0.0,5.0,1.0,8.118,1,67.84377486
20.0,7.02,5.73,7.16,5.361433419,58.28265924,100.0,4.0,9.0,1.0,3.002,2,48.01700312
20.0,5.28,4.16,0.26,6.816037317,320.8857741,90.85,0.0,1.0,0.0,8.422,1,10.08550258
22.0,9.37,3.0,4.1412097370000005,4.365135955,104.8665944,100.0,4.0,3.0,1.0,5.462,1,59.52162748
37.0,2.37,0.84,4.49,5.131402676,227.8387074,100.0,2.0,2.0,0.0,4.418,0,53.36532353
29.0,6.75,2.22,4.37,6.834543373,234.1078,100.0,0.0,3.0,1.0,6.304,1,54.87372974
28.0,5.36,2.68,7.66,5.002922164,276.2569021,100.0,2.0,8.0,0.0,5.522,1,76.88437915
25.0,11.21,6.79,5.98,8.263126992,31.42529346,100.0,2.0,9.0,1.0,4.591,2,66.558815
26.0,2.12,1.31,6.8,5.325965842,200.0117472,100.0,2.0,5.0,0.0,3.04,0,66.15261642
27.0,7.53,3.47,2.83,7.228018062,64.42270195,100.0,1.0,3.0,1.0,4.256,1,42.74334952
22.0,9.41,7.97,4.43,5.630509329,239.1885382,81.88,3.0,4.0,1.0,8.316,2,3.106488238
32.0,6.85,3.57,4.92,6.083126189,68.15897781,100.0,2.0,2.0,1.0,3.409,1,56.59018161
39.0,2.85,0.93,2.57,7.360508978,126.9969322,100.0,1.0,1.0,0.0,3.074,0,49.60389766
15.0,11.72,5.63,4.56,7.085644274,124.5101896,100.0,1.0,2.0,1.0,6.652,2,37.09458913
29.0,7.18,4.44,1.89,7.729456078,180.7305179,100.0,1.0,2.0,1.0,6.283,1,21.55663366
22.0,8.14,4.44,1.15,6.367807358,173.9328868,87.11,0.0,2.0,1.0,7.065,1,5.056099266
25.0,4.37,2.03,2.99,7.482414946,214.5543753,100.0,0.0,3.0,0.0,6.268,1,33.79992979
26.0,6.83,2.59,5.91,8.337028804,273.0197496,100.0,2.0,6.0,1.0,7.022,1,69.02438694
26.0,6.29,4.98,7.33,6.390798848,248.6928127,100.0,2.0,6.0,1.0,5.826,1,63.69806706
18.0,2.75,2.47,3.66,7.321208385,186.0118489,100.0,0.0,3.0,0.0,3.877,1,53.0748185
30.0,3.06,1.52,5.14,8.765950031,188.0326956,100.0,1.0,9.0,0.0,3.728,0,63.26860187
18.0,10.37,5.49,0.82,8.881998426,145.059055,91.86,1.0,4.0,1.0,7.519,2,-0.812528505
19.0,7.0,2.95,7.24,5.85939356,256.457835,100.0,3.0,8.0,0.0,5.462,1,73.87131165
38.0,3.95,2.89,4.55,7.0823605,199.6040889,100.0,1.0,4.0,0.0,4.45,1,46.42591595
19.0,7.05,3.77,6.24,5.188081756,244.9559153,100.0,2.0,6.0,1.0,6.893,1,44.64697702
22.0,9.69,8.17,6.36,6.421709595,220.8233786,99.85,2.0,5.0,1.0,7.497,2,30.80560605
24.0,2.62,1.67,2.05,6.433887001,256.196714,100.0,2.0,1.0,0.0,5.935,0,24.02138597
31.0,7.77,4.43,4.23,7.690856477,165.9822073,100.0,0.0,2.0,1.0,5.462,1,56.54201148
23.0,3.19,2.19,7.68,5.797803746,97.59528621,100.0,2.0,7.0,0.0,1.311,1,105.3605131
36.0,2.36,2.06,0.72,7.922940908,71.03764135,90.73,2.0,3.0,0.0,1.964,1,25.33159334
33.0,2.53,1.97,5.46,3.485551217,29.79141319,100.0,2.0,8.0,0.0,0.087,0,43.77398178
28.0,10.34,3.35,4.1412097370000005,6.235009844,189.4771256,100.0,1.0,2.0,1.0,5.462,1,64.37232728
22.0,3.18,1.59,2.4,9.029001958,110.1426115,100.0,1.0,2.0,0.0,2.37,0,39.57433692
23.0,2.45,1.43,6.89,5.475435361,280.2817296,100.0,2.0,9.0,0.0,4.758,0,78.5574396
36.0,6.38,3.12,7.47,4.605440834,92.63679868,100.0,2.0,8.0,1.0,2.949,1,84.61248747
25.0,10.44,7.52,5.98,5.621775321,97.39097167,100.0,2.0,7.0,1.0,4.886,2,30.96059324
37.0,4.62,3.68,1.85,7.887158052,102.7139369,100.0,0.0,3.0,0.0,4.055,1,9.137174026
15.0,6.22,4.6,2.67,6.221977091,246.7007278,94.71,2.0,2.0,1.0,5.462,1,14.19487774
28.0,2.4,2.14,0.29,6.166270685,190.5566402,99.63,2.0,2.0,0.0,5.573,1,36.179356595
19.0,6.49,3.01,6.65,6.993747402,165.9822073,100.0,2.0,7.0,1.0,5.462,1,60.26739965
35.0,7.78,6.42,6.8,4.933891958,157.0195161,100.0,2.0,8.0,1.0,4.75,2,41.15100044
28.0,7.71,5.86,5.06,7.665240243,11.41471989,100.0,0.0,8.0,1.0,2.857,2,48.36027805
18.0,5.32,2.75,2.82,4.911732115,162.4418321,100.0,4.0,2.0,0.0,4.694,1,45.33956018
36.0,5.16,3.82,4.1412097370000005,6.395626135,303.4939806,87.76,3.0,1.0,0.0,8.197,1,2.907311648
37.0,3.07,1.11,6.02,6.798259497,127.0386277,100.0,0.0,6.0,0.0,2.269,0,96.59532523
39.0,5.67,4.39,5.81,8.646620334,293.0698356,100.0,0.0,7.0,0.0,6.672,1,68.19311497
15.0,2.99,1.85,7.3,7.701697652,68.11740127,100.0,0.0,8.0,0.0,1.085,0,95.79930503
36.0,9.67,4.6,5.84,7.370340283,41.9742466,100.0,1.0,6.0,1.0,4.223,1,82.94989559
37.0,11.66,8.09,6.63,5.405494304,152.8875618,96.77,3.0,6.0,1.0,7.721,2,16.7328207
33.0,11.7,8.01,5.97,4.578502285,192.5408971,82.6,4.0,6.0,1.0,8.199,2,27.1006843
22.0,10.65,4.53,5.05,4.68456243,245.9099138,94.76,3.0,7.0,1.0,8.73,1,54.23102469
29.0,8.01,2.55,3.42,8.334859858,243.319676,100.0,2.0,2.0,1.0,8.519,1,38.57788427
35.0,9.01,5.05,7.22,8.481087851,201.3332442,100.0,0.0,5.0,1.0,6.659,2,68.09460358
29.0,4.85,3.11,5.21,8.619879993,33.35453499,100.0,0.0,6.0,0.0,1.402,1,68.32490677
23.0,8.31,3.771381605,3.19,4.697175124,97.15790416,82.9,2.0,4.0,1.0,4.598,2,18.31989346
35.0,6.56,5.62,0.67,6.240144164,238.8402499,81.12,0.0,2.0,1.0,7.899,2,-0.478768851
23.0,6.82,4.21,2.33,7.359364698,29.10696924,100.0,0.0,3.0,1.0,3.471,1,38.92499859
24.0,9.58,7.21,4.35,6.496263018,250.7712287,90.23,2.0,1.0,1.0,8.805,2,18.5138306
34.0,4.82,2.72,2.21,7.083470386,165.9822073,100.0,2.0,1.0,0.0,2.747,1,21.34308047
39.0,5.18,3.87,1.77,8.443385593,122.8600253,100.0,2.0,3.0,0.0,4.039,1,13.88148152
35.0,11.25,4.76,4.22,6.023910709,32.66667044,100.0,2.0,3.0,1.0,5.179,1,24.48251828
23.0,2.56,1.34,1.36,4.785159883,271.066008,99.36,2.0,3.0,0.0,6.092,0,16.09746295
17.0,6.86,4.67,6.4,4.507013472,232.0689183,100.0,4.0,8.0,1.0,6.17,1,36.51615021
34.0,11.13,3.46,3.87,4.100691228,205.4768819,94.22,3.0,1.0,1.0,8.784,1,40.2221633
39.0,8.1,5.94,4.59,5.448695365,206.6885603,95.97,3.0,3.0,1.0,6.353,2,15.13613901
25.0,7.46,5.98,1.18,4.449766168,165.9822073,100.0,4.0,3.0,1.0,6.556,2,0.98743655
20.0,4.5,2.43,2.6,5.321778871,39.12814889,97.69,3.0,1.0,0.0,2.11,1,35.47675844
16.0,5.43,3.09,3.28,6.885885964,29.33126712,100.0,2.0,1.0,0.0,2.631,1,46.3608372
21.0,10.52,8.53,6.47,8.010519649,32.9859313,100.0,0.0,6.0,1.0,4.139,2,2.050055283
32.0,7.59,5.81,6.16,7.920996308,165.9822073,100.0,1.0,5.0,1.0,5.462,2,58.04713213
16.0,7.15,3.38,1.78,5.037335931,112.4487846,100.0,4.0,2.0,1.0,5.261,1,11.19569159
31.0,3.0,1.48,4.93,4.807020864,286.290247,100.0,3.0,4.0,0.0,5.721,0,53.99510203
25.0,2.16,1.53,1.95,5.332231204,61.64111394,100.0,2.0,3.0,0.0,1.835,0,44.42478612
26.0,11.64,7.43,7.91,8.864197121,206.6526087,100.0,0.0,5.0,1.0,7.227,2,43.07248781
33.0,5.77,2.29,7.62,6.447024699,231.1461261,100.0,1.0,7.0,0.0,5.879,1,94.40140193
36.0,8.03,3.9,4.51,4.57502977,232.6991744,94.07,2.0,2.0,1.0,7.602,1,16.82639071
38.0,2.8,2.35,5.59,8.361809862,231.9752711,100.0,2.0,6.0,0.0,3.843,1,78.94428252
39.0,8.83,6.29,6.41,5.517688708,165.9822073,100.0,4.0,9.0,1.0,5.462,2,49.00373148
21.0,11.33,10.1,5.77,8.698489514,165.9822073,100.0,2.0,7.0,1.0,8.374,2,8.696322478
34.0,7.76,5.9,4.1412097370000005,4.790132357,26.59214554,100.0,3.0,2.0,1.0,5.462,2,39.23463971
20.0,3.26,2.82,7.67,6.394422109,151.3093614,100.0,4.0,9.0,0.0,2.349,1,94.68212553
35.0,7.82,3.36,4.77,6.383326027,295.7109275,100.0,0.0,2.0,1.0,7.759,1,51.20728022
38.0,9.66,7.37,4.1412097370000005,8.906980517,107.0992949,100.0,1.0,7.0,1.0,5.503,2,29.91774638
15.0,6.06,1.89,6.79,8.625374142,193.640194,100.0,1.0,6.0,1.0,3.893,0,85.73886205
31.0,10.8,7.59,5.36,6.560855689,276.8973677,86.11,1.0,5.0,1.0,9.012,1,19.88529089
25.0,8.49,4.94,5.86,3.98962189,280.4158616,99.0,3.0,8.0,1.0,7.847,1,16.7815699
36.0,10.99,5.58,1.87,6.184016685,56.13016294,100.0,2.0,4.0,1.0,5.454,2,6.435751048
32.0,8.24,6.74,2.97,8.393438376,95.89932734,97.63,1.0,1.0,1.0,5.369,2,18.39410234
35.0,3.31,2.69,4.1412097370000005,6.67773762,91.73584885,100.0,0.0,3.0,0.0,3.401,1,24.45416801
31.0,5.1,1.6,4.05,6.517502160499999,168.3363918,100.0,0.0,4.0,0.0,4.615,0,85.69829579
21.0,4.02,2.68,3.65,6.417031874,222.1676065,100.0,1.0,4.0,0.0,5.255,1,43.02147527
31.0,11.09,5.77,7.98,6.164768238,177.8000023,100.0,2.0,6.0,1.0,6.811,2,61.52779198
34.0,9.6,5.27,4.89,6.01332128,144.8672683,100.0,2.0,4.0,1.0,6.613,2,30.58713483
23.0,8.76,7.0,6.29,8.447020139,0.0,100.0,1.0,8.0,1.0,2.893,2,31.15295656
31.0,5.01,2.43,2.67,8.24952559,112.478519,100.0,2.0,4.0,0.0,4.484,1,46.65288611
34.0,5.76,3.32,6.65,7.536337957,218.366994,100.0,1.0,9.0,0.0,1.645,1,84.7209699
36.0,9.56,3.9,4.92,7.169904361,47.54331777,100.0,2.0,1.0,1.0,4.664,1,59.58080913
36.0,6.74,4.7,5.58,5.51800191,19.62419525,100.0,4.0,7.0,1.0,2.556,1,44.40274652
22.0,4.26,3.0,2.36,5.283706712,209.3334964,98.24,2.0,2.0,0.0,6.022,1,21.66231818
31.0,8.17,3.69,4.39,8.04353292,71.42696096,100.0,0.0,3.0,1.0,4.408,1,50.41690699
21.0,2.4,3.771381605,5.07,5.651521006,87.08003247,100.0,3.0,8.0,0.0,1.179,0,68.92090219
15.0,5.26,4.21,4.71,8.312863347,0.0,100.0,2.0,2.0,0.0,1.957,1,44.17884034
27.0,6.69,5.06,7.32,7.923496937,115.0312194,100.0,1.0,7.0,1.0,3.069,2,52.47660932
37.0,3.48,1.73,7.19,7.835177127,287.586921,100.0,2.0,6.0,0.0,5.163,0,106.5102357
33.0,11.85,7.35,7.77,8.463705422,151.5465198,100.0,1.0,8.0,1.0,6.394,2,54.39630356
38.0,4.09,3.771381605,5.34,7.145814872,214.1697702,100.0,2.0,5.0,0.0,4.503,0,69.25909649
33.0,3.3,3.771381605,7.78,8.259807642,63.96527357,100.0,1.0,5.0,0.0,0.656,0,102.1996674
31.0,4.04,2.39,6.66,4.94001939,161.1819303,100.0,3.0,5.0,0.0,3.342,1,57.78390713
27.0,9.69,3.41,2.17,7.352006539,102.9097351,100.0,2.0,2.0,1.0,6.174,1,26.68957885
30.0,6.26,5.05,3.42,7.637009736,258.8675361,93.67,0.0,2.0,1.0,7.204,2,31.73989519
22.0,7.65,5.59,1.91,5.193766462,250.5875307,77.26,2.0,1.0,1.0,8.212,2,-0.888461044
33.0,2.21,1.91,0.03,7.471579925,76.11620531,100.0,0.0,1.0,0.0,2.696,1,12.80875708
32.0,2.34,1.68,1.5,8.434407204,218.2892232,100.0,1.0,4.0,0.0,5.5,0,42.0281871
15.0,6.46,5.58,0.03,7.266614273,115.9744947,89.36,2.0,2.0,1.0,5.381,2,0.476966875
28.0,10.17,6.43,5.76,5.680472471,293.055844,93.48,3.0,5.0,1.0,9.017,2,24.65293984
33.0,16.275,7.16,3.4,7.362126952,464.4055283,96.53,1.0,2.0,1.0,9.345,2,11.51930533
29.0,2.87,3.771381605,4.1412097370000005,5.981581605,115.7195776,100.0,3.0,4.0,0.0,5.462,1,30.50682373
32.0,7.38,5.06,4.1412097370000005,8.167158037,119.3089011,100.0,0.0,6.0,1.0,4.003,2,48.41661667
16.0,11.13,3.54,4.1412097370000005,5.602010975,165.9822073,100.0,0.0,2.0,1.0,5.462,1,60.73652359
36.0,5.88,4.32,7.8,6.895508307,263.4142667,100.0,0.0,6.0,0.0,6.32,1,59.26678313
31.0,10.3,8.69,5.14,6.168484477,47.0009845,93.42,1.0,8.0,1.0,4.328,1,19.41212218
32.0,3.34,2.6,3.69,5.134335323,161.3999186,100.0,4.0,2.0,0.0,4.183,1,29.72162313
20.0,11.35,7.38,2.44,5.655215571,87.70987213,80.6,4.0,3.0,1.0,6.883,2,0.068376554
33.0,9.51,6.68,1.78,3.984263683,147.3290529,76.22,2.0,2.0,1.0,7.041,2,-1.822879989
18.0,11.41,10.2,1.7,7.362231496,137.5994967,63.96,2.0,2.0,1.0,7.815,2,8.311955659
15.0,8.77,3.11,3.27,7.808096417,165.9822073,100.0,2.0,4.0,1.0,5.462,1,48.38422194
22.0,5.63,3.94,4.1412097370000005,4.06101142,245.9133581,100.0,3.0,4.0,0.0,5.462,1,36.179356595
37.0,11.38,5.35,0.01,5.057720073,6.358569668,83.48,2.0,4.0,1.0,6.107,2,-1.260432313
21.0,4.76,3.26,1.58,5.813717459,232.4568925,100.0,1.0,3.0,0.0,5.462,1,36.179356595
17.0,5.32,3.54,1.51,6.957075953,131.1535237,100.0,1.0,3.0,0.0,4.927,1,31.66737051
24.0,9.01,3.53,5.74,4.785804947,115.0336676,100.0,2.0,5.0,1.0,5.443,1,26.53721055
24.0,9.65,3.771381605,2.82,5.260265277,68.61069923,100.0,4.0,3.0,1.0,5.839,1,29.08145621
33.0,11.29,7.6,3.66,4.381953628,268.3848585,82.77,3.0,4.0,1.0,9.747,2,6.293167938
28.0,4.05,1.53,1.19,6.517502160499999,76.56055805,100.0,0.0,2.0,0.0,3.128,0,20.79405298
16.0,9.98,4.58,3.24,5.009121671,178.3773413,95.75,2.0,3.0,1.0,7.578,1,15.59150388
15.0,9.39,7.52,0.83,5.306491295,135.5585366,81.12,2.0,2.0,1.0,7.006,2,2.09144164
37.0,2.64,1.31,4.26,7.591098668,293.6585238,100.0,2.0,3.0,0.0,6.022,0,61.29784869
37.0,7.0,3.48,0.78,7.403058951,191.5371539,100.0,2.0,4.0,1.0,6.141,1,20.7348097
32.0,4.83,4.18,6.32,6.517502160499999,198.3987877,100.0,1.0,7.0,0.0,4.159,1,40.3147541
21.0,5.04,2.2,4.53,7.40990579,83.21523776,100.0,0.0,2.0,0.0,2.681,1,62.23571258
22.0,11.83,6.31,5.79,6.916669441,214.7471626,98.14,2.0,8.0,1.0,8.838,2,24.46449562
15.0,8.43,5.6,3.35,8.614990238,49.81220765,100.0,0.0,3.0,1.0,4.15,2,38.02354083
39.0,9.18,6.91,3.05,5.084762579,228.2755348,100.0,3.0,4.0,1.0,8.135,2,1.839139749
37.0,11.77,9.9,4.1412097370000005,6.517502160499999,35.26050186,75.39,0.0,4.0,1.0,5.462,2,-4.247620049
17.0,5.77,4.9,4.19,7.577054278,158.5210116,100.0,0.0,3.0,0.0,4.448,1,32.18371871
38.0,10.02,7.68,4.12,5.697947835,54.15532647,96.81,2.0,2.0,1.0,4.474,2,4.155124403
37.0,6.35,2.77,3.74,8.011083843,188.5951022,100.0,1.0,1.0,1.0,5.513,1,48.18245446
22.0,10.7,3.37,5.92,5.785914372,257.525341,100.0,2.0,8.0,1.0,8.314,1,46.69999134
36.0,3.81,2.02,6.66,7.3248647,131.8053774,100.0,1.0,7.0,0.0,5.462,1,95.67806699
39.0,11.48,4.42,6.01,4.396007851,73.58100252,100.0,2.0,6.0,1.0,5.857,1,53.4837453
29.0,4.19,3.04,1.15,5.334492853,115.6288991,99.93,4.0,3.0,0.0,3.87,1,-1.517754226
19.0,5.26,3.66,4.98,7.31464413,165.9822073,100.0,1.0,3.0,0.0,2.136,1,43.90807752
17.0,9.56,3.12,0.64,5.335258514,139.6359229,90.86,4.0,2.0,1.0,6.968,1,-1.22243359
33.0,5.94,4.76,5.56,5.826600658,192.5945918,100.0,1.0,9.0,0.0,4.782,1,55.61176982
27.0,8.08,3.63,3.05,5.508623576,131.9709224,100.0,4.0,4.0,1.0,5.625,1,34.70010602
29.0,6.45,3.61,1.06,7.496697237,264.3723664,100.0,1.0,4.0,1.0,7.887,1,1.39437137
22.0,9.42,6.6,4.1412097370000005,6.577594568,32.36442442,100.0,2.0,4.0,1.0,5.462,2,38.3079667
16.0,4.28,2.39,4.91,3.233417458,252.8500952,100.0,3.0,3.0,0.0,5.487,1,50.66995259
17.0,2.58,1.46,2.84,7.195020288,146.6032223,100.0,2.0,4.0,0.0,3.238,0,48.08324613
38.0,5.0,1.7,0.25,6.184800199,178.4059327,100.0,0.0,1.0,0.0,6.005,0,9.098717953
28.0,6.74,3.65,4.3,5.04663587,297.4845744,100.0,4.0,1.0,1.0,7.88,1,46.50269966
38.0,3.68,2.79,7.39,4.24644488,229.3023521,100.0,3.0,8.0,0.0,3.883,1,63.03824365
28.0,5.55,4.71,4.77,4.851404124,244.9443802,100.0,3.0,4.0,0.0,6.084,1,39.04999616
25.0,6.0,3.29,7.77,4.431571938,210.3707001,100.0,3.0,7.0,0.0,4.869,1,72.01815113
30.0,2.57,1.42,1.09,7.931939307,248.1397507,100.0,1.0,1.0,0.0,6.378,0,20.29229205
18.0,7.83,5.65,4.55,6.158280723,251.7241728,93.33,1.0,3.0,1.0,5.462,2,17.91909257
34.0,10.84,9.38,6.39,4.281974631,37.72937643,89.59,2.0,9.0,1.0,3.903,2,36.179356595
19.0,3.52,1.62,4.2,5.48840748,162.5060367,100.0,3.0,3.0,0.0,3.54,0,40.20685482
36.0,7.98,4.5,0.73,4.255555813,98.80528952,91.65,2.0,1.0,1.0,5.951,1,5.439177255
35.0,8.65,6.73,4.66,7.279140287,0.0,100.0,1.0,4.0,1.0,3.427,2,17.26517329
28.0,6.19,4.12,4.89,4.946578444,245.2250495,100.0,4.0,3.0,1.0,6.888,1,39.97962027
37.0,9.01,3.3,5.83,6.672270962,157.338373,100.0,0.0,9.0,1.0,5.796,1,64.47482971
30.0,6.11,4.13,6.09,7.024346157,121.4583278,100.0,2.0,8.0,1.0,3.928,1,62.15793084
32.0,7.05,2.9,6.17,7.852171966,62.39321881,100.0,1.0,8.0,1.0,3.514,1,64.24077622
21.0,2.07,1.25,5.31,4.964570749,158.0142526,100.0,2.0,8.0,0.0,2.942,0,77.92493437
24.0,8.92,5.51,1.73,6.334375782,242.1835661,94.86,1.0,3.0,1.0,8.541,2,-6.936558837
21.0,8.61,7.11,3.23,6.808526542,89.54492709,94.87,0.0,1.0,1.0,5.096,2,2.992879705
15.0,2.38,1.37,6.21,6.147132946,158.4081409,100.0,0.0,9.0,0.0,2.587,0,83.09057554
37.0,5.68,2.66,7.63,8.463932002,211.2773829,100.0,1.0,9.0,0.0,4.911,1,73.04107238
35.0,11.79,5.17,0.63,7.460448476,238.5813921,87.75,2.0,1.0,1.0,10.206,2,6.710750139
33.0,6.21,5.12,4.1412097370000005,5.568070988,207.7906906,93.29,1.0,1.0,1.0,6.221,2,23.15648718
30.0,7.02,2.83,2.5,6.477993386,273.3786223,100.0,1.0,2.0,1.0,7.92,1,16.75454635
33.0,11.1,6.17,4.1412097370000005,8.933214559,108.0028356,86.81,2.0,4.0,1.0,5.462,2,19.50752753
18.0,9.17,3.78,4.05,6.674332916,193.5792102,100.0,2.0,1.0,1.0,7.17,1,36.15938231
32.0,7.82,5.97,4.85,8.246794396,71.28328353,100.0,0.0,3.0,1.0,4.235,2,38.66973696
16.0,9.98,5.83,0.08,4.726651038,31.34434765,79.17,3.0,3.0,1.0,5.686,2,-5.686182305
15.0,15.96,5.43,6.24,6.351656387,285.5669456,100.0,2.0,5.0,1.0,6.568,2,38.3560278
27.0,6.57,3.39,6.56,8.557714248,255.857026,100.0,2.0,7.0,1.0,6.077,1,63.4523821
19.0,6.75,5.48,7.72,5.929296939,21.97031805,100.0,3.0,6.0,1.0,1.559,1,36.179356595
34.0,5.86,3.71,1.45,8.768744157,223.9792345,100.0,2.0,3.0,0.0,6.835,1,13.21014832
25.0,11.67,8.53,4.76,4.130062702,158.9768663,100.0,3.0,1.0,1.0,7.427,2,-2.435867681
24.0,8.97,7.52,3.41,8.987995764,188.2863061,92.22,0.0,1.0,1.0,7.522,2,0.318988895
16.0,2.83,2.38,2.68,6.338886448,31.38419838,100.0,0.0,3.0,0.0,1.351,1,39.7173815
17.0,10.63,5.28,4.53,4.551703021,222.531798,97.65,3.0,4.0,1.0,8.596,2,6.446454118
37.0,6.81,5.93,6.26,7.999584524,48.78965401,100.0,0.0,6.0,1.0,2.867,2,51.61130806
37.0,2.69,0.85,0.18,5.945162665,55.91940034,100.0,2.0,1.0,0.0,2.251,0,36.179356595
26.0,7.5,3.95,7.76,4.495898621,192.7995463,100.0,4.0,6.0,1.0,4.862,1,60.4777715
34.0,6.17,5.17,6.48,4.821617656,236.6218374,100.0,2.0,9.0,1.0,5.462,2,47.8793791
19.0,10.78,3.771381605,6.01,7.127432167,269.12425,100.0,2.0,9.0,1.0,9.267,2,27.84243209
19.0,4.04,1.87,6.08,9.186795832,214.7592827,100.0,1.0,7.0,0.0,4.556,0,73.64656061
20.0,10.26,4.94,3.11,6.517502160499999,65.12223582,100.0,4.0,2.0,1.0,5.462,1,-5.154070848
23.0,7.58,5.06,6.01,6.986802688,165.9822073,100.0,0.0,8.0,1.0,5.462,2,36.179356595
16.0,2.55,1.44,3.09,4.632345561,43.0067755,100.0,3.0,1.0,0.0,0.928,0,42.44403897
35.0,11.72,8.63,7.19,7.277473341,158.2836036,97.3,1.0,6.0,1.0,6.863,2,51.07944294
26.0,7.13,5.97,1.42,4.972714225,194.6034337,84.16,4.0,4.0,1.0,6.859,2,-2.795262291
17.0,4.91,3.46,2.34,5.02282949,167.283583,94.28,2.0,2.0,0.0,5.073,1,24.15991364
34.0,6.69,2.83,4.41,4.719566904,268.420838,97.6,3.0,4.0,1.0,7.302,1,9.94275263
36.0,10.58,9.09,2.55,6.804646484,72.65323815,77.82,0.0,1.0,1.0,6.305,2,-1.143736268
26.0,5.05,2.32,3.39,8.802290141,147.5589916,100.0,1.0,1.0,0.0,3.968,1,56.84266263
38.0,3.93,1.53,3.94,6.619591283,240.7764759,100.0,0.0,3.0,0.0,5.743,0,49.83985545
31.0,3.29,1.16,6.85,4.964153916,160.8395701,100.0,2.0,9.0,0.0,2.73,0,72.71127355
24.0,7.0,3.18,4.19,6.8027014,64.60459261,100.0,1.0,4.0,0.0,5.462,1,56.38401212
38.0,9.8,3.61,2.9,8.006711756,158.5445267,100.0,0.0,4.0,1.0,6.77,1,51.63803893
28.0,6.72,2.58,1.98,4.379392135,266.0100515,98.0,2.0,4.0,1.0,8.246,1,4.638211843
37.0,4.27,2.05,3.27,4.870161019,43.95873243,100.0,4.0,1.0,0.0,1.934,1,33.43892896
31.0,3.66,1.72,4.13,5.41977111,18.83917015,100.0,2.0,1.0,0.0,1.391,0,51.00565519
32.0,5.33,3.53,5.97,7.328117132,273.2350941,100.0,0.0,6.0,0.0,6.374,1,65.18000221
33.0,11.4,9.01,0.97,7.344590209,244.8975952,63.28,0.0,4.0,1.0,10.749,2,-4.771760789
31.0,5.43,4.11,1.77,6.422942217,165.9822073,95.59,0.0,4.0,0.0,5.884,1,17.76382244
27.0,11.88,5.43,3.04,4.934297115,304.6557884,100.0,3.0,2.0,1.0,10.508,2,3.090254212
23.0,6.85,3.06,4.1412097370000005,5.310645941,93.89950195,100.0,2.0,4.0,1.0,4.501,1,24.75138978
22.0,3.79,3.33,3.13,8.301767178,311.5731791,100.0,0.0,3.0,0.0,6.936,1,20.36237574
16.0,10.91,3.33,6.35,4.466536347,60.93637661,100.0,4.0,9.0,1.0,4.61,1,63.12758484
27.0,6.6,5.46,2.59,7.852336883,113.5216655,100.0,0.0,1.0,1.0,4.883,2,33.46528406
39.0,9.1,3.771381605,4.02,6.807513314,167.3252659,100.0,0.0,1.0,1.0,5.462,1,42.56112418
21.0,11.84,10.28,4.99,4.896805853,53.16436732,80.83,2.0,4.0,1.0,5.903,2,4.157763064
23.0,7.0,1.26,4.1412097370000005,5.517640668,23.94866133,100.0,1.0,1.0,0.0,5.462,0,50.96430802
36.0,2.97,1.68,5.75,8.556378717,246.5579955,100.0,1.0,7.0,0.0,4.52,0,56.16872743
36.0,9.2,6.66,4.38,6.517502160499999,230.1559159,85.75,0.0,2.0,1.0,7.886,2,15.61029503
25.0,4.82,3.15,3.57,9.018212862,184.536792,100.0,0.0,3.0,0.0,4.699,1,28.16186469
27.0,3.84,1.88,6.48,5.376013004,233.3937791,100.0,4.0,6.0,0.0,4.996,0,74.77564231
18.0,2.39,1.51,1.95,6.541903521,115.3447,100.0,1.0,2.0,0.0,2.75,0,9.983250905
27.0,7.0,1.64,7.07,8.035319288,231.02221,100.0,2.0,8.0,1.0,5.462,0,87.55010414
16.0,9.74,3.17,4.49,8.545563674,260.5225471,100.0,0.0,3.0,1.0,8.363,1,58.05950262
37.0,3.34,1.02,4.87,6.463636794,165.9822073,100.0,0.0,4.0,0.0,5.462,0,76.36412792
19.0,6.68,3.84,7.0,7.545469569,230.9206114,100.0,2.0,5.0,1.0,5.76,1,60.49031935
25.0,8.06,3.06,6.54,4.121405905,248.6532904,100.0,4.0,8.0,1.0,6.988,1,44.51102798
20.0,6.28,4.39,4.81,4.962245395,165.9822073,100.0,2.0,3.0,1.0,5.462,1,32.89961048
32.0,2.27,0.97,6.03,5.324529819,42.54804725,100.0,3.0,5.0,0.0,0.526,0,79.24066666
35.0,9.84,5.51,3.47,3.957731391,181.2172314,88.64,3.0,1.0,1.0,7.899,2,3.287482356
24.0,2.11,3.771381605,4.38,6.010284781,73.6702708,100.0,3.0,3.0,0.0,1.001,0,56.54611125
18.0,9.62,6.05,0.5,5.468091872,228.3255373,69.9,3.0,2.0,1.0,9.24,2,-10.29336785
23.0,10.93,4.04,0.72,9.641591455,275.4400845,97.78,0.0,4.0,1.0,10.629,1,31.5925224
20.0,6.33,1.99,6.64,7.949738314,100.2236718,100.0,0.0,9.0,1.0,3.233,0,73.10668728
16.0,7.36,2.43,0.48,5.934484697,149.3822107,91.62,2.0,4.0,1.0,6.696,1,8.239797494
31.0,6.77,5.91,4.1412097370000005,9.754811417,251.15072,85.8,1.0,4.0,1.0,7.977,2,6.447362826
19.0,5.89,2.27,6.37,4.786874938,24.67797181,100.0,4.0,8.0,0.0,1.654,1,69.4998744
27.0,10.87,7.88,0.01,6.80467643,298.3563462,64.19,1.0,2.0,1.0,11.272,2,-12.19725653
20.0,10.94,3.73,2.26,7.099282262,111.3406159,99.4,1.0,4.0,1.0,6.972,1,33.31211775
26.0,5.36,1.96,4.67,4.404885081,51.46441031,100.0,3.0,3.0,0.0,2.159,0,36.6310077
37.0,8.15,4.93,4.76,7.547955837,29.12724333,100.0,2.0,1.0,1.0,3.547,1,55.88215828
35.0,11.27,6.52,6.22,4.370115627,188.4255104,100.0,2.0,8.0,1.0,7.209,2,23.5896593
24.0,11.62,10.12,4.05,4.990595514,99.56236599,80.43,2.0,4.0,1.0,6.175,2,10.23397198
36.0,7.09,6.15,4.08,5.328454676,77.61959761,96.6,2.0,3.0,1.0,3.901,2,12.60947948
35.0,6.53,5.01,5.8,8.242653085,181.3522869,100.0,2.0,8.0,1.0,5.325,2,59.31014323
39.0,4.79,3.771381605,3.99,7.195356908,82.99062678,100.0,1.0,3.0,0.0,3.098,1,29.34735432
20.0,11.59,6.64,4.87,7.91869484,294.5298025,90.69,0.0,4.0,1.0,10.234,2,0.330377741
22.0,3.43,3.771381605,7.18,6.949602887,216.7859802,100.0,0.0,5.0,0.0,4.101,0,82.23456402
16.0,7.8,6.77,3.21,5.287871416,168.8473288,84.74,2.0,4.0,1.0,6.417,2,-2.748174859
26.0,4.83,3.2,3.08,6.517502160499999,195.5255153,100.0,1.0,4.0,0.0,5.471,1,20.82348879
27.0,4.79,3.1,0.03,6.301949245,122.9068011,100.0,2.0,1.0,0.0,4.406,1,14.46188111
39.0,6.05,2.66,4.91,4.453969328,27.43937273,100.0,2.0,1.0,1.0,2.132,1,57.63250032
35.0,11.99,3.93,0.24,7.455550081,165.9822073,89.72,2.0,4.0,1.0,5.462,1,15.21033082
21.0,2.55,2.21,4.03,6.517502160499999,186.1764299,100.0,0.0,4.0,0.0,4.006,1,35.91022888
24.0,7.79,3.8,6.43,5.193859313,261.9797933,100.0,4.0,8.0,1.0,7.486,1,55.9923157
27.0,2.83,1.6,4.4,8.016255631,17.85137376,100.0,1.0,3.0,0.0,0.555,0,58.21218702
31.0,3.55,1.31,2.16,7.218824098,253.8929683,100.0,1.0,4.0,0.0,5.807,0,25.41124436
35.0,9.6,5.13,6.29,6.997151095,41.90138399,100.0,0.0,7.0,1.0,2.293,2,72.79970162
28.0,7.1,2.25,2.16,5.332383869,110.6547591,100.0,1.0,4.0,1.0,4.582,1,43.39125831
16.0,4.59,3.67,5.86,5.565322289,129.4311821,100.0,4.0,7.0,0.0,3.397,1,54.82838378
36.0,5.16,1.98,4.88,8.112065088,169.4532447,100.0,2.0,4.0,0.0,4.556,0,36.179356595
25.0,2.87,2.39,1.36,7.958619946,74.80302091,100.0,2.0,3.0,0.0,2.207,1,37.42150611
15.0,5.03,3.71,7.24,6.313581623,44.66517443,100.0,1.0,8.0,0.0,1.243,1,80.77295004
33.0,7.0,4.65,1.61,8.766748091,277.3839421,100.0,2.0,4.0,0.0,5.462,1,-0.194074671
35.0,11.45,7.32,7.92,8.917767577,189.4626818,100.0,2.0,9.0,1.0,6.909,2,70.13146294
18.0,5.35,2.61,0.06,6.251060428,205.489449,95.56,1.0,1.0,0.0,6.817,1,-1.251223762
33.0,7.71,3.14,2.11,8.347382667,265.5844871,100.0,0.0,2.0,1.0,8.882,1,25.81602323
35.0,11.1,9.05,1.6,6.36276456,108.8548801,84.0,1.0,1.0,1.0,6.83,2,-3.203578639
27.0,2.06,1.12,0.11,6.76184775,51.32671556,100.0,0.0,3.0,1.0,1.397,0,32.28352576
22.0,10.11,5.45,5.86,4.096301214,104.4090691,100.0,3.0,8.0,1.0,5.257,2,27.02358183
25.0,11.48,4.61,5.55,7.23778965,244.7507551,97.81,2.0,8.0,1.0,9.015,1,37.51913968
27.0,2.91,1.54,6.34,8.12977977,83.78641454,100.0,1.0,9.0,0.0,0.853,0,36.179356595
31.0,3.61,2.97,2.05,7.790587023,122.2737545,100.0,2.0,1.0,0.0,3.73,1,26.92754027
21.0,11.61,6.01,3.55,7.992787814,158.5515594,100.0,1.0,1.0,1.0,7.6,2,6.575006264
22.0,7.38,6.43,5.27,4.757580805,150.8670365,90.47,4.0,9.0,1.0,5.449,2,37.65741156
17.0,2.14,1.86,3.52,5.552264955,279.578949,100.0,4.0,3.0,0.0,5.434,0,36.1947101
36.0,4.58,1.77,5.58,4.376251956,15.22593812,100.0,2.0,8.0,0.0,1.036,0,69.18383023
16.0,6.5,2.64,5.07,5.597822532,233.1696461,100.0,2.0,5.0,1.0,6.549,1,51.31778786
37.0,8.93,7.3,0.92,6.713120611,202.1040726,78.37,1.0,2.0,1.0,8.349,2,-4.837294238
29.0,9.33,3.771381605,6.25,5.659696476,103.0649126,100.0,2.0,5.0,1.0,4.59,2,47.30920171
38.0,11.95,3.62,5.77,6.446861519,137.402851,100.0,1.0,9.0,1.0,6.564,1,75.99947406
36.0,4.88,2.27,5.25,6.642064354,246.4633948,100.0,1.0,9.0,0.0,5.885,1,74.60707384
36.0,7.38,4.86,1.24,5.264658862,38.24694335,96.01,2.0,4.0,1.0,4.298,1,-5.313741542
19.0,7.33,5.71,2.14,5.172772732,61.95480788,90.3,3.0,3.0,1.0,4.003,2,-6.474755918
38.0,9.09,2.3,4.1412097370000005,8.136204938,428.8485705,100.0,1.0,1.0,1.0,6.765,1,50.07296903
15.0,3.69,1.35,2.24,6.517502160499999,188.2746408,95.83,3.0,2.0,1.0,5.013,0,32.69437616
27.0,11.77,10.04,1.82,3.212549876,316.8348156,50.25,3.0,1.0,1.0,11.319,2,-1.761946129
29.0,10.53,7.9,6.44,8.135597782,239.5772772,100.0,0.0,5.0,1.0,7.933,1,51.62816638
34.0,6.98,4.56,5.11,9.079093776,123.35091,100.0,1.0,6.0,1.0,4.837,1,60.3554334
33.0,8.03,6.11,4.52,7.237837341,71.26531666,100.0,2.0,4.0,1.0,4.639,2,22.51704746
17.0,6.405,2.38,1.81,4.490618964,374.5366008,100.0,2.0,4.0,0.0,5.652,1,11.2118125
27.0,7.44,5.62,7.34,4.886733578,41.50864853,100.0,4.0,6.0,1.0,2.198,2,40.00804676
25.0,8.95,4.68,1.53,9.25762208,165.9822073,100.0,0.0,4.0,1.0,5.462,1,27.21493306
31.0,7.15,3.19,6.36,8.285638194,107.506711,100.0,1.0,7.0,1.0,3.827,1,78.37344261
27.0,11.9,8.78,7.73,6.484256279,0.0,99.41,0.0,8.0,1.0,4.071,2,29.66079054
25.0,8.11,4.48,5.82,5.802353547,39.65562172,100.0,3.0,9.0,1.0,3.169,1,44.80753676
16.0,5.71,5.08,7.94,3.582205119,114.9073254,100.0,2.0,8.0,0.0,2.633,2,54.64011144
23.0,9.72,4.95,5.21,4.96398244,18.37390353,97.89,4.0,9.0,1.0,3.857,1,35.2571647
16.0,3.7,3.16,1.74,6.702911565,88.30842241,100.0,2.0,2.0,0.0,2.628,1,18.26928276
35.0,5.85,5.03,1.63,4.343942264,124.0387607,86.77,2.0,4.0,0.0,4.696,2,1.672767513
23.0,5.47,2.43,2.6,8.534214673,119.0188922,100.0,0.0,3.0,0.0,3.755,1,56.54398949
23.0,6.32,4.92,0.06,4.70738781,202.7296809,82.32,4.0,4.0,1.0,7.282,1,10.5934176
22.0,9.82,5.5,5.45,7.29829706,163.135261,100.0,2.0,6.0,1.0,6.435,2,36.179356595
27.0,6.84,5.82,2.15,4.533176769,44.92272067,99.57,4.0,1.0,1.0,3.355,2,-4.147751631
15.0,9.94,5.67,6.52,7.398939651,165.9822073,100.0,0.0,7.0,1.0,5.462,2,59.39664425
39.0,7.76,5.79,2.87,4.814491452,40.16067166,94.71,4.0,2.0,1.0,3.779,2,9.195904145
25.0,5.42,3.14,3.84,8.433850229,154.1078285,100.0,0.0,2.0,0.0,4.538,1,42.39452721
22.0,10.1,4.41,7.73,7.213843222,235.8890332,100.0,2.0,7.0,1.0,7.531,1,58.09664355
24.0,4.38,1.84,1.94,3.539395087,119.479236,100.0,2.0,3.0,0.0,4.588,0,17.49471522
39.0,6.36,2.35,5.77,8.237535736,225.1465992,100.0,0.0,6.0,0.0,3.029,1,102.7702349
21.0,7.05,5.31,6.04,6.619785982,188.4491733,100.0,0.0,8.0,1.0,4.853,2,33.30010529
17.0,4.61,3.06,1.77,8.823986406,59.96128044,100.0,0.0,1.0,0.0,3.014,1,1.964302911
17.0,2.09,1.49,4.01,8.491570294,241.4168226,100.0,1.0,1.0,0.0,4.582,0,59.80472115
32.0,8.48,3.98,2.8,8.925155701,41.77039498,100.0,2.0,2.0,1.0,4.94,1,42.27553561
19.0,7.11,4.19,6.18,4.613758673,130.9487821,100.0,2.0,7.0,1.0,4.341,1,31.79350022
26.0,6.46,2.11,4.98,4.464111188,198.9460225,100.0,2.0,2.0,1.0,5.876,1,39.239427
26.0,11.67,9.23,3.81,8.769210514,165.9822073,95.18,2.0,1.0,1.0,7.512,2,10.51154518
33.0,7.71,6.89,6.23,6.305198267,101.5900631,100.0,0.0,7.0,1.0,4.066,2,41.36847487
20.0,10.63,5.78,1.88,5.075890637,124.6767409,86.35,2.0,1.0,1.0,7.251,2,0.493171206
16.0,3.39,1.04,6.03,7.60879694,131.7854649,100.0,2.0,6.0,0.0,2.246,0,85.47569766
26.0,7.69,3.09,6.92,5.684316269,13.93241322,100.0,2.0,5.0,1.0,2.329,1,75.18388414
33.0,10.68,7.39,7.03,7.886629216,13.25682473,100.0,2.0,9.0,1.0,3.731,2,52.51078977
19.0,7.83,5.22,6.27,8.456327712,135.9358158,100.0,1.0,5.0,1.0,4.574,2,56.13392581
26.0,7.0,7.09,3.26,7.964707758,180.6176464,99.25,1.0,4.0,1.0,7.032,2,4.253548557
31.0,5.72,2.59,7.85,5.573333501,254.0665177,100.0,4.0,7.0,0.0,5.625,1,96.97402017
31.0,2.92,2.21,3.04,6.779830232,46.81386252,100.0,2.0,1.0,0.0,1.468,1,29.23105851
24.0,6.58,4.69,4.1412097370000005,5.772365416,113.8008336,100.0,0.0,2.0,1.0,5.462,1,54.59147189
39.0,5.94,2.93,1.29,6.13293499,227.599435,87.29,2.0,1.0,0.0,7.183,1,5.514008893
27.0,10.67,6.69,7.84,5.285373582,107.2828199,100.0,4.0,7.0,1.0,5.363,2,41.69083126
31.0,4.44,3.771381605,5.63,6.152336769,0.683857505,100.0,2.0,4.0,0.0,5.462,0,80.53280022
29.0,11.67,6.67,6.03,6.840780632,40.88661366,100.0,1.0,4.0,1.0,4.746,2,32.11608178
26.0,11.58,9.6,0.53,6.700017098,107.6961541,69.65,0.0,1.0,1.0,8.131,2,5.544107665
30.0,4.48,2.48,6.11,7.948098687,253.5347544,100.0,0.0,8.0,0.0,5.387,1,67.66677967
38.0,5.48,4.4,6.2,6.846379764,195.3438884,100.0,1.0,9.0,0.0,4.8,1,49.14956218
33.0,10.96,7.17,5.37,5.61894613,98.59530471,98.12,4.0,9.0,1.0,5.929,2,36.97561752
22.0,11.67,4.84,2.34,7.618027257,305.9176287,93.02,2.0,2.0,1.0,10.773,1,28.36528719
35.0,6.43,4.17,3.92,7.545757741,253.7180016,100.0,1.0,2.0,1.0,6.339,1,40.21743543
31.0,5.21,3.14,0.88,5.972699662,265.3860612,81.39,3.0,4.0,0.0,5.462,1,2.1826811
37.0,7.26,3.91,3.77,6.418145196,154.8677781,100.0,1.0,1.0,1.0,5.859,1,47.60757502
19.0,8.88,3.3,1.95,4.527217402,239.2735164,96.21,2.0,3.0,1.0,8.355,1,4.760314828
36.0,4.73,2.6,2.79,5.669602687,104.2307233,100.0,3.0,2.0,0.0,3.528,1,40.50491028
30.0,9.36,3.22,1.3,8.426181205,246.0309258,100.0,1.0,2.0,1.0,8.45,1,49.3621304
20.0,2.52,0.91,1.84,9.359468695,203.6430572,100.0,2.0,1.0,0.0,5.208,0,34.56196533
22.0,2.49,1.37,0.61,6.614938649,281.217084,91.82,1.0,1.0,0.0,6.822,0,32.48905501
39.0,5.86,2.83,7.36,6.517502160499999,292.3650465,100.0,0.0,8.0,0.0,6.202,1,63.81726819
32.0,5.53,4.73,4.24,8.516212815,39.4159293,100.0,2.0,3.0,0.0,2.033,1,48.77171727
39.0,5.16,2.71,3.17,9.025673246,130.4128118,100.0,2.0,3.0,0.0,4.289,1,48.45762928
26.0,6.91,5.22,4.28,6.330525407,5.291985204,100.0,1.0,3.0,1.0,2.651,2,40.507904
29.0,5.21,3.22,5.03,6.607068193,165.9822073,100.0,2.0,5.0,0.0,5.462,1,72.20325465
23.0,3.92,2.83,4.1412097370000005,6.762624985,130.2369262,100.0,1.0,7.0,0.0,2.546,1,79.00945655
27.0,5.09,2.32,1.43,3.742037667,274.7530809,100.0,4.0,3.0,0.0,7.176,1,15.67561402
29.0,11.75,10.17,2.36,5.917323224,76.92380778,68.61,0.0,1.0,1.0,6.867,2,9.152957533
24.0,6.11,3.78,4.1412097370000005,8.615715656,271.1250296,100.0,0.0,8.0,1.0,5.692,1,74.261223
30.0,6.45,5.15,2.97,8.036210314,29.8163573,100.0,1.0,1.0,1.0,3.334,2,36.179356595
21.0,7.77,3.771381605,0.18,8.072288292,88.50969299,98.39,1.0,2.0,1.0,5.231,1,25.15154265
31.0,11.83,4.26,1.18,6.517502160499999,132.0167397,85.69,1.0,2.0,1.0,8.881,1,-4.628603962
37.0,4.42,3.11,0.21,6.485476511,101.4285717,96.47,1.0,3.0,0.0,4.427,1,2.946128792
35.0,8.81,2.68,4.1412097370000005,4.126106798,35.67227948,100.0,4.0,2.0,1.0,5.462,1,78.51665198
36.0,9.16,5.36,4.1412097370000005,4.842018869,185.8886114,92.9,4.0,2.0,1.0,8.251,2,-1.371650549
21.0,8.07,3.35,7.39,8.104955443,244.760129,100.0,1.0,8.0,1.0,7.018,1,36.179356595
28.0,2.89,1.95,7.97,7.183030515,197.4578436,100.0,1.0,7.0,0.0,2.894,0,87.33454849
29.0,8.77,7.78,4.8,7.766479593,266.5273293,89.09,1.0,1.0,1.0,8.445,2,12.72973634
35.0,2.64,1.53,0.27,4.074674225,59.85616716,96.05,3.0,2.0,1.0,2.439,0,10.0170969
27.0,7.96,6.29,0.65,6.409920949,139.5714587,87.12,2.0,2.0,1.0,6.745,2,-3.224950335
23.0,9.4,5.68,3.85,6.469997386,165.9822073,100.0,2.0,3.0,1.0,5.005,2,38.78191361
33.0,7.0,2.46,3.25,4.552736874,105.2084448,100.0,2.0,4.0,0.0,3.18,1,42.63388933
30.0,10.42,8.94,4.85,5.407016045,228.6146597,86.06,4.0,2.0,1.0,8.375,2,1.957275575
22.0,2.3,1.92,3.51,4.748980157,288.9574541,96.28,3.0,3.0,0.0,5.857,0,25.30586427
32.0,10.44,3.771381605,7.47,7.29745415,35.2297925,100.0,1.0,7.0,1.0,3.779,2,36.179356595
37.0,6.6,3.15,4.28,9.01584035,223.4649654,100.0,0.0,1.0,1.0,6.696,1,63.61798654
32.0,4.18,2.62,5.55,6.517502160499999,207.1932209,100.0,0.0,7.0,0.0,4.585,1,36.179356595
34.0,3.34,1.45,7.17,8.661197831,194.2513437,100.0,0.0,7.0,0.0,3.119,0,101.5976941
21.0,11.53,6.53,1.17,8.079465663,222.5439725,90.41,0.0,1.0,1.0,9.814,2,3.2259765
17.0,2.73,1.61,1.84,8.395453524,36.66925705,100.0,2.0,2.0,0.0,1.773,0,41.61770176
32.0,3.99,3.19,0.86,6.512606023,248.6304051,96.34,2.0,3.0,0.0,6.997,1,14.38663321
24.0,5.48,4.59,1.12,6.528776723,208.6296186,90.93,0.0,1.0,0.0,6.444,1,2.281365821
21.0,7.0,4.5,4.1,5.882264131,16.81420932,100.0,0.0,2.0,0.0,5.462,1,47.47248987
31.0,7.45,2.31,2.57,7.92618025,294.173416,100.0,2.0,2.0,1.0,8.674,1,56.31377633
28.0,3.26,2.66,3.39,4.605942775,37.83669644,100.0,2.0,3.0,0.0,1.713,1,40.63973667
38.0,4.9,1.98,4.1412097370000005,4.209562534,104.5352985,100.0,4.0,9.0,0.0,2.332,0,102.7030019
17.0,4.39,2.96,1.25,8.534817993,184.291872,99.81,1.0,4.0,0.0,5.38,1,45.69742403
26.0,7.0,1.3,4.33,4.022433724,217.9594763,100.0,2.0,3.0,0.0,5.462,0,55.08265679
27.0,6.11,3.3,0.79,8.959195799,165.9822073,94.78,2.0,4.0,1.0,5.462,1,9.758059393
16.0,9.04,8.06,2.55,7.591404406,252.7500564,79.36,2.0,3.0,1.0,8.675,2,2.28033231
17.0,4.17,1.5,4.22,5.765956495,241.6942931,100.0,3.0,3.0,0.0,5.439,0,40.80050234
19.0,5.67,3.14,7.57,7.184917631,181.4766238,100.0,1.0,9.0,0.0,4.204,1,90.46890713
25.0,5.91,2.86,3.13,8.041096277,167.0609014,100.0,2.0,1.0,0.0,5.556,1,37.43639297
22.0,11.76,3.771381605,0.52,4.496430739,157.4319613,66.82,4.0,2.0,1.0,8.304,2,-3.05795447
37.0,17.325,9.49,3.11,7.714540032,162.4987443,73.91,1.0,3.0,1.0,6.322,2,1.639977372
37.0,10.0,4.43,1.17,8.020226312,230.3565071,100.0,2.0,3.0,1.0,9.309,1,3.145937441
26.0,4.42,1.54,1.84,4.966585169,18.44368012,100.0,3.0,1.0,0.0,2.338,0,47.48666796
21.0,2.68,1.81,4.94,4.608898597,185.1427672,100.0,3.0,3.0,0.0,3.298,1,58.75828787
29.0,5.17,2.59,0.54,4.08327431,31.17126899,100.0,2.0,2.0,0.0,3.203,1,-3.411480315
38.0,4.67,3.28,3.72,5.456568901,58.15405818,100.0,2.0,2.0,0.0,2.639,1,26.45046753
31.0,7.06,2.25,4.88,4.390432177,87.23369732,100.0,3.0,1.0,1.0,4.126,1,35.48032101
18.0,9.78,3.72,3.37,8.691366069,239.744755,98.16,2.0,2.0,1.0,8.739,1,27.16470851
36.0,10.58,7.53,0.15,5.62694809,146.6628243,72.66,4.0,1.0,1.0,8.205,2,3.004817695
39.0,10.45,4.47,7.88,8.691748166,53.13417592,100.0,0.0,9.0,1.0,3.561,1,74.93296564
27.0,5.6,4.56,2.94,5.313262422,295.7392944,100.0,4.0,4.0,0.0,7.778,1,0.257363259
32.0,7.0,2.97,6.23,6.232052364,118.7839427,100.0,0.0,4.0,0.0,5.462,1,74.46785668
15.0,5.13,2.2,2.61,7.154373183,114.6899949,100.0,1.0,3.0,0.0,5.462,1,25.33688245
27.0,2.61,2.35,3.8,8.903594645,280.6581647,100.0,0.0,2.0,0.0,5.945,1,58.70486056
27.0,9.02,5.05,3.11,7.274914057,91.84659267,96.76,1.0,1.0,1.0,4.997,2,13.46295052
24.0,2.1,1.52,2.74,5.891180985,161.3394551,100.0,4.0,4.0,0.0,3.028,0,49.66940621
26.0,6.09,2.49,0.17,8.751385722,67.30651356,100.0,0.0,4.0,1.0,4.374,1,33.78907643
16.0,5.29,3.52,4.1412097370000005,6.517502160499999,313.4904464,100.0,0.0,2.0,0.0,7.621,1,29.39980531
37.0,8.93,6.57,7.12,4.262375907,145.4782874,100.0,2.0,9.0,1.0,5.109,2,34.51633295
17.0,9.66,4.72,5.52,6.454434447,109.0227853,100.0,0.0,6.0,1.0,5.454,1,47.69685398
24.0,5.04,4.02,1.16,8.490023883,157.1469543,100.0,1.0,4.0,0.0,5.532,1,29.95997484
16.0,10.12,6.7,4.73,3.805060034,253.1126753,82.85,3.0,3.0,1.0,9.161,2,0.192274041
37.0,4.94,2.64,7.14,7.023694218,223.219641,100.0,0.0,5.0,0.0,4.388,1,87.93162227
27.0,6.46,4.1,5.6,7.569305087,274.5131292,100.0,0.0,7.0,1.0,7.13,1,49.57182356
27.0,9.27,5.99,1.19,9.018324859,170.4626538,94.3,1.0,2.0,1.0,7.658,2,5.724173334
32.0,13.395,3.57,6.94,4.974369357,456.3564747,100.0,3.0,7.0,1.0,6.863,1,73.84992736
17.0,11.87,3.771381605,2.41,5.04568597,165.9822073,83.73,4.0,3.0,1.0,9.032,2,6.77164868
21.0,4.25,2.15,3.63,6.668749363,233.4034679,100.0,2.0,4.0,0.0,5.856,1,43.88894881
28.0,8.62,4.66,4.21,5.916568031,193.5502121,99.12,3.0,4.0,1.0,6.787,1,26.4968386
34.0,7.0,6.13,6.8,6.517502160499999,268.475236,100.0,0.0,9.0,0.0,5.462,2,70.19919948
31.0,11.15,6.57,4.1412097370000005,6.980092907,242.0530118,100.0,1.0,8.0,1.0,8.08,2,67.52587476
35.0,3.56,3.08,7.44,8.22515814,79.49513119,100.0,1.0,7.0,1.0,1.048,1,66.98154503
27.0,9.52,4.53,0.06,7.610222354,102.4001556,100.0,1.0,3.0,1.0,6.382,1,4.466287688
39.0,7.68,4.22,7.38,8.534117631,115.0658438,100.0,1.0,8.0,1.0,4.066,1,63.1657646
30.0,7.0,3.67,0.44,5.610094328,182.9492629,96.26,2.0,4.0,0.0,5.963,1,3.635223762
38.0,6.74,4.23,2.13,9.491269549,27.51314335,100.0,2.0,4.0,1.0,3.251,1,24.09440973
26.0,5.34,3.35,4.12,5.272235467,165.4170779,100.0,2.0,4.0,0.0,4.654,1,41.47438988
29.0,7.79,2.59,3.84,7.72825788,154.9768066,100.0,2.0,4.0,1.0,5.623,1,50.27084339
39.0,10.89,5.87,4.84,6.08562131,110.3206603,100.0,0.0,2.0,1.0,6.173,2,30.52779545
24.0,7.69,3.56,3.84,8.113594947,245.5518674,100.0,2.0,1.0,1.0,7.393,1,35.56571631
39.0,8.32,7.48,7.48,6.206589927,137.0603766,100.0,0.0,6.0,1.0,4.756,2,36.179356595
21.0,7.19,3.49,1.92,8.367647363,198.8042995,99.81,1.0,1.0,1.0,7.119,1,24.00070245
34.0,2.51,2.09,2.19,8.248612919,134.5225682,100.0,2.0,4.0,0.0,4.038,1,42.30162967
19.0,7.0,3.06,7.37,7.392777563,269.4537173,100.0,2.0,6.0,0.0,5.462,1,62.19275254
15.0,6.92,3.49,0.61,7.691293474,129.5351951,99.6,1.0,4.0,1.0,5.937,1,45.09095
31.0,5.1,3.19,4.88,3.7887852,165.9822073,98.74,2.0,4.0,0.0,5.462,1,41.97915709
17.0,3.82,3.07,5.45,4.957944033,245.4576987,100.0,3.0,5.0,0.0,4.615,1,43.56638397
27.0,7.04,5.84,4.04,9.254439794,50.52888319,100.0,1.0,3.0,1.0,2.748,2,45.82347229
28.0,5.23,2.07,5.55,7.482428,158.1966472,100.0,0.0,6.0,0.0,4.31,1,74.94964077
38.0,4.58,2.31,1.38,5.357964315,156.3015992,100.0,0.0,2.0,0.0,4.476,1,0.596194989
32.0,6.64,3.33,6.82,6.21996207,54.38989115,100.0,2.0,5.0,1.0,2.054,1,62.70692836
18.0,3.33,1.08,1.12,4.391015157,225.9108532,100.0,3.0,3.0,0.0,5.769,0,10.35365418
32.0,11.28,7.43,3.21,6.278909695,202.846888,90.02,2.0,4.0,1.0,8.697,2,3.675054266
19.0,10.68,3.771381605,0.6,6.54297493,232.3461771,65.99,0.0,4.0,1.0,10.08,2,-7.560983356
39.0,9.08,3.771381605,4.36,5.376722184,85.90556749,100.0,2.0,1.0,1.0,5.132,1,41.80059294
30.0,3.06,2.28,5.36,4.63151458,250.1453929,100.0,4.0,6.0,0.0,4.762,1,44.64225363
15.0,9.76,6.6,7.53,6.322031078,58.81192749,100.0,2.0,7.0,1.0,3.721,2,45.20384628
35.0,10.08,5.3,5.91,6.274702815,78.26357806,100.0,0.0,6.0,1.0,5.447,2,44.88260174
28.0,9.68,3.72,4.33,5.296311573,27.17098465,100.0,3.0,2.0,1.0,4.501,1,52.85350901
29.0,4.71,2.28,7.46,7.103974213,334.4295703,100.0,1.0,7.0,0.0,3.232,1,85.15354268
23.0,8.44,6.86,3.83,8.431397346,224.4946656,99.79,0.0,1.0,1.0,7.851,2,22.79412923
29.0,15.51,3.771381605,4.49,6.339934351,318.5288514,82.46,2.0,4.0,1.0,6.923,2,11.89478095
31.0,7.77,2.41,4.77,8.623804377,208.8058698,100.0,0.0,3.0,1.0,6.334,1,64.26451715
39.0,8.46,3.64,3.28,8.715051859,163.0663969,100.0,1.0,3.0,1.0,6.146,1,42.63940824
38.0,6.58,2.25,6.71,4.350656477,192.0423544,100.0,3.0,6.0,1.0,5.077,1,68.85647049
18.0,7.29,4.68,4.1412097370000005,4.502834361,285.6157842,82.38,3.0,1.0,1.0,8.901,1,-1.18241489
26.0,2.34,1.76,4.44,6.489533368,148.4870348,100.0,0.0,2.0,0.0,2.898,0,48.12312018
19.0,8.39,3.07,5.78,7.045870773,165.9822073,100.0,0.0,9.0,1.0,5.462,1,65.37834564
19.0,2.81,2.26,7.23,6.004181287,55.23974483,100.0,2.0,9.0,0.0,0.136,1,101.5192661
25.0,6.35,4.02,7.07,5.177580879,165.9822073,100.0,2.0,5.0,1.0,5.462,1,52.91316347
20.0,4.93,3.52,4.07,6.478211262,137.5961982,100.0,0.0,1.0,0.0,3.624,1,55.02319918
21.0,7.45,6.58,5.15,3.598874585,63.50181702,93.56,3.0,9.0,1.0,3.16,2,37.26216452
38.0,3.33,1.17,3.15,8.508634471,157.3709248,100.0,0.0,1.0,0.0,3.76,0,65.93094814
28.0,8.92,7.5,3.75,6.517502160499999,146.4952936,86.74,1.0,2.0,1.0,6.495,1,-6.127995557
38.0,9.95,3.74,7.25,8.111306026,206.105689,100.0,1.0,9.0,1.0,7.0,1,84.21460659
25.0,3.63,1.94,7.45,4.792157198,226.3820206,100.0,3.0,7.0,0.0,3.7,0,36.179356595
27.0,3.04,2.47,7.16,4.870468803,179.6049822,100.0,2.0,9.0,0.0,2.552,1,76.01908796
16.0,3.46,2.92,1.11,5.083781722,271.0163473,93.67,3.0,1.0,0.0,6.517,1,-8.358230588
39.0,10.77,6.5,6.8,8.870206247,213.5415547,100.0,0.0,7.0,1.0,7.725,2,65.63206577
21.0,7.28,4.78,7.59,4.223993767,114.8400329,100.0,4.0,8.0,1.0,3.343,1,72.13916596
34.0,6.67,3.771381605,2.89,7.799074454,264.5865697,95.43,1.0,4.0,1.0,8.028,1,31.1914243
18.0,3.07,2.45,4.15,7.794616849,149.6651318,100.0,1.0,3.0,0.0,2.69,1,67.83778006
22.0,8.5,3.17,6.23,6.769894146,65.98473914,100.0,0.0,9.0,1.0,3.401,1,66.33328176
34.0,10.68,3.771381605,4.5,5.756335255,283.3163544,67.13,4.0,1.0,1.0,9.91,2,7.563117506
27.0,10.28,6.05,7.95,8.751389418,131.2536727,100.0,0.0,5.0,1.0,5.555,2,89.69824029
35.0,8.26,4.71,3.65,8.362602588,73.21442814,100.0,0.0,3.0,1.0,4.515,1,20.12258544
33.0,2.75,1.52,5.71,6.323917019,74.61244019,100.0,0.0,6.0,0.0,0.402,0,75.63148339
27.0,3.12,1.89,6.34,7.242004174,143.6610161,100.0,2.0,5.0,0.0,2.458,0,65.81024583
28.0,2.49,3.771381605,3.95,8.976178651,129.9888001,100.0,0.0,2.0,0.0,2.64,1,67.15659758
24.0,4.57,2.87,6.86,9.277469255,165.9822073,100.0,0.0,7.0,0.0,5.462,1,36.179356595
25.0,3.36,2.93,4.37,6.687135201,275.5577368,100.0,1.0,2.0,0.0,6.029,1,45.02766572
16.0,4.6,1.88,3.29,8.329742218,291.1339339,100.0,0.0,4.0,0.0,7.053,0,56.82045992
27.0,5.85,4.3,0.86,4.723347914,108.3465448,84.5,2.0,1.0,0.0,5.587,1,14.6146716
23.0,11.43,9.0,3.15,6.010851928,147.2354124,86.81,2.0,1.0,1.0,7.89,2,7.928731454
31.0,8.1,5.73,5.87,4.434360107,114.6120434,100.0,4.0,8.0,1.0,4.229,2,24.26138988
17.0,10.35,6.87,7.37,5.357135674,217.417568,100.0,2.0,6.0,1.0,7.484,2,36.179356595
38.0,9.1,5.81,2.01,7.537319091,216.1686107,99.99,1.0,2.0,1.0,8.007,2,3.71410394
20.0,3.13,2.56,2.84,7.116534893,123.6853549,100.0,2.0,3.0,0.0,2.873,1,36.179356595
19.0,9.36,7.42,1.23,4.649579418,272.3785772,71.82,4.0,3.0,1.0,9.271,2,-3.287720761
19.0,4.75,1.77,5.53,5.855242405,102.7481572,100.0,0.0,9.0,0.0,2.376,0,64.81778693
36.0,8.39,6.79,4.1412097370000005,5.292212364,62.01750929,100.0,2.0,4.0,1.0,5.462,2,57.2474845
29.0,5.41,2.97,5.13,8.581691971,283.1904527,100.0,2.0,7.0,0.0,7.126,1,49.56721768
37.0,11.98,5.42,4.94,7.979351207,227.8436673,100.0,1.0,4.0,1.0,8.648,2,33.33406845
31.0,4.64,3.81,4.43,6.235930452,230.2077162,100.0,4.0,4.0,0.0,5.191,1,44.27396498
23.0,4.79,2.68,0.71,8.706976472,283.2512727,100.0,1.0,3.0,0.0,8.022,1,-1.331824731
17.0,11.31,8.88,5.84,5.006185416,107.1399356,87.49,4.0,8.0,1.0,6.183,2,22.09578941
34.0,7.0,1.03,4.82,6.904603648,107.2466453,100.0,0.0,4.0,0.0,1.859,0,80.68249632
31.0,8.97,2.71,4.1412097370000005,8.704015509,258.8765241,100.0,2.0,3.0,1.0,5.462,1,62.43966524
24.0,9.25,5.52,7.19,5.662749674,165.9822073,100.0,2.0,8.0,1.0,4.348,2,58.75233519
17.0,10.36,3.73,6.27,7.325800589,90.71012181,100.0,2.0,7.0,1.0,4.919,1,50.25114438
32.0,11.74,8.84,6.25,5.590258269,230.2224311,80.27,2.0,6.0,1.0,8.815,2,38.62614686
32.0,11.76,5.48,7.42,5.535010407,280.4257985,100.0,3.0,7.0,1.0,9.374,2,47.26741197
27.0,2.65,1.5,7.92,6.713074464,135.2555644,100.0,0.0,5.0,0.0,1.749,0,105.9242357
38.0,10.22,3.6,4.65,8.816383486,27.40793297,100.0,1.0,2.0,1.0,4.655,1,51.25315196
17.0,8.46,3.99,0.87,6.000889775,314.9652539,94.1,1.0,2.0,1.0,9.829,1,2.944753795
17.0,7.0,6.51,3.67,8.881695234,18.02348747,100.0,1.0,4.0,0.0,5.462,2,32.15525928
20.0,3.28,1.28,6.3,8.749509503,93.02452128,100.0,1.0,5.0,0.0,2.11,0,59.43754443
27.0,8.5,5.85,0.22,5.213147212,158.6935026,87.31,3.0,4.0,1.0,6.764,2,0.5307651
38.0,11.82,10.05,4.1412097370000005,5.597032707,232.8176611,57.54,0.0,4.0,1.0,5.462,2,8.924621628
29.0,11.12,7.87,0.54,6.584273715,124.4808629,84.16,1.0,1.0,1.0,7.898,2,3.300745827
27.0,6.39,5.03,5.85,7.091361627,69.3386026,100.0,0.0,9.0,1.0,2.74,2,64.34505756
27.0,3.6,0.88,4.01,5.106306563,573.6218943,100.0,2.0,4.0,0.0,5.517,0,43.30931982
27.0,5.62,2.53,2.95,8.684231526,169.4318322,100.0,2.0,1.0,0.0,5.185,1,30.02769937
28.0,10.26,8.58,0.84,8.228051436,30.55828954,80.93,1.0,4.0,1.0,5.758,2,-2.377850858
19.0,9.01,6.57,5.86,6.980999094,101.9678771,100.0,2.0,9.0,1.0,4.367,2,42.2815264
16.0,6.59,4.51,2.57,7.471239081,259.3621548,99.22,2.0,2.0,1.0,7.504,1,10.22439112
25.0,2.55,1.78,2.12,5.227248097,130.5850748,100.0,3.0,3.0,0.0,2.659,0,32.39416885
23.0,6.27,3.44,5.22,5.834771868,237.5966366,100.0,2.0,6.0,1.0,6.169,1,55.75731051
38.0,6.69,2.19,4.47,8.008006204,165.9822073,100.0,2.0,1.0,1.0,6.324,1,57.7335384
17.0,11.29,8.7,2.9,7.830912171,212.5914412,87.81,2.0,2.0,1.0,9.115,2,12.69930388
23.0,12.615,5.95,5.13,6.517502160499999,381.6386363,98.39,4.0,6.0,1.0,6.286,2,32.28151483
17.0,5.12,2.99,2.17,6.673655539,225.4806021,100.0,1.0,1.0,0.0,6.449,1,14.91661885
39.0,7.25,6.09,6.36,7.215010752,62.64376946,100.0,1.0,4.0,1.0,2.977,2,35.22096286
16.0,2.66,1.33,1.83,6.603826134,307.3951254,100.0,4.0,1.0,1.0,6.741,0,33.64399039
26.0,11.73,5.59,1.27,4.832721043,292.3029778,81.28,4.0,1.0,1.0,11.364,2,36.179356595
24.0,5.6,4.61,6.26,6.103198482,242.1595744,100.0,0.0,7.0,0.0,5.722,1,56.00828327
23.0,6.78,5.28,5.66,6.75530827,154.3618233,100.0,1.0,4.0,1.0,4.992,2,52.11187008
29.0,5.55,3.38,1.46,3.765934151,65.63969445,98.67,2.0,3.0,0.0,4.097,1,11.30519572
22.0,8.83,3.34,0.93,4.495543766,132.7325202,94.47,3.0,3.0,1.0,7.316,1,-8.162116104
39.0,8.62,3.7,6.71,5.170001995,46.750087,100.0,4.0,7.0,1.0,2.877,1,58.29876818
19.0,9.15,6.35,6.21,6.388160237,140.3557953,100.0,2.0,8.0,1.0,5.312,2,48.74606903
25.0,4.68,2.49,2.62,6.784454521,37.28564371,100.0,0.0,4.0,0.0,2.674,1,36.82867523
16.0,7.0,4.14,5.27,6.028591064,115.5428916,100.0,3.0,5.0,0.0,5.462,1,36.179356595
38.0,7.0,2.83,0.99,5.741952292,114.1154149,100.0,2.0,3.0,0.0,3.628,1,9.455324732
29.0,8.56,6.71,4.06,7.879894064,67.71321301,100.0,2.0,3.0,1.0,4.542,2,24.63273814
20.0,2.4,1.26,0.15,5.23208861,196.7522535,100.0,2.0,2.0,0.0,4.175,0,8.208144957
22.0,7.98,6.17,3.13,5.867033985,224.7896191,90.81,1.0,4.0,1.0,7.891,2,7.345410991
19.0,10.7,5.47,0.6,9.628450316,102.420132,95.68,0.0,3.0,1.0,6.81,2,36.179356595
30.0,16.365,4.37,4.1412097370000005,6.942961718,90.31746591,100.0,2.0,4.0,1.0,5.462,1,20.43477635
32.0,6.49,2.08,3.37,7.671268892,157.9219887,100.0,2.0,1.0,1.0,5.534,1,45.80091492
20.0,6.59,3.5,3.56,5.672908144,255.9908922,100.0,1.0,1.0,1.0,7.887,1,25.96426586
19.0,2.77,2.33,0.36,4.507285269,43.00845824,100.0,2.0,2.0,0.0,2.297,1,17.83388755
30.0,8.71,3.86,2.89,6.942966515,79.84762521,100.0,2.0,2.0,1.0,4.848,1,30.86972045
27.0,10.21,4.33,6.05,7.55482586,237.5210288,100.0,1.0,6.0,1.0,7.41,1,56.91301605
19.0,4.45,3.92,2.95,4.32514494,126.0483861,100.0,2.0,3.0,0.0,3.7,1,16.53592447
27.0,6.21,1.96,5.72,6.415019049,179.1304844,100.0,1.0,5.0,1.0,5.109,0,68.46128534
31.0,10.39,8.02,2.96,6.517502160499999,240.1347917,89.63,0.0,3.0,1.0,8.947,2,3.780108269
32.0,7.0,5.31,3.39,5.036651381,224.0911674,94.0,4.0,1.0,1.0,8.728,2,24.76773221
22.0,7.0,1.43,4.51,5.854525979,250.6165415,100.0,2.0,4.0,0.0,6.162,0,41.39039776
27.0,7.51,6.39,7.61,6.702027944,156.5383817,100.0,1.0,9.0,1.0,4.932,2,38.45307515
33.0,3.92,1.5,0.87,8.521467915,130.1234483,100.0,0.0,3.0,0.0,3.999,0,25.61904153
17.0,3.02,1.91,0.26,8.558178398,165.9822073,100.0,0.0,1.0,0.0,3.072,0,31.83026759
38.0,11.11,5.16,4.86,7.502998405,214.928121,100.0,2.0,3.0,1.0,8.357,2,48.04894016
22.0,10.21,3.46,7.59,5.661268781,287.4912662,100.0,4.0,5.0,1.0,8.648,1,72.88982559
16.0,9.6,3.17,7.92,5.047887753,115.269754,100.0,2.0,5.0,1.0,4.604,1,36.179356595
22.0,2.49,0.92,3.87,6.177262546,299.1471776,100.0,2.0,1.0,0.0,5.904,0,47.54524037
27.0,10.44,3.771381605,3.74,6.53195578,112.0930307,100.0,2.0,4.0,1.0,6.178,1,24.78822042
27.0,6.38,4.83,5.16,7.421882508,51.29329726,100.0,2.0,9.0,1.0,2.742,1,65.86567446
15.0,7.0,3.21,4.45,8.938919715,7.417887468,100.0,0.0,2.0,0.0,5.462,1,62.83516915
20.0,7.46,3.771381605,5.07,6.226111233,66.15813727,100.0,2.0,5.0,1.0,4.129,1,37.88696047
38.0,2.91,1.6,6.99,7.107507997,76.39658411,100.0,2.0,5.0,0.0,0.718,0,96.77630291
33.0,9.57,8.21,5.97,7.034944449,266.1849168,87.45,0.0,5.0,1.0,8.094,2,26.9550688
30.0,7.82,6.62,3.98,4.568740395,41.54958451,96.15,4.0,4.0,1.0,3.976,2,27.97761704
22.0,3.87,2.82,4.1412097370000005,6.186129372,134.828024,100.0,0.0,2.0,0.0,5.462,1,43.61935292
15.0,3.88,3.22,5.12,6.777978449,153.1832011,100.0,0.0,5.0,0.0,3.364,1,54.02556828
30.0,3.84,1.89,3.65,9.684194682,0.094811035,100.0,2.0,3.0,0.0,1.345,0,62.79447557
23.0,2.57,1.36,3.66,5.656514965,110.2680851,100.0,3.0,2.0,0.0,2.807,0,75.69783348
27.0,7.88,5.27,0.13,9.35701923,255.6426108,87.09,1.0,2.0,1.0,8.541,2,10.8433203
25.0,10.4,7.01,1.39,6.224261133,86.75857244,81.94,2.0,4.0,1.0,6.483,2,-0.718054282
27.0,2.17,1.28,3.91,6.517502160499999,58.38014019,100.0,0.0,2.0,0.0,0.912,0,67.30554158
39.0,2.49,1.35,6.58,4.837983538,259.1596673,100.0,3.0,6.0,0.0,4.951,0,74.13691546
35.0,7.73,6.89,2.23,5.005689177,21.3302282,82.18,3.0,2.0,1.0,3.856,2,1.614070521
24.0,10.19,8.08,4.18,6.107950813,58.94855935,100.0,2.0,2.0,1.0,5.462,2,5.286179056
18.0,5.27,2.96,2.76,3.89240322,260.7378573,94.87,2.0,3.0,0.0,7.027,1,2.775849309
20.0,5.5,4.05,0.84,6.081770479,244.8135816,86.57,1.0,4.0,0.0,7.838,1,6.75069621
21.0,7.96,3.68,7.67,9.470284607,107.630205,100.0,2.0,9.0,1.0,4.019,1,76.63565438
19.0,4.74,1.71,6.84,7.990299957,154.85889,100.0,0.0,6.0,0.0,3.938,0,92.67489251
25.0,2.27,1.16,0.63,7.771584405,268.1740672,100.0,2.0,3.0,0.0,6.266,0,11.09961967
27.0,9.35,5.07,5.76,5.007118073,9.089905446,100.0,2.0,9.0,1.0,3.407,2,38.08252371
39.0,8.26,2.56,2.78,5.97364963,275.6629591,100.0,1.0,4.0,1.0,8.896,1,35.30470801
33.0,7.81,6.16,7.96,4.970984333,96.13152912,100.0,2.0,5.0,1.0,2.797,2,73.93993063
37.0,9.42,4.86,2.42,8.438361314,250.2545491,100.0,2.0,3.0,1.0,8.584,1,12.65326228
24.0,8.75,5.67,1.91,5.368217741,262.3297652,80.63,4.0,1.0,1.0,9.062,2,-9.413826255
24.0,4.06,1.4,4.54,5.714368145,225.4351779,100.0,0.0,3.0,0.0,5.108,0,66.16848046
25.0,5.52,2.24,6.68,6.858374422,226.1021394,100.0,2.0,8.0,0.0,5.196,1,72.49408321
35.0,3.26,2.72,1.54,6.850074816,54.04257514,100.0,0.0,1.0,0.0,2.088,1,34.12404121
21.0,3.3,2.2,5.68,7.959207812,121.9130402,100.0,1.0,7.0,0.0,2.686,1,75.63678409
32.0,8.76,7.62,0.49,5.738051461,234.7017486,77.21,2.0,2.0,1.0,9.133,2,-5.334523872
18.0,10.59,9.52,4.1412097370000005,5.58802412,232.3072494,100.0,3.0,3.0,1.0,5.462,2,43.98757184
16.0,11.63,6.08,0.65,7.726261111,273.6803803,89.16,0.0,2.0,1.0,10.94,2,5.517989041
28.0,12.42,3.97,7.31,6.825538381,97.81250381,100.0,0.0,7.0,1.0,3.307,1,71.99054377
27.0,3.84,3.13,3.93,6.038222143,264.0538295,100.0,0.0,1.0,0.0,6.181,1,21.20869669
26.0,3.06,2.75,3.58,4.460247348,108.9529659,100.0,3.0,4.0,0.0,2.396,1,23.14366769
21.0,15.195,6.87,7.79,7.749208341,510.994415,100.0,2.0,6.0,1.0,8.248,2,61.62807934
27.0,7.79,6.05,7.92,8.954055171,113.1152766,100.0,1.0,8.0,1.0,4.299,2,36.179356595
27.0,8.18,3.771381605,5.2,7.394762124,54.06244662,100.0,0.0,6.0,1.0,3.61,2,30.3064377
28.0,14.715,5.03,1.02,7.521250913,335.8316386,96.66,0.0,2.0,1.0,7.839,2,6.87069242
31.0,9.03,5.82,4.05,6.430177586,222.4071865,100.0,0.0,2.0,1.0,7.62,2,-4.232899735
23.0,10.34,8.27,4.23,6.517502160499999,281.0164291,78.08,0.0,2.0,1.0,9.481,2,-0.663051053
31.0,2.56,1.82,4.12,5.22647568,96.42746763,100.0,4.0,2.0,0.0,2.104,0,49.95839577
22.0,9.48,2.96,4.56,7.149171552,219.7579419,100.0,1.0,4.0,1.0,7.592,1,26.46647416
16.0,10.51,5.28,0.15,6.690887368,46.51637642,95.8,2.0,4.0,1.0,6.03,2,-12.78865711
38.0,7.0,1.88,5.69,7.740702755,61.15966812,100.0,1.0,6.0,0.0,5.462,0,67.10267724
27.0,8.4,3.69,5.7,7.815856803,98.77646945,100.0,0.0,9.0,1.0,4.37,1,68.70459565
17.0,5.14,4.33,0.92,9.041060616,151.4109019,100.0,2.0,2.0,0.0,5.354,1,2.730694507
30.0,11.58,3.73,4.56,6.896984526,186.205621,100.0,1.0,4.0,1.0,8.142,1,53.00070688
20.0,2.33,1.01,4.1412097370000005,6.120883534,132.9429322,100.0,2.0,1.0,0.0,2.38,0,70.35600058
33.0,7.8,3.79,4.1412097370000005,5.509638107,98.16903077,100.0,3.0,9.0,1.0,4.442,1,40.31317934
21.0,3.67,2.46,0.68,6.089046854,55.81727411,99.77,1.0,1.0,0.0,2.751,1,16.75258369
24.0,7.0,5.66,5.01,8.794732776,90.63500297,100.0,0.0,8.0,0.0,5.462,2,68.62078807
23.0,3.76,1.62,2.25,4.206303423,51.94666098,100.0,4.0,4.0,0.0,2.785,0,28.64376269
16.0,4.35,1.73,4.06,9.727834096,93.9148262,100.0,0.0,4.0,0.0,2.777,0,70.75204969
29.0,7.0,3.07,6.19,8.369984839,160.0384048,100.0,0.0,7.0,0.0,5.462,1,79.63089144
19.0,11.15,6.71,5.65,7.273122,68.00607871,100.0,1.0,9.0,1.0,5.5,2,39.9635874
36.0,7.0,1.91,0.95,5.951011065,194.1577574,100.0,2.0,4.0,1.0,5.735,0,1.956215401
18.0,3.44,2.99,4.73,4.50304013,38.82760693,100.0,3.0,3.0,0.0,1.241,1,22.59661429
34.0,9.59,5.55,7.75,5.045356898,268.4427898,100.0,2.0,8.0,1.0,7.65,2,38.83502015
18.0,7.01,2.35,1.25,3.657248616,242.1804179,91.39,2.0,2.0,1.0,8.15,1,4.061502853
32.0,11.12,8.2,6.82,6.067067078,160.2082248,94.75,2.0,6.0,1.0,5.462,2,20.73460667
18.0,3.47,1.73,5.62,4.483405596,34.80907223,100.0,2.0,7.0,0.0,0.569,0,67.88026531
31.0,8.46,5.86,6.19,7.727681599,81.10873066,100.0,0.0,5.0,1.0,4.053,2,62.17055532
26.0,4.33,2.03,2.26,6.497630204,165.9822073,100.0,2.0,4.0,0.0,4.327,1,21.93814347
36.0,3.57,2.29,2.3,5.516966669,39.26205853,100.0,3.0,3.0,0.0,2.195,1,28.23273609
31.0,8.83,6.74,7.25,6.562507291,252.7888373,100.0,0.0,9.0,1.0,7.38,2,46.22102617
24.0,7.94,6.8,2.88,8.694404993,116.5651406,97.85,1.0,1.0,1.0,4.946,2,14.69307895
36.0,9.55,4.36,0.5,7.053611722,57.41551271,100.0,1.0,2.0,1.0,5.605,1,7.933735744
15.0,5.09,2.55,4.8,6.013473915,245.2560637,100.0,0.0,1.0,0.0,6.025,1,60.97911142
36.0,6.48,3.75,1.0,8.382561417,41.01843181,100.0,2.0,2.0,1.0,3.42,1,16.84393249
38.0,6.05,5.18,6.37,7.30949549,64.96070625,100.0,2.0,6.0,1.0,2.794,2,41.78866015
32.0,11.84,9.96,5.13,8.123114441,277.4033684,83.72,1.0,5.0,1.0,9.461,2,-0.936758272
32.0,4.92,1.74,7.0,4.523969235,107.2117577,100.0,2.0,8.0,0.0,3.04,0,74.59660208
28.0,4.95,1.88,6.28,8.114831324,288.266193,100.0,2.0,6.0,0.0,5.891,0,78.74291236
29.0,5.55,3.32,0.9,5.042467576,64.79514669,100.0,2.0,2.0,0.0,3.225,1,23.39977961
26.0,7.65,3.771381605,3.05,8.110119227,72.66272977,100.0,0.0,3.0,1.0,4.03,1,63.1453251
18.0,4.52,2.29,6.2,5.955146526,240.2891844,100.0,2.0,5.0,0.0,5.16,1,58.531164
17.0,11.15,4.34,3.34,8.947601681,157.238294,100.0,0.0,1.0,1.0,7.693,1,25.40694595
34.0,4.66,3.18,7.78,9.262390846,280.9180844,100.0,0.0,9.0,0.0,5.296,1,90.73125616
26.0,10.96,9.53,5.89,4.627067569,57.6518957,77.9,3.0,9.0,1.0,4.853,2,10.65503674
21.0,3.03,2.72,0.12,8.842637027,255.5106217,95.83,0.0,2.0,0.0,6.879,1,18.71722775
25.0,8.57,4.5,7.04,4.650509296,62.95629306,100.0,4.0,9.0,1.0,3.613,1,44.32129092
15.0,11.07,7.3,0.81,4.921017999,213.8210657,68.79,2.0,4.0,1.0,9.732,2,-4.128638811
20.0,3.69,3.0,1.12,6.523003309,70.52154367,100.0,0.0,2.0,0.0,2.869,1,-3.866074942
29.0,11.68,4.33,5.88,8.77646556,153.2204145,100.0,2.0,6.0,1.0,6.896,1,59.80989179
29.0,6.53,4.66,6.92,6.331581167,55.64110202,100.0,2.0,9.0,1.0,1.889,1,71.3583839
27.0,11.46,6.25,4.29,7.1141021,290.7746534,89.74,0.0,2.0,1.0,10.203,2,19.70026683
25.0,8.77,3.72,2.31,7.458019019,228.5127674,98.63,2.0,3.0,1.0,8.792,1,23.68758483
37.0,5.02,2.72,2.81,9.133306602,150.0464595,100.0,2.0,3.0,0.0,4.467,1,53.18124477
16.0,3.88,1.34,2.74,8.342473953,181.4182042,100.0,2.0,2.0,0.0,4.278,0,55.65486075
28.0,5.04,3.61,2.61,4.741982939,111.7710756,100.0,2.0,1.0,0.0,3.857,1,19.3129239
16.0,2.93,1.32,1.94,5.670360757,142.0838782,100.0,4.0,1.0,1.0,3.863,0,33.10855274
18.0,3.44,1.67,4.87,4.008270536,263.8264608,99.75,2.0,1.0,0.0,5.679,0,64.88432972
31.0,3.05,1.14,7.2,7.990391582,298.2127126,100.0,0.0,6.0,1.0,5.245,0,94.61822242
17.0,6.23,5.1,2.46,5.459300717,79.77893735,93.1,2.0,4.0,1.0,3.697,2,21.96327249
27.0,9.96,5.94,1.49,4.294375728,165.9822073,91.84,3.0,2.0,1.0,6.493,2,-0.159570493
23.0,3.41,2.19,6.71,9.025329649,240.8980684,100.0,1.0,4.0,0.0,4.452,1,80.58297474
27.0,3.3,2.12,5.93,5.810253223,130.5349132,100.0,2.0,7.0,0.0,2.471,1,62.56762214
29.0,8.43,4.61,7.45,6.974805406,262.5862846,100.0,2.0,6.0,1.0,6.9,1,78.27799799
37.0,3.97,1.65,1.32,5.831327787,312.5293172,98.97,2.0,3.0,0.0,7.469,0,17.6641871
25.0,7.0,2.23,1.15,4.572547827,260.5060755,90.57,3.0,2.0,0.0,6.645,1,-1.127909257
27.0,3.67,1.38,4.33,5.763501958,69.09225799,100.0,2.0,3.0,0.0,1.696,0,49.55003727
16.0,11.24,4.07,4.92,6.047635798,153.4217383,100.0,1.0,3.0,1.0,7.224,1,43.72310031
29.0,10.21,7.41,3.84,8.39409056,110.8675062,94.79,1.0,4.0,1.0,6.293,2,10.12532938
28.0,8.31,3.771381605,4.79,6.417413531,82.47265069,100.0,2.0,3.0,0.0,2.393,1,73.06473221
34.0,8.56,4.14,4.1412097370000005,6.1051042,78.84214063,94.98,2.0,3.0,1.0,5.462,1,4.200761793
36.0,7.37,4.31,3.84,7.353392457,205.8901793,100.0,2.0,4.0,1.0,6.733,1,35.63423849
25.0,8.77,5.0,5.26,8.099865731,224.0838802,100.0,2.0,9.0,1.0,7.167,2,40.92522068
17.0,8.83,6.4,3.46,6.517502160499999,76.04264029,100.0,1.0,3.0,1.0,4.717,2,8.234204645
31.0,8.29,5.59,5.44,8.840619659,277.5054672,100.0,2.0,8.0,1.0,8.073,2,35.69123645
26.0,7.0,3.2,3.61,8.084672761,239.6087843,100.0,2.0,1.0,0.0,5.887,1,43.92289251
38.0,2.39,1.74,2.67,5.992501194,162.9500487,100.0,1.0,3.0,0.0,4.014,0,31.30624604
35.0,6.56,3.12,2.43,8.441567476,138.3940228,100.0,2.0,2.0,1.0,5.191,1,15.84256233
29.0,10.91,5.38,3.29,6.355863092,121.4755699,98.06,0.0,4.0,1.0,7.588,2,3.057066899
30.0,7.69,4.33,0.18,5.472665244,41.48352593,92.97,4.0,3.0,1.0,4.411,1,2.415988528
19.0,10.32,5.0,5.35,5.72752847,261.1539207,99.19,2.0,9.0,1.0,8.695,2,21.27402725
34.0,11.92,10.62,6.76,5.306183921,196.9009444,81.3,3.0,7.0,1.0,5.462,2,6.307158728
20.0,3.64,2.87,2.84,4.045334373,238.8100454,100.0,3.0,1.0,0.0,5.848,1,17.6195062
27.0,8.92,3.56,0.37,4.551766881,83.46919835,91.43,3.0,1.0,1.0,6.229,1,0.147794082
39.0,8.74,2.65,7.89,4.398048084,151.7648729,100.0,4.0,5.0,1.0,5.083,1,77.93622682
19.0,11.8,3.84,2.11,8.185743624,97.07243217,100.0,1.0,1.0,1.0,7.287,1,28.07116663
17.0,11.86,3.771381605,1.01,8.569786116,99.03176246,96.05,0.0,1.0,1.0,7.667,2,36.179356595
15.0,13.305,3.27,2.96,6.517502160499999,362.2469741,96.57,2.0,1.0,1.0,6.767,1,33.61213497
20.0,4.44,2.75,5.91,8.551647332,231.7932562,100.0,2.0,5.0,0.0,5.007,1,82.26149766
29.0,9.99,8.14,2.35,4.922656681,247.5169209,75.84,3.0,1.0,1.0,8.97,2,-0.490487534
16.0,3.07,2.28,4.6,8.372751529,258.5454321,100.0,1.0,1.0,0.0,5.635,1,70.50737799
17.0,9.81,4.21,3.32,6.811168831,194.5990798,100.0,1.0,4.0,1.0,8.049,1,28.44314494
31.0,11.1,5.99,0.94,5.098837898,263.8289054,75.66,3.0,4.0,1.0,10.588,2,5.060862367
39.0,5.83,3.53,2.64,4.619900812,299.4063836,90.92,2.0,4.0,0.0,7.603,1,13.90908445
38.0,8.31,6.53,5.8,5.287345879,165.9822073,91.79,2.0,6.0,1.0,5.462,2,33.85107013
26.0,6.3,3.771381605,4.9,4.161764138,182.8023517,96.07,4.0,3.0,1.0,5.4,2,31.35388165
32.0,6.38,5.4,0.96,5.202555538,99.9649609,73.16,2.0,1.0,1.0,4.842,2,5.365180818
29.0,5.1,3.09,1.31,4.184952678,220.5848494,98.7,2.0,4.0,0.0,6.037,1,18.55794407
26.0,9.62,6.89,5.13,6.063737395,26.36827423,100.0,3.0,5.0,1.0,4.051,2,25.19071836
30.0,11.36,4.17,6.51,5.173855545,112.3313366,100.0,3.0,8.0,1.0,6.027,1,69.21594259
22.0,11.41,7.29,2.8,9.187569019,198.4265377,89.14,1.0,4.0,1.0,8.845,2,-5.651038132
28.0,3.75,1.68,4.76,6.517502160499999,115.7153845,100.0,2.0,1.0,0.0,2.727,0,50.4771432
39.0,10.75,6.01,1.37,4.996049066,89.12133265,87.45,4.0,4.0,1.0,6.764,2,0.225102355
31.0,9.37,6.38,2.49,7.17986092,213.8251875,90.76,2.0,4.0,1.0,8.118,2,-1.327582399
35.0,4.53,2.06,0.16,8.312099211,146.4042917,100.0,0.0,2.0,0.0,5.237,1,36.179356595
22.0,2.67,0.88,6.15,5.617876515,148.1014702,100.0,3.0,5.0,0.0,2.65,0,75.94535952
29.0,4.68,1.43,3.21,8.390899162,302.6249466,100.0,0.0,1.0,0.0,7.257,0,48.50424845
28.0,11.12,3.48,6.53,5.91322669,124.1156682,100.0,3.0,9.0,1.0,6.021,1,44.78774053
32.0,8.33,2.54,5.67,4.988858589,66.46059081,100.0,4.0,7.0,1.0,3.424,1,64.85787907
34.0,9.21,3.37,6.63,5.894715993,61.33558002,100.0,3.0,5.0,1.0,3.356,1,51.62134776
21.0,4.57,2.03,2.29,6.523083064,260.9439756,100.0,0.0,3.0,0.0,6.858,1,48.96474297
17.0,9.19,3.98,1.48,6.322486,221.2334896,100.0,3.0,2.0,1.0,8.031,1,7.698294213
26.0,3.42,2.03,7.78,7.125085946,227.3559146,100.0,0.0,4.0,0.0,0.966,1,83.24183981
35.0,5.75,2.78,5.74,5.240900852,29.57807476,100.0,2.0,5.0,0.0,1.933,1,57.49229219
38.0,8.27,3.11,6.67,7.559296296,59.47401251,100.0,2.0,9.0,1.0,2.874,1,60.00345197
17.0,3.46,2.17,0.11,5.181819891,71.69672852,100.0,3.0,2.0,0.0,2.837,1,23.76616865
34.0,10.23,8.34,2.84,6.838363185,98.38990646,81.78,0.0,1.0,1.0,6.423,2,-4.70096854
28.0,4.35,3.07,5.94,6.218467148,187.0978818,100.0,1.0,8.0,0.0,3.773,1,63.45765616
29.0,8.52,4.07,0.62,7.351541988,216.8700358,95.28,0.0,4.0,1.0,8.534,1,6.675269601
39.0,6.05,3.85,4.54,5.745653968,270.0141279,95.93,2.0,1.0,1.0,6.703,1,26.08052057
28.0,7.96,5.8,3.43,7.967307695,131.5983267,100.0,2.0,1.0,1.0,5.411,2,20.20772897
21.0,3.07,2.26,0.14,7.903504945,146.24481,100.0,1.0,1.0,1.0,4.093,1,15.50497412
31.0,2.17,1.52,1.89,5.171994382,272.9155394,100.0,3.0,3.0,0.0,5.398,0,31.74488711
26.0,11.1,9.13,4.1412097370000005,9.302985912,233.9268085,87.22,1.0,4.0,1.0,9.666,2,36.179356595
34.0,7.0,3.86,0.89,8.459930075,28.74718272,99.55,0.0,2.0,0.0,2.983,1,38.00453644
18.0,15.3,6.6,5.05,6.417467471,200.2878301,99.31,2.0,9.0,1.0,5.245,1,21.44072434
23.0,11.99,3.771381605,1.94,5.092130862,277.5246412,78.9,3.0,1.0,1.0,10.873,2,-8.363244642
20.0,4.11,2.82,2.22,6.461720863,286.0511622,100.0,0.0,1.0,0.0,6.749,1,41.78920361
27.0,4.65,3.68,7.19,4.098403112,268.5768045,100.0,3.0,5.0,0.0,5.028,1,72.80576832
39.0,8.63,2.62,3.74,6.344369898,169.9771692,100.0,1.0,3.0,1.0,6.193,1,48.65932371
36.0,11.65,10.43,3.14,5.999155828,63.24011725,73.16,2.0,3.0,1.0,5.863,2,1.590117807
36.0,11.16,4.57,5.79,7.500390838,318.8751543,100.0,2.0,6.0,1.0,9.723,1,60.21652883
35.0,7.03,4.09,7.28,4.362193045,22.31161078,100.0,3.0,6.0,1.0,1.911,1,62.5219073
35.0,7.0,8.19,4.1412097370000005,8.423510178,121.9524494,81.66,2.0,3.0,1.0,7.075,2,6.62361498
16.0,3.36,1.46,3.59,5.838058635,148.6558481,100.0,2.0,1.0,0.0,3.923,0,57.08999638
38.0,11.77,6.9,4.1412097370000005,6.79722371,144.9207059,97.39,1.0,1.0,1.0,7.338,2,-4.905456719
22.0,17.46,4.42,2.55,8.157176514,392.0064689,100.0,0.0,3.0,1.0,9.155,1,30.55965634
25.0,3.64,1.95,6.18,7.239374372,133.966792,100.0,1.0,9.0,0.0,2.826,0,77.44345469
27.0,4.99,2.03,7.77,6.484127098,117.2532319,100.0,3.0,6.0,0.0,2.684,1,92.8705094
27.0,3.0,1.55,7.55,6.210372036,44.07344059,100.0,3.0,6.0,0.0,-0.265,0,102.3077399
22.0,4.72,2.47,2.13,5.486172424,63.27929201,100.0,2.0,4.0,0.0,3.121,1,17.6805073
35.0,10.16,9.1,1.81,6.86818547,139.8446257,84.25,1.0,4.0,1.0,7.637,2,7.617719456
27.0,5.78,5.18,7.66,5.412428748,17.55829638,100.0,2.0,5.0,0.0,1.012,2,64.34397016
32.0,2.88,1.06,3.67,7.79672756,26.49162877,100.0,1.0,4.0,0.0,1.079,0,78.00492509
28.0,5.42,3.99,1.67,7.08657842,258.250609,93.12,1.0,2.0,0.0,7.569,1,2.342037217
29.0,11.81,3.91,5.66,4.206471021,210.4293521,100.0,2.0,4.0,1.0,8.287,1,42.29993604
20.0,8.3,2.64,2.28,5.180265173,240.0509688,99.86,3.0,1.0,1.0,8.286,1,27.96835103
25.0,6.16,2.24,2.14,5.321792757,249.2162448,100.0,3.0,4.0,1.0,7.378,1,28.02681764
27.0,3.67,3.23,7.03,6.443966534,207.6854639,100.0,4.0,5.0,0.0,3.986,1,55.93806486
39.0,11.86,10.25,1.3,6.622705332,189.179174,100.0,2.0,2.0,1.0,10.12,1,-8.157127636
15.0,10.21,4.25,0.52,6.154608895,70.97712868,100.0,2.0,3.0,1.0,6.769,1,16.38144532
20.0,7.0,1.91,2.15,7.496427434,147.8171589,100.0,0.0,2.0,0.0,5.462,0,37.11277698
23.0,2.7,1.2,4.86,5.02028057,274.780366,100.0,4.0,2.0,0.0,5.552,0,67.64432338
22.0,2.57,1.57,0.98,8.900724508,34.51543629,100.0,2.0,2.0,0.0,1.471,0,59.68689467
25.0,3.2,2.05,3.77,6.702572296,290.2525108,100.0,4.0,4.0,0.0,6.229,1,39.42015439
36.0,7.81,3.38,5.02,5.016391705,24.19658952,100.0,4.0,7.0,1.0,2.919,1,67.16345758
33.0,11.29,3.771381605,6.79,8.060489137,51.39419384,100.0,1.0,5.0,1.0,4.408,2,39.750543
38.0,6.97,3.39,1.84,8.176561814,33.66209955,100.0,1.0,2.0,1.0,4.053,1,4.247647586
23.0,10.43,8.9,6.54,6.142772527,217.0729589,87.26,3.0,9.0,1.0,7.093,2,14.99812353
31.0,6.46,4.48,1.88,7.991449815,91.42319037,100.0,0.0,4.0,1.0,4.286,1,36.179356595
26.0,9.09,5.11,5.41,8.183919968,224.9984242,100.0,0.0,5.0,1.0,7.422,2,32.29236269
39.0,9.32,7.21,3.45,8.294757297,104.7390147,94.56,2.0,4.0,1.0,6.025,2,7.069956996
28.0,3.74,2.96,0.92,4.208521057,140.492734,92.57,3.0,2.0,0.0,4.354,1,5.161430735
29.0,5.61,2.66,5.71,8.216690898,181.5619448,100.0,2.0,5.0,0.0,5.052,1,75.45983698
30.0,8.37,4.22,1.74,7.806467777,153.252657,100.0,0.0,3.0,1.0,6.683,1,13.26104237
36.0,2.71,2.33,1.41,7.117470521,85.54111158,100.0,2.0,1.0,0.0,2.812,1,28.07209684
36.0,7.0,2.24,2.87,8.44410358,73.95545996,100.0,1.0,4.0,0.0,3.229,1,54.96499852
34.0,7.35,2.39,5.23,8.87577776,153.7313942,100.0,1.0,8.0,1.0,5.366,1,68.93749996
15.0,11.96,6.85,1.87,5.875241841,132.6223074,79.11,1.0,3.0,1.0,8.539,2,-8.227568172
24.0,6.75,5.27,1.47,4.281822356,230.1937235,79.87,4.0,1.0,1.0,7.474,2,-3.328776681
22.0,10.16,7.75,0.08,6.194881909,231.9291264,77.99,2.0,3.0,1.0,10.056,2,-0.694041922
32.0,6.32,3.771381605,3.77,4.191584711,310.4488743,84.62,2.0,1.0,1.0,7.849,2,26.29311508
15.0,9.96,6.17,3.43,4.755165961,118.4221759,88.08,3.0,2.0,1.0,6.231,1,6.943957735
16.0,7.95,2.86,1.87,7.720332786,297.3185126,97.76,0.0,1.0,1.0,9.014,1,23.77254604
15.0,16.305,7.1,0.43,6.242698258,257.9935978,83.38,2.0,2.0,1.0,8.226,2,-0.80108811
15.0,6.11,4.69,3.43,7.696084038,215.128455,100.0,1.0,1.0,1.0,5.746,1,14.20385372
23.0,8.04,2.86,6.31,7.916681672,25.63180441,100.0,0.0,6.0,1.0,2.867,1,69.55302264
27.0,8.3,3.35,5.72,6.602070113,176.5127617,100.0,0.0,8.0,1.0,5.774,1,29.771765
15.0,6.17,1.9,4.1412097370000005,6.517502160499999,285.4764484,100.0,1.0,9.0,1.0,6.338,1,82.49568799
27.0,3.44,2.26,0.08,4.202793762,133.2518164,87.53,2.0,4.0,0.0,4.676,1,11.11510555
34.0,4.41,2.45,7.73,8.035591736,576.158602,100.0,0.0,9.0,0.0,4.851,1,36.179356595
36.0,2.17,1.52,2.73,7.38020786,73.63743839,100.0,0.0,3.0,0.0,1.486,0,67.63738729
21.0,10.74,9.55,7.92,6.587352019,228.5356505,100.0,2.0,5.0,1.0,7.434,2,18.89378913
16.0,4.36,1.47,2.02,5.399756104,181.9967313,100.0,2.0,2.0,0.0,5.574,0,40.96183789
20.0,4.12,3.47,3.77,5.242035339,168.6672775,100.0,4.0,4.0,0.0,4.929,1,28.98450832
21.0,9.36,7.38,2.83,7.79686963,156.8570521,91.73,1.0,1.0,1.0,7.091,2,3.126043606
28.0,5.2,3.771381605,2.85,8.606983025,86.21348127,100.0,1.0,3.0,0.0,3.345,1,42.84444486
32.0,7.06,6.24,6.74,6.517502160499999,232.5825772,100.0,0.0,7.0,1.0,6.068,2,56.55791165
29.0,3.63,1.72,5.97,6.31568284,196.8967558,100.0,0.0,5.0,0.0,3.724,0,87.54153987
16.0,11.6,9.67,7.94,4.508334506,156.4224366,88.1,4.0,5.0,1.0,6.658,2,-1.568345509
24.0,7.0,8.72,4.91,5.991042414,74.8712233,87.9,2.0,1.0,1.0,5.387,1,23.12374073
37.0,10.64,8.03,3.71,8.843186603,295.5040455,80.08,1.0,2.0,1.0,9.847,2,6.866918655
26.0,6.07,3.87,0.72,4.443905003,155.3671663,90.76,4.0,4.0,1.0,5.679,1,-7.118186928
31.0,9.62,3.58,7.97,8.173956347,257.0317823,100.0,2.0,5.0,1.0,7.559,1,88.81180569
22.0,3.44,2.13,4.41,7.746486485,56.137243,100.0,0.0,4.0,0.0,1.377,1,78.01144532
25.0,2.09,1.07,5.6,9.43708821,288.4317393,100.0,1.0,9.0,0.0,4.845,0,74.15752036
17.0,2.2,1.71,3.25,5.640556327,118.3872375,100.0,2.0,4.0,0.0,2.305,0,52.42085921
20.0,7.87,5.94,4.38,4.915099092,172.0359719,94.96,4.0,1.0,1.0,5.781,2,5.029873579
23.0,6.55,5.54,7.54,3.907356823,199.3627508,97.79,2.0,9.0,1.0,5.533,2,36.179356595
20.0,7.18,2.22,1.33,7.497130642,123.6811415,100.0,0.0,2.0,1.0,5.431,1,20.73730807
23.0,2.07,1.63,2.34,7.326572451,166.0675813,100.0,0.0,3.0,0.0,3.393,0,49.00748474
21.0,6.23,5.38,1.22,5.087737664,191.9817455,92.99,2.0,1.0,1.0,7.209,2,-2.812332575
23.0,9.18,7.1,6.34,7.715720562,121.6771252,100.0,1.0,6.0,1.0,5.268,2,33.2831222
32.0,6.43,2.43,0.5,5.03831355,59.68317896,100.0,4.0,2.0,1.0,4.205,1,8.534008026
26.0,9.32,3.25,0.65,5.04866291,39.42672655,100.0,4.0,1.0,1.0,5.285,1,14.87321001
22.0,4.33,1.35,2.39,6.539299607,232.0722322,100.0,2.0,3.0,0.0,6.328,0,27.8853461
22.0,10.13,6.86,4.11,3.844833325,189.2042587,87.17,2.0,1.0,1.0,7.572,1,8.652158104
32.0,7.88,5.34,3.25,5.098434454,160.3606093,92.81,3.0,4.0,1.0,6.045,1,13.81420512
34.0,4.11,3.67,0.36,5.347509594,132.4256022,91.76,3.0,2.0,0.0,4.527,1,0.616583549
29.0,4.37,2.35,7.66,7.385307278,224.9712927,100.0,1.0,9.0,0.0,4.747,1,96.26027801
21.0,8.28,4.13,7.62,7.902558369,178.8059281,100.0,1.0,9.0,1.0,5.594,1,96.55835719
25.0,10.3,6.95,2.23,6.267446899,146.5972968,100.0,2.0,3.0,1.0,7.001,2,2.626772218
34.0,6.16,4.9,5.85,8.210988738,43.49391774,100.0,1.0,7.0,1.0,2.185,1,73.9584636
30.0,4.58,3.95,4.63,6.347133901,165.9822073,100.0,0.0,3.0,0.0,5.462,1,10.21952216
18.0,10.67,8.34,1.9,5.669431454,184.5953447,67.07,2.0,1.0,1.0,8.565,2,5.27381832
20.0,8.69,4.83,2.1,7.383754971,67.62707925,99.97,1.0,3.0,1.0,5.475,1,-0.991267177
36.0,6.48,4.41,3.93,7.453243486,255.9914681,100.0,2.0,4.0,1.0,6.881,1,44.87387307
17.0,6.88,5.6,3.35,7.48258482,165.9822073,96.4,0.0,3.0,1.0,5.875,2,19.79480991
23.0,4.04,2.4,2.33,7.325787953,206.2784491,100.0,2.0,4.0,0.0,5.721,1,36.179356595
24.0,8.27,3.56,6.46,7.280406995,207.5584402,100.0,2.0,5.0,1.0,6.957,1,60.48147901
28.0,5.59,2.25,3.85,5.657928697,114.6795285,100.0,3.0,3.0,0.0,4.1,1,13.86049407
27.0,11.96,3.59,5.24,8.16485147,251.3344825,100.0,0.0,7.0,1.0,9.388,1,50.87338389
32.0,6.8,4.97,1.51,4.843299747,91.1674251,100.0,4.0,3.0,1.0,4.407,1,-1.479800264
36.0,6.86,2.52,4.27,8.975352351,174.9125057,100.0,1.0,4.0,1.0,6.309,1,56.2611817
26.0,7.66,3.42,2.54,4.926731892,225.6650528,100.0,3.0,3.0,1.0,7.888,1,16.45293715
37.0,11.17,5.35,4.21,4.459253002,94.79042407,92.32,2.0,3.0,1.0,6.202,2,12.16046434
26.0,10.01,6.37,6.25,6.816735158,196.1465263,100.0,2.0,5.0,1.0,6.95,2,48.68660132
27.0,6.51,3.51,6.15,5.786633204,52.7703062,100.0,4.0,7.0,1.0,2.63,1,53.82814679
39.0,9.19,6.48,2.83,8.36053315,188.7599907,89.85,2.0,1.0,1.0,7.266,2,15.90684725
27.0,7.86,2.62,5.55,5.991856563,109.3246638,100.0,0.0,6.0,1.0,4.265,1,97.23110345
33.0,6.92,2.59,7.53,8.061437116,227.9197877,100.0,0.0,9.0,1.0,5.741,1,94.19871673
33.0,3.92,2.35,5.01,5.647681236,109.6727122,100.0,4.0,9.0,0.0,2.557,1,68.41281975
37.0,6.64,3.33,1.19,4.98415859,250.5547318,91.44,3.0,2.0,1.0,7.983,1,12.97493771
28.0,4.46,2.13,5.44,6.192979791,205.6789327,100.0,4.0,8.0,0.0,4.518,1,36.179356595
18.0,11.15,3.79,0.84,7.159296921,121.5800718,100.0,1.0,3.0,1.0,7.843,1,6.676048179
27.0,5.35,4.48,6.98,6.950871242,162.980402,100.0,2.0,7.0,0.0,3.741,1,62.85826874
22.0,11.52,8.24,4.13,7.336967117,131.5658563,87.88,2.0,1.0,1.0,6.941,2,-10.28564191
37.0,7.33,2.73,3.08,8.923878733,44.74970988,100.0,2.0,1.0,1.0,3.721,1,65.75682608
35.0,8.32,2.82,0.46,7.787674171,230.1772496,90.99,2.0,3.0,1.0,8.282,1,23.05391349
37.0,7.43,6.57,3.05,8.317113232,279.3143432,89.64,0.0,4.0,1.0,8.06,2,17.60790182
33.0,3.29,2.33,7.23,4.630123337,209.4155066,100.0,4.0,9.0,0.0,3.556,1,62.43688672
26.0,5.76,3.17,0.17,5.227432386,276.908827,82.63,3.0,3.0,0.0,8.149,1,-5.57014648
32.0,2.99,2.16,3.8,5.941876482,122.1065971,100.0,3.0,1.0,0.0,3.095,1,55.71674811
20.0,8.23,6.2,7.45,4.780818039,87.79357359,100.0,2.0,5.0,1.0,3.72,2,71.54215652
32.0,6.47,4.97,3.16,7.005698273,88.88825958,98.18,2.0,4.0,1.0,4.047,1,19.57820788
33.0,9.78,5.74,3.43,6.315159399,248.6608396,82.05,2.0,3.0,1.0,9.081,2,32.54376145
36.0,4.2,2.34,4.63,7.363023312,162.0211276,100.0,2.0,4.0,0.0,5.462,1,36.179356595
19.0,3.65,1.12,3.7,7.574764852,112.2514673,100.0,0.0,2.0,0.0,2.975,0,77.05487302
38.0,6.06,5.19,1.35,9.225633886,315.1150568,83.81,1.0,4.0,1.0,8.425,2,3.098838238
23.0,11.27,7.46,0.15,8.314458937,268.8429563,80.62,0.0,3.0,1.0,10.55,2,-0.796886434
17.0,9.1,3.84,4.88,3.28909703,64.00861674,100.0,4.0,4.0,1.0,4.066,1,46.14324217
24.0,6.19,3.771381605,7.37,5.31619188,108.4048573,100.0,4.0,5.0,1.0,3.524,2,39.06306009
33.0,7.17,6.09,0.85,4.519522904,181.9833011,93.59,4.0,2.0,1.0,6.67,2,3.146909308
17.0,2.84,2.54,1.69,5.350374676,47.93292218,100.0,3.0,3.0,0.0,2.433,1,19.45885927
36.0,11.85,9.77,4.1412097370000005,6.336472246,208.0456742,72.39,2.0,1.0,1.0,8.957,2,-3.030274411
29.0,8.66,7.78,6.47,6.382191878,56.27770346,100.0,0.0,8.0,1.0,3.889,2,14.16672842
15.0,4.85,2.17,2.15,4.975291326,302.8058641,100.0,4.0,2.0,0.0,7.46,1,17.29693128
21.0,7.86,6.33,7.06,7.459908957,273.7852062,100.0,1.0,9.0,1.0,6.932,2,30.02982544
26.0,3.09,2.45,0.44,7.394767979,292.1488188,98.97,0.0,4.0,0.0,7.353,1,17.82460191
27.0,11.66,5.11,7.53,3.506529807,96.84876311,100.0,3.0,7.0,1.0,5.491,1,61.29808607
35.0,3.75,1.35,4.49,6.268415143,147.1145384,100.0,4.0,2.0,0.0,3.388,0,62.96297563
38.0,8.48,7.53,5.27,6.517502160499999,49.72308065,97.47,1.0,5.0,1.0,3.599,2,29.88399652
34.0,4.45,2.13,2.94,6.510758681,136.9529199,100.0,0.0,1.0,0.0,4.563,1,20.31865906
19.0,9.18,7.55,6.26,5.918095586,165.0391503,100.0,2.0,5.0,1.0,6.252,2,41.25965512
18.0,9.77,2.96,1.33,5.492841477,182.3827371,100.0,3.0,1.0,1.0,8.206,1,19.34440652
26.0,8.73,2.73,0.39,4.95683259,165.9822073,92.72,2.0,1.0,1.0,8.328,1,5.210728389
27.0,8.14,4.72,3.16,6.517502160499999,61.06058186,95.53,2.0,1.0,1.0,3.742,1,8.214043288
38.0,10.92,4.84,6.83,8.216822753,182.1410899,100.0,0.0,9.0,1.0,7.171,1,56.69053203
32.0,2.79,1.99,6.04,5.07598928,141.1497634,100.0,3.0,7.0,0.0,2.083,0,50.8242373
31.0,5.31,3.39,4.14,4.984053818,247.6044709,97.55,4.0,3.0,0.0,6.873,1,32.83342465
33.0,4.48,1.55,4.1412097370000005,4.53977261,148.4796566,100.0,2.0,2.0,0.0,3.206,0,61.88035705
23.0,11.88,4.72,1.04,7.790137121,162.7843028,94.69,2.0,2.0,1.0,8.388,1,16.03857651
18.0,5.89,3.14,6.73,4.391373525,221.469143,100.0,2.0,5.0,1.0,5.826,1,71.5143104
35.0,9.33,3.84,6.3,5.373055081,169.4767881,100.0,3.0,6.0,1.0,6.195,1,40.77803672
16.0,8.85,6.86,5.25,6.717883135,221.9423335,95.22,2.0,8.0,1.0,7.29,2,11.09431032
18.0,4.12,2.26,3.73,6.483080474,184.9779406,100.0,1.0,3.0,0.0,4.581,1,58.81481996
16.0,4.39,1.56,7.72,5.668754638,142.7161635,100.0,4.0,8.0,0.0,2.699,0,97.34159424
29.0,4.81,2.84,7.03,4.570605999,22.64309077,100.0,3.0,8.0,0.0,5.462,1,62.21501847
16.0,6.11,2.17,5.16,8.009859294,137.110849,100.0,0.0,5.0,1.0,4.007,1,80.28646926
18.0,7.0,1.64,2.97,8.421303414,260.8058406,100.0,2.0,4.0,1.0,5.462,0,66.66963385
20.0,2.2,0.98,4.94,5.697333395,38.22776,100.0,2.0,1.0,0.0,0.398,0,60.21399751
21.0,10.79,8.8,4.6,4.112979978,275.3562676,67.84,4.0,2.0,1.0,9.275,2,0.04063694
24.0,11.66,9.97,3.15,4.497100821,287.2562413,61.22,3.0,2.0,1.0,10.145,2,-2.408242327
33.0,5.42,4.31,2.45,8.120099675,248.2547536,96.75,0.0,3.0,0.0,6.595,1,4.771984194
33.0,5.39,2.7,3.26,6.898238825,254.2018623,100.0,2.0,4.0,0.0,6.577,1,40.02318045
36.0,2.07,0.96,4.59,7.974410018,292.9431781,100.0,2.0,4.0,0.0,5.278,0,74.03198026
26.0,8.8,5.54,3.43,8.305428124,244.0132822,98.26,1.0,2.0,1.0,8.151,2,19.88354176
17.0,10.25,7.51,2.11,8.767380704,51.27763733,100.0,0.0,1.0,1.0,5.032,2,-4.062085407
27.0,3.47,3.11,6.09,8.681779848,19.40153714,100.0,2.0,5.0,0.0,0.568,1,36.179356595
32.0,3.6,1.36,4.25,7.518061513,162.6703813,100.0,0.0,2.0,0.0,3.505,0,34.69754852
22.0,9.9,3.26,4.1412097370000005,6.487688333,57.32663856,96.4,0.0,3.0,1.0,5.462,1,28.88189895
35.0,8.16,5.85,2.95,5.717468172,260.0710753,79.67,3.0,2.0,1.0,8.075,2,4.152548199
29.0,2.45,1.96,7.08,6.864615039,274.3303788,100.0,2.0,8.0,0.0,4.181,0,75.47776894
15.0,7.0,6.65,6.04,6.272572674,228.8593507,100.0,2.0,5.0,1.0,6.663,2,48.58061301
17.0,5.09,3.6,2.59,7.074071424,171.9564771,100.0,0.0,4.0,0.0,4.828,1,25.78682517
22.0,5.69,4.96,7.51,4.730638587,208.7047846,100.0,2.0,6.0,0.0,4.532,1,54.46357973
27.0,9.7,5.88,0.61,7.674432864,73.32479795,87.94,0.0,2.0,1.0,5.927,2,-10.75705795
30.0,10.11,8.58,7.69,6.339839025,15.69250364,100.0,1.0,7.0,1.0,3.288,2,56.98676904
37.0,6.0,5.28,1.97,6.719113603,287.0521944,91.93,2.0,4.0,0.0,8.389,2,3.221998381
24.0,11.47,9.27,0.07,5.915047527,49.06441513,65.5,4.0,4.0,1.0,6.634,2,-5.86937531
26.0,6.06,2.94,3.47,6.221627597,78.3888771,100.0,0.0,1.0,1.0,3.389,1,53.94222153
28.0,9.72,4.06,2.87,4.702928204,63.29250465,95.58,2.0,4.0,1.0,5.759,1,25.30225874
28.0,6.84,4.3,4.31,8.747483461,53.90256468,100.0,2.0,4.0,1.0,3.387,1,40.98522547
16.0,10.98,6.28,6.37,6.696592439,190.4179955,100.0,2.0,7.0,1.0,7.459,2,34.38307618
37.0,11.08,9.16,6.74,5.560705108,152.9839149,94.02,3.0,6.0,1.0,6.278,2,14.96871925
19.0,2.87,3.771381605,3.21,4.028576001,272.7895063,100.0,4.0,3.0,0.0,6.232,0,33.24449352
19.0,11.36,5.16,3.44,7.857184431,171.0080084,100.0,0.0,4.0,1.0,8.648,2,19.39980107
20.0,10.26,7.71,1.19,4.531965713,60.98724191,69.37,4.0,2.0,1.0,6.213,2,1.243173555
27.0,9.91,3.54,0.38,9.255164284,216.9830864,85.83,2.0,4.0,1.0,9.041,1,27.09671796
23.0,4.01,1.97,5.13,7.139854346,213.633477,100.0,2.0,6.0,0.0,4.726,0,66.75645058
36.0,10.05,5.35,0.52,5.421473316,45.42233921,93.76,4.0,3.0,1.0,6.049,2,0.411512543
29.0,10.5,7.07,5.87,7.153737509,92.33909543,100.0,0.0,5.0,1.0,5.429,2,54.41544845
28.0,4.89,1.93,4.31,5.207277785,201.9236849,100.0,2.0,3.0,0.0,5.312,0,49.20291374
27.0,11.52,9.4,1.59,8.113276215,99.48287294,78.19,0.0,1.0,1.0,7.563,2,5.967057704
21.0,2.5,1.42,4.32,4.948076914,40.23594992,100.0,3.0,4.0,0.0,0.834,0,54.85012934
39.0,3.5,2.98,1.46,8.954649445,136.415403,100.0,1.0,2.0,0.0,3.752,1,32.09976922
34.0,7.38,4.29,3.51,6.861594335,189.5167622,100.0,1.0,3.0,1.0,6.197,1,22.8491723
16.0,7.76,3.61,6.4,8.631071139,223.406193,100.0,2.0,9.0,1.0,6.5,1,50.29478957
21.0,8.45,3.25,3.7,3.9679183,121.7791266,100.0,2.0,4.0,1.0,5.375,1,24.21334512
20.0,2.17,3.771381605,1.19,6.517502160499999,64.62270552,100.0,2.0,1.0,0.0,1.888,0,24.70337343
31.0,11.6,7.18,5.79,8.211865437,171.0601663,98.73,2.0,6.0,1.0,7.723,2,9.338033497
39.0,2.45,0.89,4.1412097370000005,6.517502160499999,76.33315694,100.0,0.0,3.0,0.0,2.258,0,42.66037541
39.0,3.43,1.84,5.91,4.362526151,90.64659995,100.0,3.0,8.0,0.0,1.762,0,65.33843342
16.0,2.14,1.4,3.83,6.16680594,70.1840104,100.0,3.0,4.0,0.0,1.141,0,54.38988916
17.0,7.67,3.57,3.63,5.460682878,159.907072,100.0,4.0,2.0,1.0,5.766,1,26.36272918
27.0,11.32,4.59,6.81,7.133662529,165.9822073,100.0,0.0,9.0,1.0,5.462,1,36.179356595
19.0,8.66,6.62,5.67,5.947385378,16.24817652,100.0,4.0,9.0,1.0,3.029,2,30.56367328
15.0,10.23,8.88,0.26,4.718618645,176.703647,66.41,4.0,4.0,1.0,8.737,2,-0.884143482
22.0,2.13,0.77,2.37,4.926513837,88.81265142,100.0,3.0,2.0,0.0,1.934,1,40.81874366
26.0,7.0,2.92,6.97,6.160717594,98.96459336,100.0,1.0,9.0,0.0,5.462,1,82.21503651
27.0,6.6,5.78,0.15,5.01677996,106.4323776,81.0,3.0,3.0,1.0,5.455,2,10.14778721
18.0,6.99,2.26,4.36,9.454970386,227.131643,100.0,0.0,2.0,1.0,6.707,1,59.13153138
27.0,2.72,2.41,5.82,5.192842976,109.5935832,100.0,4.0,8.0,0.0,1.754,1,61.5735896
37.0,8.84,2.68,4.97,8.768689124,101.2718317,100.0,1.0,1.0,1.0,4.949,1,59.08567339
29.0,7.03,5.79,6.08,5.956130013,50.45735223,100.0,1.0,6.0,1.0,2.411,2,52.2520163
25.0,9.65,4.67,5.81,6.320854924,228.2173679,100.0,2.0,5.0,1.0,7.662,1,51.50485761
24.0,6.85,5.91,5.54,4.806672123,86.73005086,100.0,3.0,8.0,1.0,3.203,2,28.3053774
17.0,7.0,1.71,6.57,6.646391066,172.5358596,100.0,0.0,9.0,0.0,5.462,0,85.59009857
36.0,8.48,5.87,5.17,7.02853882,165.9822073,100.0,2.0,7.0,1.0,5.989,2,35.2753129
28.0,3.72,1.29,3.22,5.757409278,264.4950162,100.0,2.0,2.0,0.0,6.234,0,44.76234014
30.0,10.72,4.77,3.78,4.10787743,19.7814509,100.0,2.0,3.0,1.0,4.626,1,13.7833247
24.0,8.13,6.21,5.73,8.318898866,65.37479334,100.0,2.0,9.0,1.0,3.546,2,55.09730849
24.0,3.57,2.2,7.01,9.290725965,165.9822073,100.0,0.0,8.0,0.0,1.522,1,89.18298405
26.0,11.62,9.96,2.18,6.004508278,187.815498,76.39,0.0,3.0,1.0,8.736,2,0.758685454
23.0,7.18,4.0,2.74,6.090888858,258.6428729,100.0,2.0,1.0,1.0,7.388,1,25.74959467
15.0,2.73,3.771381605,7.45,5.814394836,128.9703259,100.0,2.0,8.0,0.0,2.29,1,79.3109016
19.0,7.0,4.71,4.63,5.032108486,52.40238393,100.0,3.0,3.0,0.0,5.462,1,38.41719889
34.0,4.53,4.02,1.43,3.986903736,199.3666536,87.5,3.0,3.0,0.0,5.796,1,-7.581032892
22.0,10.04,8.79,5.31,6.609394555,206.9674483,90.31,1.0,8.0,1.0,7.587,2,12.11044014
25.0,10.18,5.06,7.93,8.092842551,262.8674483,100.0,0.0,5.0,1.0,8.011,2,67.11326123
26.0,11.79,9.8,6.59,3.847992313,158.4360243,77.09,4.0,5.0,1.0,7.378,2,-0.387748498
15.0,7.02,5.68,5.97,6.975144406,137.1598366,100.0,1.0,8.0,1.0,4.179,2,40.3536224
39.0,6.55,2.79,1.66,8.872876482,51.84680387,100.0,1.0,3.0,1.0,3.377,1,40.14243299
36.0,9.53,6.43,7.01,4.976262844,43.97446208,100.0,3.0,8.0,1.0,3.542,2,41.34000689
34.0,3.32,1.14,4.1412097370000005,5.481965802,34.25639346,100.0,2.0,3.0,0.0,1.277,0,51.96941844
39.0,7.47,5.99,7.11,7.385812448,152.4343616,100.0,0.0,7.0,1.0,3.662,2,58.68750636
25.0,7.46,3.02,2.64,5.806149648,113.8450471,96.16,2.0,4.0,1.0,5.438,1,25.35603783
19.0,2.89,0.99,0.5,4.546488653,165.9822073,100.0,4.0,3.0,0.0,5.462,0,11.81839729
29.0,6.18,3.34,3.81,6.123430887,136.1727551,100.0,3.0,3.0,1.0,4.707,1,18.97216901
19.0,10.53,6.8,2.16,5.312842865,127.546156,93.75,2.0,2.0,1.0,7.157,2,0.813960203
27.0,10.56,8.58,5.72,8.226787247,182.857893,92.68,2.0,6.0,1.0,7.544,2,25.33131523
27.0,2.99,2.64,7.66,7.603788138,133.669009,100.0,0.0,6.0,0.0,2.197,1,78.66924048
31.0,2.91,1.64,5.53,6.168585458,129.5669804,100.0,0.0,8.0,0.0,1.996,0,60.95897331
31.0,4.63,1.56,7.1,6.869143556,270.4544901,100.0,2.0,7.0,0.0,5.385,0,90.23606892
38.0,10.75,8.06,3.62,7.793746498,257.289347,78.64,0.0,1.0,1.0,9.609,2,9.322855634
26.0,3.29,3.771381605,6.17,4.336136907,171.6314982,100.0,4.0,8.0,0.0,3.534,1,46.72464611
38.0,9.2,5.23,6.74,5.140297221,240.950122,95.29,3.0,9.0,1.0,7.418,2,22.9467802
29.0,3.01,1.46,5.69,8.917976131,299.7485384,100.0,1.0,5.0,0.0,5.738,1,83.6484501
29.0,8.23,4.95,4.06,9.303774902,199.5707202,100.0,0.0,2.0,1.0,7.077,1,49.43253985
20.0,5.56,2.8,5.01,4.242149423,42.63496113,100.0,4.0,4.0,1.0,2.037,1,62.804626
26.0,7.0,7.46,5.6,4.497439745,62.19008585,100.0,4.0,9.0,0.0,5.462,2,22.31031804
34.0,4.34,2.72,2.02,5.972889465,249.9232344,100.0,2.0,2.0,0.0,6.804,1,16.12970971
27.0,8.39,6.93,6.48,3.835624509,141.0697104,100.0,2.0,7.0,1.0,4.811,2,24.27052434
28.0,4.36,2.73,7.6,7.093064238,202.2467223,100.0,1.0,5.0,0.0,4.08,1,84.34488098
16.0,9.14,4.05,4.1412097370000005,4.440244171,228.0264514,95.55,2.0,3.0,1.0,5.462,1,-0.789925147
23.0,10.74,8.71,5.61,4.416963865,256.0730325,86.85,4.0,7.0,1.0,8.787,1,3.556018894
19.0,3.27,2.07,5.9,6.344928884,171.5635911,100.0,1.0,8.0,0.0,3.605,1,50.65721708
34.0,10.67,4.53,5.3,9.497438758,297.8121477,100.0,1.0,9.0,1.0,9.485,1,61.57296613
15.0,7.94,5.35,4.38,6.059068887,210.4282939,97.58,1.0,1.0,1.0,6.896,2,37.39080127
37.0,3.27,1.68,7.05,5.619487741,255.306812,100.0,4.0,9.0,0.0,4.74,0,70.95299798
17.0,7.0,5.07,3.59,8.526973304,165.9822073,100.0,0.0,1.0,1.0,5.683,2,42.08355907
20.0,3.61,2.06,0.49,5.944171933,275.9893797,97.72,0.0,3.0,0.0,7.618,1,25.39341762
19.0,9.0,6.62,6.76,5.673241886,139.2638292,100.0,3.0,6.0,1.0,5.552,2,21.88050866
35.0,9.59,3.43,5.39,6.219533659,230.8582792,100.0,4.0,5.0,1.0,7.418,1,59.15015196
19.0,3.06,1.65,6.79,4.947490282,136.0529455,100.0,2.0,9.0,0.0,1.653,0,74.60228213
15.0,7.06,6.28,1.11,6.635498531,58.74166513,84.47,0.0,2.0,1.0,4.417,2,12.34584387
31.0,10.15,7.97,0.25,6.930916182,126.45474,67.8,0.0,3.0,1.0,7.24,2,-2.584697077
33.0,11.36,4.5,7.47,5.78030992,257.0924918,100.0,2.0,9.0,1.0,8.119,1,75.05653014
28.0,7.14,3.33,1.18,3.983834394,11.71262673,100.0,4.0,2.0,1.0,3.616,1,7.848541248
26.0,11.5,5.73,6.48,6.517502160499999,188.3092698,99.26,4.0,7.0,1.0,7.466,2,55.38625073
24.0,7.36,5.08,6.59,6.516293767,123.8622852,100.0,1.0,9.0,1.0,4.203,2,36.179356595
34.0,5.94,4.48,5.67,3.932091203,245.4182331,100.0,2.0,8.0,0.0,6.289,1,38.00485257
35.0,10.48,7.86,1.05,4.621324429,165.9822073,74.34,3.0,4.0,1.0,6.225,2,-2.595160019
32.0,6.93,4.2,5.34,8.303053398,211.1276843,100.0,1.0,9.0,1.0,6.343,1,64.91470343
38.0,7.0,5.29,7.11,6.535776718,45.11728848,100.0,0.0,6.0,1.0,2.027,2,63.1160346
25.0,6.9,3.88,3.4,5.083965782,191.741056,96.36,2.0,4.0,1.0,6.35,1,-7.275837291
16.0,10.47,3.92,3.31,7.592253196,170.4238061,100.0,1.0,1.0,1.0,7.962,1,39.17638424
39.0,10.32,6.59,4.1412097370000005,4.698448683,308.8056614,84.11,2.0,4.0,1.0,9.778,2,4.429608505
32.0,6.04,5.26,0.66,7.798539647,323.8507967,84.25,1.0,1.0,1.0,8.722,2,-6.568113599
39.0,5.33,4.13,4.1412097370000005,7.645155198,23.9028228,100.0,0.0,9.0,0.0,1.063,1,77.04555942
21.0,6.92,4.48,6.95,8.114953911,262.6940339,100.0,0.0,7.0,1.0,7.155,1,69.62353836
38.0,7.73,5.32,7.98,7.298279061,234.9355533,100.0,2.0,7.0,1.0,6.091,2,61.61443339
29.0,4.38,3.76,4.68,4.294780024,153.8134668,92.65,2.0,3.0,0.0,4.426,1,29.92348658
25.0,9.94,5.54,6.01,8.079050568,74.98806998,100.0,2.0,5.0,1.0,4.447,2,49.00572697
32.0,6.86,3.42,1.62,4.672701446,268.1350315,98.19,2.0,2.0,1.0,7.984,1,4.362543875
37.0,5.34,4.73,5.34,5.937054309,63.6407648,100.0,3.0,8.0,0.0,5.462,1,45.08921078
26.0,3.07,3.771381605,5.2,8.409603386,165.9822073,100.0,0.0,9.0,0.0,5.462,1,90.79210775
20.0,4.39,2.17,7.21,5.524498882,209.8689283,100.0,1.0,5.0,0.0,3.832,1,64.89467313
34.0,11.49,6.64,6.65,7.882150663,18.96744045,100.0,2.0,8.0,1.0,4.25,2,66.77476398
37.0,5.05,2.77,7.51,4.241234708,52.83019657,100.0,3.0,6.0,0.0,1.532,1,75.0127883
27.0,3.69,1.44,6.95,6.166130647,130.105015,100.0,1.0,9.0,0.0,1.96,0,36.179356595
34.0,7.0,5.78,6.95,4.621060855,193.9707112,97.12,2.0,8.0,0.0,5.462,2,46.17623015
30.0,5.07,2.75,0.51,6.886353552,23.74801516,100.0,2.0,2.0,0.0,2.842,1,-4.782052323
32.0,2.35,1.94,6.77,4.225185527,167.7598758,100.0,2.0,7.0,0.0,1.944,0,67.73879171
24.0,5.23,2.16,4.86,4.594414714,86.69477704,100.0,2.0,4.0,0.0,2.797,1,44.01439956
37.0,7.44,4.68,3.04,5.577791569,114.5295284,100.0,2.0,4.0,1.0,5.028,1,16.15068519
22.0,7.52,2.36,0.45,8.398331334,261.2693565,100.0,2.0,4.0,1.0,8.945,1,20.72994791
32.0,5.57,4.23,5.42,4.48512135,165.9822073,100.0,2.0,9.0,0.0,5.462,1,36.179356595
35.0,6.47,4.2,4.1412097370000005,6.517502160499999,246.6630682,92.61,0.0,1.0,1.0,5.462,1,37.60242253
15.0,11.66,7.87,3.74,5.369666501,221.9884172,76.75,3.0,4.0,1.0,8.848,2,-4.189227091
37.0,5.77,1.91,4.1412097370000005,4.446201432,189.899589,100.0,4.0,2.0,0.0,5.462,0,65.28543428
22.0,4.58,1.95,7.29,6.496418299,286.1662909,100.0,2.0,8.0,0.0,5.462,0,97.50027681
20.0,4.43,1.53,6.6,8.654084529,127.1467566,100.0,1.0,9.0,0.0,5.462,0,91.67588876
19.0,6.58,3.11,3.6,4.47523402,228.3085418,100.0,2.0,2.0,1.0,7.07,1,27.35452651
29.0,9.6,6.49,3.1,4.433628913,154.0644009,96.23,2.0,4.0,1.0,6.55,2,-3.610731922
36.0,4.06,2.6,1.92,7.091521114,242.6551538,99.3,2.0,2.0,0.0,6.534,1,22.91112894
29.0,9.09,6.07,2.98,6.057709426,295.0680331,100.0,4.0,4.0,1.0,9.471,2,-4.050420463
16.0,2.21,1.39,0.89,8.281886911,288.8245156,100.0,0.0,2.0,0.0,6.698,0,15.65272864
15.0,6.19,2.87,7.77,5.010537983,260.5422267,100.0,2.0,8.0,1.0,5.744,1,76.88171958
37.0,9.76,4.36,4.59,6.590206034,234.2426014,99.99,1.0,4.0,1.0,8.223,1,28.02493557
37.0,5.39,2.06,1.02,5.119757656,72.23275437,100.0,2.0,1.0,0.0,3.449,1,14.38018359
25.0,7.64,6.18,2.82,6.311257798,217.1842723,92.03,2.0,3.0,1.0,7.294,2,5.673217343
24.0,4.05,2.71,4.38,7.573813267,244.2631671,100.0,0.0,2.0,0.0,5.371,1,63.28919264
32.0,9.42,3.771381605,4.26,8.266413652,61.24894592,100.0,0.0,2.0,1.0,4.732,1,33.10858442
32.0,2.52,1.02,0.28,6.756609126,281.2994344,100.0,1.0,3.0,0.0,6.356,0,12.86191621
31.0,10.53,8.67,7.61,8.108845734,282.8496282,96.02,1.0,5.0,1.0,8.442,2,31.86155434
22.0,3.98,2.97,2.2,5.805747,260.916882,89.89,3.0,2.0,0.0,6.27,1,15.07775872
29.0,10.74,7.47,0.13,5.872064665,165.9822073,63.5,2.0,4.0,1.0,10.131,2,-5.127281863
22.0,5.53,3.01,0.61,6.366120574,189.6483695,96.32,2.0,4.0,0.0,6.282,1,16.02702391
31.0,9.23,4.22,4.64,6.719850298,165.9822073,100.0,0.0,3.0,1.0,5.462,1,34.14722378
26.0,5.19,4.61,1.1,3.819583671,242.3098042,84.21,4.0,4.0,0.0,7.145,1,-0.207271598
22.0,11.06,8.61,0.33,7.864990222,100.5958415,74.88,0.0,3.0,1.0,7.531,1,0.24501493
39.0,3.27,1.57,3.04,5.915319511,124.7694091,100.0,2.0,4.0,0.0,2.723,0,66.52400956
28.0,3.79,3.06,4.98,7.675078748,198.8621382,100.0,0.0,4.0,0.0,5.081,1,62.09244072
18.0,6.93,5.23,0.89,8.584873662,181.3269423,89.18,2.0,1.0,1.0,6.858,2,9.070465385
15.0,2.82,1.35,4.1412097370000005,6.624843683,267.1284187,100.0,1.0,4.0,0.0,5.462,0,39.88068737
15.0,3.96,2.2,3.34,3.766658217,88.84194197,100.0,4.0,3.0,0.0,2.738,1,34.79227171
33.0,11.44,4.71,1.28,7.355569293,166.166202,87.33,0.0,2.0,1.0,8.456,1,7.363118697
30.0,11.76,4.31,4.05,7.512385632,153.8170781,100.0,2.0,4.0,1.0,8.085,1,38.88757674
27.0,5.76,4.23,0.68,5.525953481,107.1946482,92.32,4.0,1.0,0.0,4.996,1,13.47108809
35.0,11.23,5.17,0.37,6.880099828,181.0929611,82.7,2.0,2.0,1.0,9.044,1,1.830266277
30.0,7.45,5.9,4.16,9.079354287,187.5468895,100.0,1.0,4.0,1.0,6.577,2,48.59519348
19.0,4.7,4.22,1.98,5.830562741,193.7478968,92.24,4.0,4.0,0.0,5.496,1,36.179356595
23.0,9.02,3.12,0.76,5.59589377,251.2934395,95.81,2.0,1.0,1.0,9.542,1,8.882834815
16.0,8.59,5.02,3.39,4.800234656,147.525847,95.94,3.0,4.0,1.0,6.038,2,5.237814349
32.0,11.89,3.771381605,7.32,6.333277641,219.9869519,100.0,0.0,9.0,1.0,8.049,2,36.179356595
20.0,4.65,3.6,5.79,8.435226089,69.61426884,100.0,0.0,9.0,0.0,2.268,1,36.179356595
23.0,8.72,6.59,6.52,6.818040872,193.459247,100.0,2.0,8.0,1.0,6.024,2,36.179356595
15.0,2.52,1.28,6.98,4.196278059,98.10084274,100.0,4.0,8.0,0.0,1.246,0,80.55090658
23.0,3.14,1.8,7.78,7.02032501,86.87516964,100.0,1.0,7.0,0.0,0.796,0,99.84213631
39.0,2.04,1.34,6.11,7.648926769,146.8359891,100.0,2.0,7.0,0.0,2.567,0,63.62241665
30.0,11.99,10.6,4.87,7.131569903,164.3673332,85.38,1.0,4.0,1.0,7.334,2,9.442084214
27.0,10.02,4.98,2.92,5.132665079,290.2122808,76.37,3.0,4.0,1.0,9.894,1,-2.417349289
27.0,9.87,8.43,1.45,6.761503714,259.5174279,72.85,2.0,4.0,1.0,9.98,2,1.117329275
35.0,7.1,3.28,5.49,5.890733042,248.6141135,100.0,0.0,9.0,1.0,6.763,1,50.0559264
27.0,5.0,4.47,7.96,3.777906505,165.9822073,100.0,4.0,5.0,0.0,1.592,1,80.98215105
23.0,3.51,2.46,3.74,6.639123287,146.3101429,100.0,0.0,1.0,0.0,3.733,1,59.42780113
25.0,4.85,2.8,5.79,9.519581411,199.5514266,100.0,1.0,6.0,0.0,4.868,1,100.5105516
18.0,5.76,3.85,3.96,6.208073529,269.9785425,100.0,3.0,4.0,0.0,7.132,1,38.75036366
16.0,9.56,4.43,3.46,8.652918595,88.16836515,100.0,0.0,2.0,1.0,5.802,1,30.48822049
20.0,7.4,3.44,3.28,4.907984362,178.1439751,97.32,3.0,4.0,1.0,6.636,1,21.36316275
28.0,2.77,1.02,4.04,8.063723654,116.2305265,100.0,2.0,4.0,0.0,2.433,0,52.06753827
18.0,2.18,0.8,2.94,5.203432338,68.53843634,100.0,4.0,1.0,0.0,1.288,0,64.36801907
20.0,3.02,1.54,5.99,4.930963303,206.7075227,100.0,2.0,7.0,0.0,4.333,0,51.56079473
33.0,6.1,4.62,6.99,6.830157783,118.2458583,100.0,0.0,6.0,1.0,3.853,1,61.78566901
20.0,11.33,7.53,7.06,6.973564203,238.1782083,95.13,0.0,8.0,1.0,8.527,2,36.29095189
16.0,8.37,3.03,1.82,7.657169347,165.9822073,100.0,1.0,3.0,1.0,5.462,1,38.02105314
32.0,10.02,8.13,7.17,6.971410266,44.83548126,100.0,0.0,5.0,1.0,3.519,2,42.27243614
27.0,6.66,4.4,2.73,7.681776798,165.9822073,100.0,2.0,1.0,1.0,4.371,1,29.58112567
23.0,7.0,4.93,2.47,8.762424553,87.11791052,100.0,0.0,1.0,0.0,3.489,1,-5.959456333
37.0,3.08,2.16,5.81,5.802375945,231.4664735,100.0,2.0,7.0,0.0,4.317,1,61.88594532
27.0,10.76,4.36,2.44,4.426549238,60.51270452,99.59,2.0,4.0,1.0,5.888,1,1.990840526
27.0,9.83,5.74,0.42,4.893980809,32.92699772,92.15,3.0,3.0,1.0,5.229,2,-4.468898463
25.0,3.68,2.54,2.99,5.842908764,127.7471168,100.0,2.0,2.0,0.0,3.223,1,41.79759126
15.0,7.12,2.26,5.77,7.92517322,272.0621772,100.0,0.0,9.0,1.0,6.969,1,64.03570475
38.0,6.87,2.12,2.62,3.682619134,200.0394709,97.82,4.0,3.0,1.0,6.369,1,12.80632741
36.0,8.25,3.12,5.04,4.51400739,44.13931094,100.0,3.0,8.0,1.0,3.373,1,51.41895116
21.0,11.46,5.17,5.28,4.42387504,235.1063303,88.28,2.0,9.0,1.0,8.666,2,36.179356595
39.0,7.8,4.35,5.87,6.387582004,263.8618693,100.0,2.0,5.0,1.0,7.119,1,65.83006843
35.0,7.4,4.38,7.18,5.093392194,235.3323326,100.0,3.0,6.0,1.0,6.206,1,72.53545639
29.0,2.5,0.96,3.46,4.793647105,77.27327399,100.0,3.0,3.0,0.0,1.712,0,32.30761673
15.0,2.63,1.85,1.33,7.160808863,165.9822073,100.0,0.0,3.0,0.0,3.936,0,31.90181555
27.0,3.87,2.55,2.55,8.114060235,3.94568402,100.0,2.0,4.0,0.0,1.73,1,36.94065966
21.0,2.32,1.11,3.46,5.758853197,259.2605868,100.0,3.0,4.0,0.0,5.122,0,55.0172368
29.0,9.43,2.91,5.71,7.016536985,147.8813613,100.0,2.0,9.0,1.0,6.442,1,66.44917133
35.0,9.23,3.2,0.1,4.321198982,193.8300431,86.71,2.0,1.0,1.0,8.765,1,8.867558384
33.0,3.36,1.8,2.53,8.612651457,25.29025704,100.0,2.0,3.0,0.0,1.621,0,53.13632857
39.0,10.36,4.07,6.24,4.973786068,198.2358238,100.0,2.0,6.0,1.0,7.748,1,58.58317157
15.0,3.55,1.87,5.37,6.517502160499999,171.2323652,100.0,0.0,6.0,0.0,4.024,0,80.80695072
31.0,5.01,3.39,5.85,9.260265864,174.6138904,100.0,0.0,5.0,0.0,4.49,1,81.24566627
31.0,4.49,2.82,6.49,7.574276811,59.01504497,100.0,0.0,7.0,0.0,1.358,1,90.64018891
17.0,5.72,3.771381605,6.27,6.517502160499999,216.7021445,100.0,0.0,8.0,0.0,5.939,1,50.99868561
26.0,7.0,2.3,5.46,6.972103106,13.33713638,100.0,1.0,5.0,0.0,1.037,1,61.54541762
20.0,6.89,4.61,3.52,5.161992261,107.2443334,91.07,2.0,4.0,1.0,5.069,1,22.55133872
25.0,6.07,4.96,7.87,8.814422786,202.832162,100.0,1.0,5.0,1.0,5.334,1,63.35335917
17.0,11.87,8.93,4.55,7.792491285,269.8029793,88.61,0.0,4.0,1.0,10.03,2,9.52772501
22.0,2.56,1.62,1.62,8.841661108,214.881884,100.0,0.0,2.0,0.0,4.074,0,51.26427184
28.0,3.42,1.77,2.34,7.192620863,70.29413205,100.0,0.0,2.0,0.0,2.328,0,48.23836356
28.0,2.53,1.31,5.55,6.601554586,293.3571366,100.0,0.0,6.0,0.0,5.58,0,81.81377824
24.0,8.26,6.84,7.4,6.517502160499999,205.4044896,100.0,0.0,8.0,1.0,5.85,2,46.71710508
16.0,2.55,0.83,1.43,6.150402353,239.1576463,100.0,2.0,4.0,0.0,5.486,0,24.25920589
28.0,15.54,9.25,0.66,6.528307972,502.1319986,59.17,2.0,4.0,1.0,10.262,2,-3.171780291
23.0,7.12,4.97,7.05,7.725471492,261.5453461,100.0,1.0,6.0,1.0,6.885,1,63.96715852
17.0,7.27,5.15,7.32,8.506972596,223.7828803,100.0,2.0,5.0,1.0,5.462,2,57.43693831
35.0,7.62,2.46,2.21,6.971767964,110.634572,100.0,0.0,3.0,1.0,4.967,1,36.2469696
22.0,3.71,2.46,3.02,8.725419896,228.7233222,100.0,1.0,4.0,0.0,5.769,1,41.88016603
30.0,3.98,2.35,5.28,7.846353494,237.2139673,100.0,1.0,9.0,0.0,5.086,1,67.68627974
16.0,5.19,1.89,2.64,6.525814315,157.8840027,100.0,0.0,1.0,0.0,5.003,0,36.179356595
20.0,7.93,3.7,7.02,5.479513459,181.7913452,100.0,3.0,9.0,1.0,5.359,1,70.1934743
35.0,4.1,3.42,0.86,7.539672869,251.5148153,100.0,0.0,1.0,0.0,6.612,1,4.538029913
39.0,3.16,1.99,0.3,5.835015498,243.8490451,96.95,2.0,1.0,1.0,6.49,0,24.92862407
26.0,11.7,6.41,1.67,4.330300465,169.2466754,77.21,3.0,2.0,1.0,8.569,2,36.179356595
19.0,2.22,0.76,2.29,6.267658193,114.298052,100.0,4.0,4.0,0.0,2.303,0,36.179356595
16.0,10.03,3.771381605,0.9,9.46539685,48.63189506,90.65,0.0,4.0,1.0,5.925,2,2.126440228
30.0,9.88,7.13,0.53,4.259505987,294.3830786,61.09,3.0,2.0,1.0,10.621,2,-3.704376605
19.0,4.97,3.32,6.04,8.06277084,89.4544265,100.0,0.0,9.0,0.0,2.453,1,71.92664118
29.0,3.36,2.04,1.31,6.517502160499999,132.152279,100.0,2.0,4.0,0.0,3.887,1,30.38688312
26.0,3.46,1.94,7.31,6.517502160499999,249.9552278,100.0,0.0,7.0,0.0,4.597,0,86.42267999
18.0,8.97,5.88,2.94,7.007433665,224.572363,90.17,0.0,3.0,1.0,7.923,2,7.061393634
29.0,8.43,3.771381605,5.36,6.965519476,237.6659717,100.0,0.0,5.0,1.0,6.967,1,62.94856547
25.0,9.83,8.5,1.8,5.893450325,63.57149801,86.4,0.0,4.0,1.0,5.235,2,4.311309432
30.0,11.37,7.43,1.92,4.654312117,174.7371571,77.06,4.0,4.0,1.0,8.429,1,1.348428843
37.0,8.92,4.34,4.6,8.955793583,93.6229814,100.0,2.0,3.0,1.0,4.7,1,48.27296533
20.0,3.56,2.03,4.49,6.425644019,59.09683905,100.0,0.0,1.0,0.0,2.153,1,46.7588537
28.0,6.645,3.47,6.15,8.034722662,72.35661439,100.0,0.0,7.0,0.0,1.35,1,74.59311001
32.0,10.42,4.14,6.06,7.146867438,117.2784458,100.0,1.0,6.0,1.0,5.912,1,62.1019677
27.0,4.09,1.95,5.37,3.603285769,179.0936229,100.0,3.0,7.0,0.0,4.134,0,65.85804922
25.0,2.73,1.93,3.59,8.52749516,151.0905349,100.0,0.0,1.0,0.0,3.088,0,78.37040376
27.0,7.0,4.42,7.13,7.545623955,35.23174922,100.0,2.0,5.0,1.0,2.976,1,62.96223446
35.0,6.03,4.68,4.98,4.204341783,96.03758705,100.0,3.0,4.0,1.0,3.341,1,38.12639765
37.0,11.2,4.24,7.92,9.759297085,284.774632,100.0,0.0,4.0,1.0,8.664,1,92.563917
25.0,8.5,6.44,6.55,8.461505607,118.6996826,100.0,1.0,5.0,1.0,5.045,2,32.26672695
37.0,2.9,0.99,0.35,6.538388493,25.98847789,100.0,1.0,3.0,0.0,1.885,0,36.32431075
30.0,11.48,3.53,2.56,7.088870913,250.0736685,93.07,2.0,2.0,1.0,9.652,1,8.293302744
29.0,4.59,3.85,4.58,4.984734153,251.1139584,100.0,3.0,1.0,0.0,5.721,1,25.17389064
35.0,5.37,3.48,5.77,6.023577185,98.52023798,100.0,2.0,4.0,0.0,2.934,1,65.59982102
29.0,6.02,3.08,4.4,4.355626617,81.47440369,100.0,4.0,4.0,1.0,3.51,1,64.9735856
39.0,2.51,1.1,6.29,6.517502160499999,213.5080555,100.0,1.0,8.0,0.0,3.748,0,69.480272
18.0,6.97,4.67,2.26,6.360173741,186.6870129,99.79,2.0,2.0,1.0,6.647,1,5.162828066
25.0,3.23,1.96,1.47,8.146773295,270.7910669,100.0,2.0,3.0,0.0,6.234,0,34.7459477
33.0,6.01,5.38,0.43,7.134426193,282.9459913,78.61,1.0,2.0,1.0,8.476,2,-4.846734259
29.0,5.51,3.771381605,4.59,5.185081298,171.2097148,100.0,4.0,2.0,0.0,4.658,1,30.0741169
18.0,7.0,6.63,5.51,7.904762722,49.46768845,100.0,1.0,6.0,0.0,5.462,1,45.6596487
35.0,10.03,5.67,2.61,7.037931876,100.0973173,100.0,2.0,3.0,1.0,6.172,2,39.0858344
27.0,3.53,2.1,4.91,6.440810171,242.0610212,100.0,2.0,1.0,0.0,5.272,1,74.4846371
36.0,5.67,4.02,0.42,5.41905055,207.5146268,93.21,4.0,1.0,0.0,6.289,1,36.179356595
33.0,5.73,2.07,0.79,8.576779259,26.96751883,100.0,0.0,2.0,0.0,3.288,1,33.90161146
16.0,3.51,1.74,5.61,9.021028194,283.9070689,100.0,1.0,6.0,0.0,5.172,0,79.29573927
28.0,9.98,3.44,2.94,7.256234792,128.4960607,100.0,0.0,4.0,1.0,7.448,1,44.53583234
18.0,13.605,3.771381605,5.37,8.982456463,298.5496787,100.0,0.0,5.0,1.0,6.304,1,58.82785973
30.0,3.9,1.63,6.65,5.731809841,54.08068251,100.0,2.0,4.0,0.0,0.935,0,76.35686472
35.0,5.67,3.35,6.82,8.22129139,168.4646351,100.0,2.0,6.0,0.0,4.389,1,36.179356595
34.0,3.06,2.36,1.38,7.063294293,284.7168834,95.62,1.0,4.0,0.0,6.716,1,3.385321959
28.0,8.28,4.9,3.89,6.517502160499999,49.13774627,100.0,2.0,1.0,1.0,3.713,1,19.81786131
29.0,3.21,1.61,5.87,6.979548367,98.09333289,100.0,2.0,6.0,0.0,1.484,0,96.47730667
17.0,11.86,4.14,6.19,7.137760465,165.9822073,100.0,0.0,7.0,1.0,7.153,1,73.96851649
22.0,9.81,6.18,6.28,5.671444705,194.2874574,100.0,3.0,9.0,1.0,6.541,2,51.00389337
30.0,5.9,2.73,1.83,4.793942789,96.3453258,96.71,4.0,2.0,0.0,3.921,1,23.72766424
24.0,7.79,5.21,1.54,5.032127008,297.3544728,100.0,4.0,1.0,1.0,9.113,2,-0.782688178
18.0,11.11,9.85,4.72,5.508631148,262.6467342,70.77,2.0,3.0,1.0,9.599,2,11.22630047
32.0,7.54,2.77,5.93,5.217379729,192.9560797,100.0,3.0,9.0,1.0,6.111,1,69.32525531
16.0,3.74,1.6,2.55,5.381929884,204.7831692,100.0,2.0,1.0,0.0,5.465,0,36.179356595
31.0,5.79,3.38,0.84,5.447025778,184.8586832,91.97,4.0,1.0,0.0,6.443,1,14.22858077
27.0,10.43,9.19,5.73,9.58836342,47.14472166,92.12,1.0,9.0,1.0,3.996,2,35.09735095
18.0,7.0,6.44,2.4,8.234737001,269.9910602,94.16,1.0,4.0,0.0,5.462,2,4.471825479
39.0,8.51,7.14,1.33,5.697550872,281.9720126,80.37,4.0,3.0,1.0,9.196,2,2.157928673
25.0,10.67,5.34,1.18,8.03821703,262.2841638,82.14,0.0,2.0,1.0,9.741,2,18.00728675
21.0,10.94,9.79,2.52,7.17448351,21.15107509,82.73,1.0,2.0,1.0,5.174,2,0.839607588
26.0,11.2,4.05,4.74,6.226690095,16.31372381,100.0,1.0,1.0,1.0,4.578,1,48.74246634
24.0,2.95,0.98,2.87,6.984428409,43.20574905,100.0,1.0,1.0,0.0,1.614,0,55.13910556
21.0,7.44,6.05,0.17,5.882077733,115.2453486,79.6,0.0,2.0,1.0,6.389,2,8.108067645
27.0,9.41,8.06,0.78,5.286940611,302.9117004,58.87,2.0,3.0,1.0,10.351,2,-0.616822793
21.0,9.57,3.39,2.32,6.053002914,221.7924993,100.0,3.0,1.0,1.0,8.409,1,25.54920162
38.0,8.07,2.97,5.28,6.246899337,175.0588635,100.0,0.0,7.0,1.0,6.371,1,55.59346152
31.0,3.67,1.17,0.79,7.036294501,255.0982806,100.0,0.0,1.0,0.0,6.698,0,28.04495458
24.0,9.97,3.62,4.49,7.00580082,102.7564702,100.0,0.0,3.0,1.0,5.598,1,56.9892151
24.0,9.2,3.92,0.96,6.216481533,259.4791006,99.44,3.0,2.0,1.0,9.552,1,1.116635295
38.0,2.86,2.52,1.69,7.976140189,231.8505363,100.0,1.0,2.0,0.0,5.403,1,16.64981975
18.0,6.64,4.65,1.38,6.152869402,165.9822073,89.82,1.0,4.0,1.0,7.506,1,36.179356595
34.0,3.74,2.87,0.54,8.857727094,142.1847939,100.0,0.0,1.0,0.0,3.908,1,17.80552187
18.0,5.37,4.11,5.37,5.742122391,192.5287376,100.0,2.0,5.0,0.0,4.774,1,28.99276791
36.0,7.0,1.35,3.71,8.445414475,199.2428076,100.0,0.0,3.0,0.0,3.577,0,49.22552339
21.0,6.0,4.67,6.65,8.637909432,29.32441218,100.0,2.0,9.0,0.0,1.505,1,73.17181199
36.0,7.5,4.93,0.79,6.824435399,166.6718759,97.41,1.0,3.0,1.0,6.713,1,5.299953111
15.0,8.2,4.01,1.16,6.712852679,200.7026108,100.0,1.0,1.0,1.0,8.232,1,17.00584665
26.0,8.63,5.49,2.45,4.287343654,38.69096057,94.17,4.0,1.0,1.0,4.36,2,-3.19767158
38.0,10.36,6.42,6.13,9.156255607,112.8635641,100.0,2.0,9.0,1.0,5.721,2,69.64061113
27.0,4.15,3.3,4.1412097370000005,4.549857572,169.5559929,100.0,2.0,2.0,0.0,5.02,1,20.28585874
24.0,3.2,2.84,3.27,6.229842864,69.22217261,100.0,0.0,2.0,0.0,1.899,1,22.07186962
29.0,10.52,5.75,2.41,5.682496285,236.4633816,80.19,4.0,3.0,1.0,9.457,2,4.506604572
27.0,3.57,2.71,0.64,6.002122214,68.26596836,100.0,0.0,4.0,0.0,3.013,1,3.986142488
37.0,11.75,4.23,7.52,6.517502160499999,168.6994227,100.0,1.0,5.0,1.0,6.919,1,70.24852806
36.0,10.43,7.99,4.39,8.377421893,130.329526,100.0,0.0,1.0,1.0,6.738,1,21.55184344
36.0,7.01,3.67,6.3,6.124239081,208.4106037,100.0,2.0,9.0,1.0,6.135,1,38.66393762
35.0,11.81,3.82,5.27,9.184530587,122.6278454,100.0,2.0,9.0,1.0,6.744,1,86.91275569
36.0,2.97,1.54,4.11,6.701307509,293.2951863,100.0,2.0,4.0,0.0,6.112,0,53.71598796
23.0,5.03,3.35,0.72,4.85496354,140.3420263,100.0,3.0,1.0,0.0,5.259,1,-5.816869276
23.0,8.38,3.11,5.14,4.795792056,196.3620086,100.0,3.0,6.0,1.0,6.368,1,58.91246506
29.0,5.5,4.7,1.24,7.576803722,205.0594564,93.45,0.0,2.0,0.0,6.798,1,36.179356595
24.0,11.28,3.91,3.32,4.342841738,121.5044544,94.63,3.0,2.0,1.0,7.064,1,11.54577574
38.0,2.66,2.28,5.03,5.623550844,67.09178601,100.0,2.0,7.0,0.0,1.621,1,53.02299514
39.0,7.49,5.42,6.26,4.554538272,0.0,100.0,4.0,9.0,1.0,2.407,2,45.62156988
24.0,7.0,3.94,5.48,6.707003416,372.2996509,100.0,1.0,6.0,1.0,5.931,1,28.65261035
22.0,8.53,4.56,4.1412097370000005,7.933259447,94.98866507,100.0,2.0,9.0,1.0,4.494,1,43.58693819
38.0,4.56,3.39,1.19,6.855306334,37.12499197,100.0,0.0,1.0,0.0,2.843,1,24.88781775
30.0,5.65,3.73,2.77,4.031798822,195.7039501,100.0,3.0,1.0,0.0,5.754,1,20.16538042
31.0,10.44,7.34,0.34,5.843941824,258.0492015,62.7,4.0,2.0,1.0,5.462,2,-2.505194768
19.0,3.95,2.11,5.76,5.853381151,91.99190691,100.0,2.0,5.0,0.0,2.087,1,87.36417237
18.0,10.27,6.09,7.62,4.558965777,224.9500884,100.0,2.0,5.0,1.0,7.409,2,22.86678076
32.0,7.63,6.82,2.11,7.02032365,137.5718954,89.5,2.0,4.0,1.0,5.542,2,9.289216168
38.0,9.62,4.12,0.7,6.772980391,61.46377468,90.47,0.0,4.0,1.0,5.6,1,-0.396307147
33.0,9.14,5.03,3.8,4.36664091,82.21216594,100.0,2.0,3.0,1.0,4.47,2,13.69947158
18.0,4.08,1.94,6.85,5.079806592,230.8288993,100.0,0.0,9.0,0.0,4.625,0,54.52504303
21.0,7.69,5.84,4.1412097370000005,6.349848661,183.9449823,100.0,0.0,3.0,1.0,5.462,2,22.10886891
24.0,10.68,8.1,0.37,4.655015323,121.1380901,70.53,4.0,3.0,1.0,7.589,2,0.58146935
39.0,6.32,3.0,7.79,6.616989798,161.7379936,100.0,2.0,6.0,1.0,4.803,1,104.6632624
32.0,11.67,4.07,6.63,5.546990583,158.1198108,100.0,4.0,6.0,1.0,6.926,1,56.9366566
33.0,6.52,2.0,1.05,5.786448323,207.438234,96.99,0.0,1.0,1.0,7.125,1,30.32489171
18.0,3.43,1.91,7.37,7.801992084,38.90279826,100.0,0.0,9.0,0.0,0.484,0,92.25381785
24.0,5.89,3.22,3.61,4.898430069,85.69496908,100.0,2.0,4.0,0.0,3.882,1,43.61189702
15.0,11.52,10.29,2.98,6.889368257,100.1448998,81.2,2.0,2.0,1.0,6.386,2,3.822884598
37.0,5.2,3.03,3.69,6.407396503,175.2714134,100.0,2.0,1.0,0.0,5.353,1,45.7399365
32.0,10.68,4.85,6.68,5.205030149,219.9411945,100.0,2.0,6.0,1.0,7.876,1,56.26811769
19.0,10.81,9.02,5.28,6.873993941,201.149387,91.89,2.0,6.0,1.0,7.861,2,3.668730754
29.0,5.5,3.27,0.47,6.277249755,260.4640655,100.0,2.0,3.0,0.0,5.462,1,1.801652872
31.0,4.245,1.87,7.66,6.247162672,203.0217886,100.0,0.0,4.0,0.0,1.637,0,94.3936588
17.0,9.25,3.31,1.18,6.517502160499999,198.8453364,100.0,1.0,1.0,1.0,8.371,1,-0.564936293
26.0,5.12,2.71,5.96,8.453378086,298.2754694,100.0,1.0,5.0,0.0,6.472,1,68.44143771
16.0,9.83,8.52,5.09,8.337705022,141.5895391,96.43,1.0,6.0,1.0,6.408,2,18.97020174
15.0,6.43,4.2,1.5,6.729673873,192.1630281,96.23,2.0,3.0,1.0,6.565,1,9.980035723
27.0,6.85,3.47,1.37,8.825605571,48.81307718,100.0,2.0,4.0,1.0,3.874,1,35.29224177
35.0,9.78,6.61,6.96,3.745984409,299.8623689,100.0,2.0,9.0,1.0,8.402,2,22.68442037
27.0,5.82,4.93,3.36,7.539824678,165.9822073,100.0,2.0,4.0,0.0,5.462,1,2.171979798
36.0,6.43,2.99,5.24,5.115658219,127.7504543,100.0,2.0,6.0,1.0,4.003,1,61.7278081
30.0,5.76,3.47,4.03,4.657912037,126.381523,100.0,4.0,2.0,0.0,4.071,1,40.421838
19.0,5.67,4.96,5.82,6.753843229,156.8707369,100.0,1.0,7.0,0.0,3.869,1,64.82183528
29.0,10.89,2.93,3.83,7.407188899,423.701608,100.0,2.0,3.0,1.0,6.921,1,66.07716009
27.0,10.09,7.38,2.3,6.056168717,90.6158523,92.19,0.0,1.0,1.0,6.535,1,5.230023609
21.0,5.62,3.76,2.91,7.17609456,222.5318734,95.12,1.0,1.0,0.0,6.217,1,36.179356595
25.0,7.24,5.12,6.87,6.467367318,188.4116308,100.0,2.0,9.0,1.0,5.479,2,37.10464409
24.0,8.71,4.45,3.74,6.392511916,147.9762322,100.0,1.0,2.0,1.0,5.913,1,22.93663587
23.0,4.69,2.29,1.71,5.784890875,29.00863253,100.0,4.0,3.0,0.0,2.852,1,8.009306688
28.0,4.78,3.4,7.48,6.658333869,234.1173931,100.0,3.0,7.0,0.0,4.826,1,70.19145684
27.0,11.33,4.86,6.37,5.840315673,298.377395,97.13,3.0,9.0,1.0,9.714,1,49.77783561
39.0,9.24,5.1,0.45,7.538133194,248.8116751,80.62,0.0,1.0,1.0,9.725,2,-2.815078238
39.0,7.77,3.21,7.99,4.271239671,101.8107233,100.0,2.0,7.0,1.0,3.268,1,63.61693727
16.0,8.48,2.59,5.56,4.270561528,80.83822225,100.0,3.0,9.0,1.0,4.372,1,53.04052359
17.0,3.435,2.02,1.28,7.685583438,278.6653303,100.0,0.0,4.0,0.0,3.361,1,21.79247451
21.0,8.18,4.57,1.9,6.58193347,214.3553885,92.65,2.0,4.0,1.0,7.06,1,29.42555247
35.0,7.1,6.26,5.54,5.654475134,52.22934394,100.0,2.0,5.0,1.0,3.008,2,27.30447859
32.0,7.46,2.87,6.24,4.884883844,73.5492982,100.0,3.0,7.0,1.0,2.938,1,65.45437556
17.0,5.59,3.65,1.91,6.843381607,66.1856378,100.0,1.0,4.0,0.0,3.782,1,14.293009
24.0,2.81,1.18,2.06,7.521753451,219.7470402,100.0,1.0,4.0,0.0,5.307,0,45.55344307
36.0,3.93,3.771381605,2.46,8.424746738,113.8571369,100.0,1.0,1.0,0.0,2.927,1,7.089279229
21.0,11.51,8.87,4.78,7.622843166,290.7227303,82.88,0.0,2.0,1.0,9.941,2,5.935166263
23.0,6.09,2.24,1.37,4.068230102,294.6341067,89.42,3.0,3.0,1.0,5.462,1,11.86576753
31.0,6.67,5.65,0.83,6.517502160499999,266.0487729,78.88,1.0,2.0,1.0,8.126,2,-0.949569744
25.0,2.53,1.05,5.43,5.006621983,181.8695474,100.0,2.0,7.0,0.0,3.156,0,82.87536862
21.0,2.38,1.59,6.23,5.298354448,84.05137237,100.0,3.0,8.0,0.0,1.821,0,69.35149672
38.0,9.17,3.771381605,4.01,5.25718751,139.5195962,78.46,4.0,3.0,1.0,6.842,2,1.477461493
28.0,7.38,3.771381605,2.91,7.68447216,23.16631112,96.53,1.0,1.0,1.0,3.557,2,2.981286804
33.0,7.09,6.2,3.46,6.99134649,269.8954522,89.31,2.0,4.0,1.0,8.087,2,15.01440601
18.0,4.43,2.24,3.11,7.407993355,124.6013566,100.0,0.0,4.0,0.0,4.042,1,66.70984735
20.0,9.45,3.43,7.68,7.467492458,114.0493665,100.0,0.0,9.0,1.0,4.841,1,68.81579697
24.0,3.68,1.52,6.14,5.492455317,56.65535449,100.0,4.0,8.0,0.0,0.878,0,65.12514699
21.0,3.9,2.34,1.66,6.015031968,191.090879,99.03,2.0,3.0,0.0,5.432,1,23.89267431
27.0,6.61,5.13,3.07,7.629976309,166.8896204,100.0,0.0,1.0,1.0,6.004,2,47.45200967
28.0,4.86,1.9,4.35,7.609074117,234.8019111,100.0,0.0,1.0,0.0,5.805,0,56.65802829
18.0,4.47,3.11,4.9,7.727451906,110.4257487,100.0,2.0,4.0,0.0,3.625,1,52.51989903
22.0,8.45,4.18,3.75,5.458918521,194.8734072,100.0,2.0,4.0,1.0,6.6,1,16.6705648
19.0,8.51,4.3,6.48,7.922314783,249.9935209,100.0,2.0,7.0,1.0,6.551,1,60.44068671
15.0,10.25,7.15,6.14,6.417971301,69.30254357,100.0,0.0,8.0,1.0,4.723,2,32.60610088
18.0,6.18,3.59,4.04,7.64476169,166.9423663,100.0,1.0,1.0,1.0,5.658,1,47.97156868
17.0,2.73,2.15,6.84,6.305445546,151.6308018,100.0,2.0,6.0,0.0,1.653,1,67.05482105
23.0,4.74,1.87,6.01,9.459781538,173.152854,100.0,2.0,7.0,0.0,3.887,0,79.3644349
22.0,11.8,9.13,6.23,4.217320639,44.82729494,97.31,2.0,8.0,1.0,5.011,2,22.03652119
15.0,7.96,2.69,7.65,7.393725887,99.51000902,100.0,1.0,5.0,1.0,3.545,1,36.179356595
20.0,9.1,3.79,2.13,6.913989336,184.7470976,97.72,0.0,4.0,1.0,7.731,1,22.80527173
23.0,2.07,1.44,2.14,5.014115915,88.47921993,100.0,2.0,2.0,0.0,2.453,0,14.2495607
21.0,10.77,5.84,7.11,4.648215663,166.230455,100.0,2.0,5.0,1.0,3.297,2,33.50259583
18.0,2.38,1.07,6.18,8.052056673,250.1537204,100.0,2.0,8.0,0.0,4.356,0,76.86162514
27.0,7.69,3.82,7.41,4.797346732,142.3653194,100.0,3.0,9.0,1.0,4.542,1,54.71812268
31.0,11.21,6.98,0.51,4.744026788,106.2921251,84.94,4.0,1.0,1.0,7.532,2,-7.167112613
16.0,11.68,4.99,5.02,8.972483152,288.492021,100.0,0.0,9.0,1.0,9.794,1,47.17144863
19.0,11.115,5.83,1.16,7.880669036,303.5955025,78.09,2.0,2.0,1.0,6.777,2,7.289400775
26.0,6.58,5.03,4.03,4.876360972,13.55868243,100.0,3.0,4.0,1.0,2.601,2,33.93472433
35.0,11.45,4.43,1.25,6.441922759,141.1798182,99.89,1.0,2.0,1.0,8.45,1,-9.973402163
22.0,8.74,5.05,1.02,6.975174048,191.1141107,87.2,0.0,3.0,1.0,8.124,2,36.179356595
20.0,2.65,2.03,0.1,8.136605922,274.3484302,100.0,0.0,2.0,0.0,6.215,1,7.997935259
22.0,6.66,3.35,5.04,7.904179846,266.6199251,100.0,0.0,7.0,1.0,7.078,1,42.49466215
27.0,4.4,2.99,2.87,6.517502160499999,252.9550989,97.14,2.0,1.0,0.0,6.999,1,23.10262137
17.0,6.7,2.21,0.84,4.938996813,277.9699988,94.7,3.0,2.0,1.0,8.498,1,13.24374447
36.0,6.55,4.36,2.58,7.170622741,206.4869812,99.31,0.0,1.0,1.0,6.281,1,14.27316922
26.0,7.82,3.06,1.35,4.399584902,80.89922433,95.91,2.0,4.0,1.0,4.965,1,23.78922312
17.0,5.57,4.45,7.53,4.934990506,162.8651107,100.0,4.0,7.0,0.0,3.546,1,76.37027279
36.0,3.64,1.87,2.56,6.85860411,102.6984883,100.0,0.0,2.0,0.0,3.312,0,37.92068372
20.0,7.04,3.3,2.67,3.506950455,61.90896861,100.0,2.0,3.0,1.0,4.019,1,4.250509879
16.0,10.3,8.29,6.72,6.517502160499999,121.3243929,100.0,1.0,8.0,1.0,5.494,2,38.36945927
37.0,8.64,2.85,5.18,8.117013833,239.6693334,100.0,1.0,7.0,1.0,7.826,1,53.59171533
26.0,5.38,2.89,5.68,5.53365368,278.4438671,100.0,4.0,9.0,0.0,6.746,1,47.19850707
16.0,11.36,5.93,5.09,4.393435729,86.94062274,100.0,3.0,6.0,1.0,5.273,2,35.78040375
20.0,11.12,5.24,7.57,7.250823572,99.75873425,100.0,2.0,9.0,1.0,5.169,2,67.19979659
31.0,4.09,3.46,1.66,8.687842054,75.00673371,100.0,1.0,4.0,0.0,3.087,1,39.91081815
17.0,2.39,1.79,7.91,7.688612017,30.5764708,100.0,2.0,8.0,0.0,-0.418,0,99.88280681
16.0,9.41,3.18,6.65,6.517502160499999,177.5114172,100.0,1.0,8.0,1.0,6.85,1,70.3336097
37.0,10.28,7.49,4.71,4.722985221,155.248029,81.15,2.0,3.0,1.0,6.887,2,17.3423795
34.0,11.68,3.771381605,5.3,4.640520105,156.869036,92.77,4.0,7.0,1.0,7.49,2,14.21381283
22.0,10.9,9.16,5.19,7.145667476,93.94655377,88.23,2.0,7.0,1.0,6.433,2,21.74858422
36.0,7.0,3.91,0.47,4.881010599,218.90885,87.32,3.0,2.0,1.0,8.664,1,-2.906120392
26.0,7.3,4.7,1.74,8.643772,177.3391548,100.0,2.0,4.0,1.0,6.408,1,30.44596454
18.0,2.28,1.37,7.69,6.55048153,26.21359395,100.0,0.0,9.0,0.0,-0.687,0,84.71908626
19.0,4.47,2.65,4.27,6.358654968,87.78298758,100.0,0.0,1.0,0.0,2.454,1,52.09856192
27.0,6.6,3.79,4.1412097370000005,7.317877046,298.2364222,100.0,2.0,3.0,1.0,5.462,1,25.910186
27.0,8.29,3.51,6.1,8.241793244,238.1813065,100.0,0.0,9.0,1.0,7.135,1,64.75134659
39.0,7.57,5.7,4.2,7.187024995,81.93026098,100.0,2.0,3.0,1.0,3.865,2,9.998851726
37.0,9.43,5.38,0.11,8.459562945,161.9973335,95.84,1.0,2.0,1.0,8.322,2,-0.029616286
30.0,4.8,4.2,5.89,8.136624151,258.1296766,100.0,2.0,5.0,0.0,5.733,1,63.4977523
24.0,7.65,3.49,5.86,8.808255142,239.99974,100.0,0.0,7.0,1.0,7.407,1,60.16259127
39.0,2.88,2.04,1.32,8.855752289,119.1004183,100.0,2.0,2.0,0.0,3.424,1,18.07083673
37.0,6.14,5.31,7.65,8.337503732,34.24724988,100.0,2.0,6.0,1.0,1.575,2,71.64301933
30.0,9.5,6.63,4.1412097370000005,7.696030898,126.6276028,96.67,1.0,1.0,1.0,5.462,2,0.464995679
26.0,8.93,7.35,3.66,4.342523469,37.26226064,89.42,4.0,1.0,1.0,3.847,2,0.511883023
31.0,11.91,9.49,4.1412097370000005,5.244658678,223.137634,59.82,2.0,3.0,1.0,9.999,1,-8.415527259
30.0,4.78,2.47,4.83,3.977256856,182.3151233,100.0,3.0,1.0,0.0,4.301,1,59.62169453
26.0,6.98,4.61,3.0,4.687582815,238.1852931,92.88,2.0,4.0,1.0,7.19,1,8.511553696
22.0,5.3,2.09,2.83,5.597185239,178.5135106,100.0,1.0,1.0,0.0,5.381,1,29.15310563
34.0,6.41,3.98,6.62,4.867574303,176.9733764,100.0,3.0,6.0,1.0,4.519,1,20.7704037
17.0,10.57,4.63,0.08,8.41145185,72.51820261,89.08,2.0,3.0,1.0,6.801,1,6.6660273
30.0,8.84,6.6,6.38,7.956562878,251.204358,98.01,0.0,8.0,1.0,7.686,2,42.95159145
27.0,10.82,6.67,4.57,4.628937827,97.97655761,96.0,3.0,2.0,1.0,5.999,2,36.179356595
37.0,4.04,2.21,7.89,4.662114803,190.5153725,100.0,4.0,9.0,0.0,3.073,1,88.34310793
33.0,10.73,4.95,4.1412097370000005,8.532032014,12.58674498,100.0,0.0,1.0,1.0,5.462,1,54.6785553
22.0,2.6,2.34,0.44,7.991577442,204.511973,96.9,0.0,3.0,0.0,5.168,1,29.8517733
36.0,10.89,3.74,0.41,7.885557687,206.0008512,93.94,2.0,4.0,1.0,9.722,1,22.810739
19.0,5.29,1.73,7.07,9.218380399,165.1832225,100.0,2.0,6.0,1.0,3.564,0,111.0567316
34.0,5.15,2.22,6.73,8.29346613,140.0355427,100.0,2.0,5.0,0.0,3.376,1,75.58702994
22.0,7.12,6.28,2.77,5.673838725,184.1538956,91.52,2.0,1.0,1.0,6.489,2,5.555969282
38.0,11.41,10.13,4.94,5.491588136,91.60327535,95.85,3.0,1.0,1.0,6.563,2,8.174500479
26.0,2.48,1.72,3.92,7.587296686,264.8392956,100.0,0.0,3.0,0.0,5.804,1,60.60928436
15.0,5.52,4.57,7.74,5.314893187,57.7138334,100.0,2.0,4.0,0.0,1.198,1,54.23823604
39.0,10.57,4.53,7.6,8.844776163,149.9873142,100.0,0.0,5.0,1.0,6.025,1,66.93776179
35.0,5.96,5.26,7.87,6.245717311,165.9822073,100.0,0.0,8.0,0.0,2.919,2,76.43975574
34.0,3.99,1.54,6.93,7.696193387,249.1302908,100.0,2.0,9.0,0.0,4.496,0,89.93561745
20.0,9.375,2.25,7.28,5.425220832,60.23864183,100.0,3.0,8.0,1.0,1.421,1,73.61037127
36.0,5.86,2.15,1.74,6.07147985,134.6869654,100.0,2.0,3.0,0.0,5.348,1,6.118961883
32.0,11.15,7.18,4.1412097370000005,6.849956719,75.13649043,100.0,0.0,4.0,1.0,5.462,2,23.36200706
22.0,9.62,7.39,5.67,8.397379384,187.6993518,100.0,1.0,9.0,1.0,7.449,2,35.65177908
21.0,7.05,3.67,7.7,5.258790304,225.918004,100.0,3.0,7.0,1.0,5.715,1,61.89572102
27.0,11.88,10.53,4.57,8.671305699,171.0505481,83.0,1.0,4.0,1.0,8.549,2,36.179356595
35.0,9.975,3.73,0.68,8.277670249,553.1333695,96.3,0.0,3.0,1.0,8.321,1,28.53740901
30.0,2.58,1.01,4.78,7.62824478,309.63091,100.0,2.0,3.0,0.0,5.716,0,69.51816471
26.0,4.62,2.68,4.1412097370000005,8.748111878,124.1134162,100.0,2.0,3.0,0.0,5.462,1,79.69819712
20.0,6.36,4.5,1.76,6.174810242,20.92881989,100.0,2.0,2.0,1.0,3.492,1,12.44714262
34.0,3.57,2.85,3.15,4.980807829,142.5004113,100.0,3.0,3.0,0.0,3.62,1,36.179356595
27.0,11.48,6.6,4.79,6.517502160499999,126.2994393,100.0,1.0,3.0,1.0,6.983,2,3.751370027
28.0,9.67,6.35,4.1412097370000005,8.479389975,101.2927562,100.0,1.0,4.0,1.0,5.462,2,18.78623589
18.0,4.68,2.15,3.0,6.945881144,198.9199259,100.0,2.0,3.0,0.0,5.74,1,35.36644019
15.0,11.865,5.44,1.06,4.591061885,419.4799798,70.84,4.0,4.0,1.0,7.617,2,-1.432757438
37.0,9.21,8.21,4.1412097370000005,7.056413059,171.3849158,100.0,2.0,3.0,1.0,5.462,2,43.59554476
32.0,11.41,3.76,6.0,6.319213182,206.1538841,100.0,2.0,6.0,1.0,8.245,1,62.00824576
27.0,10.82,9.0,0.01,4.78554044,52.09560602,69.07,3.0,3.0,1.0,6.307,2,-7.446934291
16.0,7.15,4.56,6.12,6.701253337,132.9663735,100.0,1.0,7.0,1.0,4.099,1,54.56766856
23.0,9.75,4.4,5.92,5.466507738,248.5615276,100.0,4.0,8.0,1.0,8.139,1,61.40991603
35.0,7.62,6.65,0.08,4.564714927,208.823543,68.67,2.0,1.0,1.0,7.986,2,3.989140121
16.0,7.53,4.44,2.96,6.193915802,99.27629067,100.0,1.0,1.0,1.0,4.577,1,26.08174411
39.0,7.0,1.57,4.85,7.298414555,244.6247864,100.0,0.0,1.0,0.0,5.42,0,62.94391867
23.0,3.26,1.33,3.62,3.967827869,125.5571727,100.0,3.0,4.0,0.0,3.004,0,47.46234605
15.0,7.3,3.26,6.22,5.957017,212.7402766,100.0,1.0,9.0,1.0,5.984,1,37.68224474
25.0,4.69,3.75,3.4,5.472252144,170.0288829,96.44,3.0,2.0,0.0,4.525,1,10.35848152
17.0,2.21,1.48,1.23,3.85235812,206.7417949,95.16,4.0,1.0,0.0,4.696,0,36.179356595
34.0,9.23,7.83,7.81,4.774996217,259.7610007,85.99,2.0,7.0,1.0,7.872,2,7.097764309
37.0,2.32,1.02,1.94,4.932578509,184.751963,100.0,4.0,1.0,0.0,4.458,0,30.42866263
18.0,7.95,2.96,5.74,4.647512107,154.671485,100.0,2.0,9.0,1.0,5.913,1,38.97932148
32.0,7.39,2.24,1.15,7.56803363,49.32651854,100.0,1.0,3.0,1.0,4.11,1,28.78748018
37.0,11.69,7.07,2.63,6.090069424,38.68528934,96.4,1.0,4.0,1.0,5.836,2,0.05078986
20.0,6.84,6.15,3.54,4.361889152,259.5536128,92.79,2.0,1.0,1.0,7.518,2,9.846430127
17.0,2.64,1.89,1.54,4.870107998,165.9822073,100.0,2.0,2.0,0.0,5.462,0,20.41178579
36.0,7.52,3.65,3.6,5.350244443,180.9900915,100.0,3.0,1.0,1.0,6.98,1,28.03614344
25.0,10.41,8.6,1.26,7.740509222,205.785851,67.7,1.0,4.0,1.0,9.107,2,-10.28380215
29.0,11.97,9.21,4.47,6.517502160499999,165.9822073,90.65,2.0,4.0,1.0,5.462,2,-3.513395736
36.0,6.3,1.95,5.31,5.443438316,65.20127104,100.0,4.0,5.0,1.0,3.117,0,69.59757589
19.0,7.8,4.11,0.5,6.54232424,285.8040188,85.64,0.0,1.0,0.0,5.47,1,10.00824416
34.0,11.07,5.32,6.97,6.480719066,201.6340584,100.0,2.0,9.0,1.0,7.164,2,52.24582412
24.0,3.91,1.52,1.48,3.81049597,184.1970733,100.0,2.0,3.0,0.0,5.462,0,11.07377028
26.0,8.15,3.55,1.8,7.32345145,138.271325,92.64,1.0,4.0,1.0,5.695,1,31.48662541
29.0,6.06,3.52,5.29,6.633672193,280.7593289,100.0,3.0,5.0,1.0,7.243,1,34.20121777
31.0,2.41,1.34,3.75,4.148464264,280.332801,100.0,4.0,4.0,0.0,5.72,0,22.01583075
24.0,5.47,2.59,4.0,7.057524325,117.4628415,100.0,0.0,4.0,0.0,4.235,1,57.37573845
20.0,4.65,1.88,1.03,7.641728733,232.0973011,100.0,0.0,3.0,0.0,6.316,0,51.44657885
32.0,8.86,6.71,6.45,6.890874883,111.2109004,100.0,0.0,7.0,1.0,5.035,2,42.01855286
27.0,11.49,10.27,4.94,5.649950541,54.01702155,82.11,4.0,1.0,1.0,5.583,2,-1.261124688
17.0,4.68,3.59,1.08,6.384153875,264.8771564,100.0,0.0,1.0,0.0,7.216,1,0.586716894
38.0,10.11,4.83,2.99,5.654864661,266.8229115,81.69,2.0,4.0,1.0,9.138,1,13.42193376
27.0,2.55,1.14,6.48,6.517502160499999,264.1221584,100.0,0.0,8.0,0.0,4.611,0,73.92198531
28.0,7.38,3.18,4.55,7.105044087,263.4646773,100.0,2.0,1.0,1.0,7.705,1,36.65002216
20.0,2.71,1.04,0.87,5.230702467,86.58231868,100.0,2.0,4.0,0.0,3.014,0,27.05033489
17.0,11.34,7.15,2.98,7.453515611,82.18276853,95.13,1.0,3.0,1.0,6.396,2,5.350696227
30.0,9.66,6.41,1.94,7.461926229,64.56293797,96.21,1.0,1.0,1.0,5.808,2,-3.029028666
27.0,8.58,6.21,4.14,5.756721946,255.7265454,97.81,3.0,3.0,1.0,8.188,2,12.95970576
34.0,10.24,7.25,6.75,7.8667545,202.2528841,100.0,2.0,6.0,1.0,7.255,2,36.61488548
28.0,8.48,4.03,3.49,8.044054711,55.82506148,100.0,1.0,1.0,1.0,4.693,1,34.87339614
23.0,11.69,5.82,3.47,5.460049419,99.65013994,87.99,2.0,1.0,1.0,6.744,2,1.288822669
29.0,9.14,6.48,7.24,8.098474853,237.8901367,100.0,2.0,5.0,1.0,7.218,1,42.52055732
35.0,11.25,5.73,4.61,6.197016525,30.85876994,100.0,1.0,3.0,1.0,5.562,2,27.35186278
17.0,7.17,3.07,4.53,7.978442412,167.1628734,100.0,0.0,3.0,1.0,5.366,1,41.54594532
16.0,3.17,1.66,2.1,7.653756963,39.37082082,100.0,2.0,3.0,0.0,1.815,0,53.59365563
16.0,10.92,3.37,4.86,7.073889856,29.80056586,100.0,0.0,3.0,1.0,3.142,1,45.79883532
17.0,3.27,1.15,4.61,6.555347253,142.500924,100.0,0.0,2.0,0.0,3.332,0,51.92443328
32.0,11.88,6.32,3.17,8.546316046,376.9623246,99.62,1.0,1.0,1.0,7.169,2,15.49187956
28.0,6.82,5.54,7.93,5.778540227,97.94096493,100.0,2.0,8.0,1.0,2.831,1,71.53066435
34.0,8.23,3.55,7.06,6.517502160499999,244.1430009,100.0,1.0,8.0,1.0,6.497,1,59.12208544
32.0,2.1,0.71,6.0,6.122852166,165.9822073,100.0,2.0,6.0,0.0,5.462,0,81.43056339
24.0,3.95,2.94,4.3,8.351230646,190.9909163,100.0,2.0,4.0,0.0,4.745,1,37.36973013
39.0,6.91,2.95,3.7,8.633529046,155.9988237,100.0,2.0,4.0,1.0,5.285,1,67.71904067
16.0,11.51,6.17,1.48,5.539761197,274.3212262,72.42,4.0,4.0,1.0,10.291,1,-7.732299896
39.0,8.76,1.98,2.45,8.220671407,103.0627299,100.0,0.0,3.0,0.0,3.385,0,42.61015668
36.0,6.24,2.72,6.19,5.719589681,170.2225965,100.0,3.0,5.0,1.0,4.883,1,50.92773196
15.0,13.725,7.1,3.63,8.729795186,279.9866456,99.38,2.0,4.0,1.0,7.026,2,29.65774287
18.0,8.04,3.771381605,4.1412097370000005,6.981694439,25.70413851,100.0,1.0,1.0,1.0,5.462,2,68.10987288
28.0,4.99,2.12,1.18,3.311618711,35.27889672,100.0,3.0,1.0,0.0,2.721,1,15.84199818
15.0,7.0,3.06,4.07,3.617116724,96.6089195,95.99,4.0,3.0,0.0,5.462,1,26.78575405
28.0,4.18,1.59,5.18,4.71508748,54.08875587,100.0,3.0,5.0,0.0,1.576,0,79.47365871
30.0,11.66,4.02,4.13,4.850593131,217.8402234,100.0,2.0,2.0,1.0,9.031,1,29.19640415
36.0,3.31,2.96,7.11,8.279992175,0.0,100.0,1.0,5.0,0.0,-0.018,1,92.57592656
28.0,5.72,3.97,7.92,4.824554069,48.71970518,100.0,3.0,5.0,0.0,1.324,1,60.70699436
34.0,7.0,1.41,0.93,7.867624784,206.4769375,100.0,0.0,3.0,0.0,5.462,0,28.47117634
17.0,4.22,3.2,1.04,6.910013003,293.2571597,100.0,0.0,4.0,0.0,7.658,1,36.179356595
17.0,9.8,7.88,1.04,7.762243821,307.9345157,74.81,1.0,4.0,1.0,10.428,2,0.528686004
23.0,7.0,3.14,5.45,4.703642051,118.0612334,100.0,2.0,5.0,0.0,5.462,1,69.82529618
20.0,2.8,0.87,2.98,8.140168826,195.5238518,100.0,1.0,4.0,0.0,4.886,0,40.83077188
39.0,6.74,2.78,5.87,7.57002573,238.4090301,100.0,0.0,6.0,1.0,6.289,1,53.11215931
27.0,2.1,1.46,3.24,8.719705672,165.9822073,100.0,1.0,4.0,0.0,5.462,0,70.90381858
35.0,2.85,1.5,5.02,9.120153057,163.0292197,100.0,1.0,7.0,0.0,2.719,0,62.14145888
16.0,10.08,8.97,6.16,4.576116909,116.8511295,93.34,4.0,7.0,1.0,5.632,2,5.997036823
22.0,9.71,3.771381605,4.1412097370000005,4.367559669,169.4076912,90.75,4.0,3.0,1.0,6.898,2,4.579544244
35.0,7.0,9.74,4.32,8.431835264,179.0810544,92.89,2.0,4.0,1.0,7.699,2,-0.406483444
16.0,15.825,4.44,0.71,8.503995837,155.3844819,100.0,2.0,1.0,1.0,6.502,1,8.955828678
18.0,7.0,7.23,3.29,6.471870794,194.4407779,82.66,1.0,3.0,1.0,7.128,2,-8.202051482
39.0,2.52,1.24,4.37,5.828818002,195.5845372,100.0,2.0,4.0,0.0,3.669,0,51.39392361
29.0,9.83,8.79,3.7,7.290313854,76.80006096,91.64,2.0,3.0,1.0,5.605,2,17.70228799
18.0,10.46,4.13,7.21,5.773000467,147.3714326,100.0,3.0,7.0,1.0,6.007,1,36.179356595
27.0,9.99,6.09,7.25,5.5538398,73.0277019,100.0,4.0,9.0,1.0,3.86,2,77.96350698
26.0,7.08,5.49,6.58,6.132168515,186.6562904,100.0,2.0,5.0,1.0,5.086,2,43.36269227
27.0,4.33,2.42,3.0,4.766349114,277.2897065,100.0,4.0,4.0,0.0,6.965,1,39.57408218
28.0,10.45,6.07,5.74,6.070490828,217.9665885,100.0,0.0,7.0,1.0,7.963,2,43.46601411
34.0,9.27,8.27,3.16,8.391270755,208.9197421,88.48,0.0,2.0,1.0,7.967,2,-1.476948237
32.0,11.81,6.56,1.86,8.202571431,124.8028618,92.17,2.0,2.0,1.0,7.907,2,11.45383202
20.0,7.0,2.36,2.74,9.349461617,165.9822073,100.0,2.0,4.0,0.0,5.462,1,33.40844857
25.0,4.26,1.42,0.57,8.573329383,24.23676935,100.0,2.0,4.0,0.0,2.879,0,46.00182262
16.0,4.12,3.32,2.65,6.514397428,214.4926855,100.0,3.0,3.0,0.0,6.185,1,22.01941696
37.0,9.93,6.84,3.69,8.655974356,249.2807255,91.59,1.0,3.0,1.0,9.278,2,6.707817795
33.0,3.87,2.1,7.64,9.056573948,273.0697808,100.0,0.0,5.0,0.0,5.323,1,86.58530352
33.0,2.67,0.83,2.51,8.699837958,165.9822073,100.0,0.0,4.0,0.0,5.462,0,38.0531652
19.0,11.99,7.85,7.22,8.247837791,160.8061926,100.0,1.0,9.0,1.0,6.889,2,29.48462928
33.0,3.375,0.69,1.83,5.302093468,70.62691013,100.0,2.0,2.0,0.0,1.476,0,29.52778481
16.0,10.35,3.11,1.53,3.677864964,37.4212763,97.21,2.0,2.0,1.0,5.956,1,5.134487535
24.0,5.65,3.78,4.15,5.061970808,47.38423341,100.0,4.0,4.0,0.0,2.34,1,39.38684669
39.0,10.42,4.31,5.38,8.836212916,23.17838823,100.0,1.0,9.0,1.0,4.296,1,50.32212047
16.0,7.55,3.13,0.35,6.350977832,110.1023654,100.0,0.0,1.0,1.0,6.15,1,18.75390636
25.0,11.02,7.63,1.77,6.517502160499999,286.4672699,75.23,1.0,4.0,1.0,10.939,2,36.179356595
32.0,11.26,3.74,3.65,6.520279356,201.5746944,100.0,2.0,1.0,1.0,8.975,1,30.63393402
38.0,7.0,1.02,2.65,6.517502160499999,202.4612261,100.0,0.0,3.0,0.0,5.462,0,41.7948918
29.0,2.75,1.07,5.7,4.450034955,176.1676418,100.0,2.0,8.0,0.0,3.365,0,57.38795935
23.0,4.5,2.92,4.09,5.379398982,66.62249819,100.0,2.0,2.0,0.0,2.583,1,19.0525711
37.0,8.69,3.771381605,1.28,5.53058032,66.13531573,100.0,0.0,4.0,1.0,5.301,2,-8.883718893
33.0,10.88,7.97,7.16,7.795766173,191.0193907,100.0,2.0,5.0,1.0,6.632,2,50.28026918
23.0,7.0,2.99,2.34,5.064156285,319.3248128,95.87,3.0,1.0,1.0,8.518,1,26.12220726
17.0,8.07,2.85,5.85,7.750356725,205.5061631,100.0,0.0,8.0,1.0,6.22,1,60.86995231
35.0,3.88,1.35,6.24,5.323674234,119.4606403,100.0,4.0,6.0,0.0,2.728,0,87.12099465
23.0,10.05,5.58,7.71,7.553406576,221.3634526,100.0,0.0,7.0,1.0,7.452,2,66.47142937
28.0,11.67,10.12,3.99,4.624382233,280.6632029,65.48,3.0,2.0,1.0,10.338,2,6.398311602
33.0,4.69,2.02,4.93,7.207256408,203.739611,100.0,0.0,3.0,0.0,4.486,1,57.21789063
21.0,6.95,3.16,2.68,5.498727027,38.65539686,100.0,3.0,4.0,1.0,3.771,1,20.04846434
30.0,4.29,1.03,5.43,7.655774943,186.0787062,100.0,0.0,8.0,0.0,1.681,0,98.63696518
30.0,7.59,5.03,3.71,6.980211363,150.5459875,95.82,0.0,1.0,1.0,5.762,2,20.17067484
15.0,7.03,4.98,4.1412097370000005,7.964896338,271.3827316,96.96,0.0,4.0,1.0,5.462,1,21.50337058
18.0,3.44,2.36,6.84,9.064120795,205.7419283,100.0,0.0,7.0,0.0,3.628,1,91.05657904
18.0,6.42,5.24,0.4,3.776952203,192.8049363,80.77,2.0,4.0,1.0,6.65,2,36.179356595
21.0,5.34,3.16,7.06,3.735161409,254.5968313,100.0,4.0,9.0,0.0,5.792,1,69.48801964
22.0,7.22,2.75,6.82,7.34345727,240.6163866,100.0,0.0,7.0,1.0,6.024,1,63.32211682
31.0,7.86,3.72,4.05,7.024225057,310.8811229,97.91,2.0,2.0,1.0,8.655,1,36.82208988
19.0,2.08,1.45,3.92,5.921859906,165.9350561,100.0,4.0,4.0,0.0,3.104,0,47.5492065
21.0,9.61,6.42,2.89,6.484506556,17.01609428,95.39,0.0,2.0,1.0,4.478,2,-3.812624207
34.0,9.13,5.65,7.95,4.782944359,148.3942529,100.0,2.0,6.0,1.0,4.88,2,42.29532058
27.0,5.66,4.02,0.89,4.65186072,289.9831611,74.59,4.0,1.0,0.0,8.383,1,6.268180548
27.0,2.53,1.73,4.72,5.801480298,175.1766443,100.0,2.0,2.0,0.0,3.749,0,44.17203099
20.0,7.0,3.771381605,5.45,7.976777386,432.6681535,100.0,1.0,9.0,0.0,5.462,2,28.8291019
21.0,11.55,7.53,7.47,6.506013858,240.8500427,100.0,1.0,4.0,1.0,5.462,2,41.04504939
32.0,4.4,3.38,6.24,7.455558562,70.48496232,100.0,0.0,6.0,0.0,1.848,1,70.90599614
19.0,5.24,2.35,5.15,8.279696491,272.3546758,100.0,2.0,8.0,0.0,6.035,1,69.69789292
34.0,3.84,2.71,0.93,5.760168587,75.57359577,100.0,4.0,4.0,0.0,2.761,1,3.02906606
17.0,7.77,6.54,2.99,7.594793886,235.3055163,91.79,1.0,3.0,1.0,7.848,2,0.982141653
21.0,3.55,3.771381605,1.11,9.140946606,193.5379441,100.0,1.0,2.0,0.0,5.842,0,27.12290073
36.0,5.56,4.27,7.05,5.094019114,108.5297247,100.0,4.0,8.0,0.0,3.045,1,36.179356595
28.0,8.97,3.771381605,4.1412097370000005,5.578513532,106.2766927,100.0,2.0,1.0,1.0,5.462,2,36.25132918
21.0,7.6,2.55,6.06,8.692107483,217.9601749,100.0,2.0,5.0,1.0,6.602,1,100.8815326
19.0,5.86,3.8,5.22,8.853494694,228.2143048,100.0,1.0,9.0,0.0,5.564,1,47.98083551
36.0,6.2,2.34,4.06,5.259978698,96.49671626,100.0,2.0,1.0,1.0,3.522,1,50.18977518
19.0,7.62,6.71,1.2,4.841278651,152.1496195,71.42,4.0,2.0,1.0,6.07,2,2.990276966
37.0,2.06,3.771381605,2.64,5.499818475,148.5793843,100.0,2.0,4.0,0.0,3.478,0,60.06731217
16.0,2.79,1.02,1.1,5.778723981,104.5171552,100.0,3.0,1.0,0.0,3.425,0,32.23738537
35.0,10.81,4.03,5.8,6.910577331,285.4490481,100.0,0.0,9.0,1.0,9.345,1,38.18131301
36.0,2.78,1.83,4.1412097370000005,7.302378418,251.3658082,98.89,1.0,4.0,0.0,5.462,0,20.66573543
20.0,9.07,4.6,5.62,8.293657001,89.4868016,100.0,2.0,5.0,1.0,4.729,1,60.42666322
29.0,11.2,3.59,5.54,5.249505071,305.7896546,100.0,3.0,7.0,1.0,9.878,1,56.20221195
35.0,7.0,2.94,4.1412097370000005,8.293125527,206.0594989,100.0,0.0,1.0,0.0,5.462,1,58.50410476
24.0,5.7,3.04,1.08,4.755459693,198.4804668,92.8,3.0,3.0,0.0,6.586,1,10.2105314
37.0,7.69,2.77,2.52,4.079863883,103.3029001,100.0,4.0,2.0,1.0,4.609,1,14.95852604
38.0,10.82,8.45,2.56,5.969688199,261.5171114,72.73,1.0,4.0,1.0,10.002,2,5.693487083
21.0,11.42,9.7,5.6,4.228360258,143.3739231,85.9,3.0,7.0,1.0,6.69,2,-0.869989282
19.0,9.4,7.09,0.91,5.667907503,135.409667,79.75,2.0,1.0,1.0,7.607,2,-1.816789898
15.0,2.87,2.28,6.63,8.95290467,52.91273994,100.0,1.0,5.0,0.0,0.646,1,94.62907323
27.0,8.69,3.74,6.09,4.801574145,158.4420874,100.0,2.0,6.0,1.0,5.958,1,56.61347024
35.0,6.1,2.79,1.49,7.801075648,253.457375,100.0,2.0,1.0,1.0,7.623,1,16.30129699
32.0,6.71,2.85,5.75,6.250360616,116.9662551,100.0,4.0,6.0,1.0,4.11,1,41.11404123
27.0,2.49,1.89,5.35,4.119019548,108.9954421,100.0,3.0,9.0,0.0,2.14,0,70.92273647
35.0,3.91,3.4,5.98,6.940118774,153.6981988,100.0,1.0,5.0,0.0,3.141,1,54.69079827
35.0,9.91,7.24,1.51,7.430624212,185.2983821,84.06,0.0,3.0,1.0,8.102,2,-5.30010543
32.0,6.54,3.771381605,1.26,5.232285273,296.6011291,84.51,1.0,1.0,1.0,8.412,1,-0.323813883
19.0,5.02,3.43,1.89,7.324904513,245.257305,100.0,1.0,4.0,0.0,6.903,1,18.19735731
27.0,5.84,3.11,2.93,7.927200786,181.9817918,100.0,1.0,2.0,0.0,6.061,1,61.65106777
18.0,10.54,5.85,6.35,7.854653789,44.34895124,100.0,1.0,6.0,1.0,4.025,2,35.08878574
31.0,9.49,3.28,4.1412097370000005,4.953807654,123.0141157,100.0,3.0,5.0,1.0,5.355,1,71.1942937
17.0,4.72,1.51,7.4,8.351111958,252.544287,100.0,0.0,8.0,0.0,5.02,1,105.2982088
27.0,3.18,2.28,0.47,7.031961943,246.344851,98.26,2.0,2.0,0.0,5.462,1,26.51768805
25.0,4.52,2.55,0.09,7.187678751,64.38506506,100.0,1.0,3.0,0.0,3.673,1,23.59248815
35.0,11.21,7.08,5.59,5.989301142,31.25346519,94.8,0.0,6.0,1.0,4.428,2,35.28434269
34.0,11.73,4.96,2.23,4.122532567,240.7711288,86.02,3.0,2.0,1.0,5.421,1,7.984231605
37.0,7.33,3.42,2.67,6.387565725,104.4029378,100.0,1.0,2.0,1.0,4.524,1,16.6439381
35.0,7.96,3.771381605,4.37,6.015268925,165.9822073,100.0,0.0,1.0,1.0,5.462,1,31.19156312
18.0,7.0,3.3,0.82,6.895480542,47.59970117,100.0,1.0,1.0,0.0,5.462,1,0.223471064
16.0,10.07,5.37,5.14,8.268430574,90.43795498,100.0,0.0,8.0,1.0,5.313,2,51.18119073
34.0,7.23,5.73,2.6,8.762398473,53.27293226,98.34,2.0,1.0,1.0,4.095,2,40.37549918
30.0,3.17,1.81,5.06,6.66390805,265.8307286,100.0,2.0,5.0,0.0,5.507,0,52.34768832
27.0,3.29,2.18,6.67,6.414540348,131.8757418,100.0,0.0,5.0,0.0,2.164,1,69.22523425
22.0,11.055,6.17,1.37,6.655938493,24.71809273,90.47,1.0,4.0,1.0,3.694,2,-12.68721111
17.0,11.37,9.32,7.45,6.578750999,158.8421492,100.0,1.0,8.0,1.0,6.55,2,46.90729006
23.0,5.08,4.24,4.25,8.544394745,125.4325041,100.0,2.0,4.0,0.0,3.985,1,46.04247684
34.0,10.7,4.94,7.38,7.039212715,136.3346442,100.0,0.0,9.0,1.0,5.936,1,72.26447191
20.0,9.64,3.09,1.66,5.365439762,134.6988329,100.0,2.0,2.0,1.0,6.582,1,11.30832162
24.0,4.48,3.771381605,4.84,6.823063972,22.40652899,100.0,0.0,3.0,0.0,1.308,1,25.26202802
35.0,2.36,1.1,3.23,7.381007737,112.5438254,100.0,0.0,1.0,0.0,2.351,0,49.97230305
24.0,3.02,2.55,6.19,7.630510882,205.9562231,100.0,1.0,7.0,0.0,3.673,1,80.68561261
27.0,9.28,6.4,4.85,6.935026179,199.1858772,96.71,1.0,2.0,1.0,7.385,2,21.11304401
31.0,4.0,1.4,3.96,4.830519141,217.0295475,100.0,4.0,4.0,0.0,5.352,0,53.56573326
23.0,5.71,2.18,7.3,4.224692776,302.4395751,100.0,4.0,8.0,0.0,6.605,1,83.14163759
31.0,7.02,2.76,3.02,5.198611841,73.61604617,100.0,3.0,3.0,1.0,5.462,1,39.67604945
38.0,9.25,6.27,1.76,5.874811222,277.4782017,84.89,2.0,1.0,1.0,9.817,2,0.223691168
23.0,7.0,2.32,4.86,3.743918361,306.1668294,100.0,2.0,3.0,0.0,5.462,1,57.40268166
23.0,6.06,4.94,4.99,7.949571982,239.5545634,100.0,0.0,2.0,1.0,5.553,1,52.30141337
15.0,6.85,5.92,3.51,6.044799336,217.5336792,86.72,3.0,1.0,1.0,6.972,2,21.0609095
16.0,7.41,3.12,3.89,9.267609191,180.5933622,100.0,2.0,2.0,1.0,6.878,1,48.77600529
30.0,10.18,4.95,7.68,4.907308725,297.7116001,100.0,3.0,6.0,1.0,8.566,1,45.99715228
15.0,3.72,1.65,5.86,4.499684807,75.67413379,100.0,4.0,8.0,0.0,1.142,0,68.4880699
24.0,10.08,5.19,4.1412097370000005,5.93299827,114.8073768,80.56,1.0,4.0,1.0,5.462,2,2.518169086
32.0,8.93,7.58,4.1412097370000005,6.517502160499999,268.9568044,74.51,4.0,3.0,1.0,9.075,2,-3.056570977
22.0,7.56,4.88,7.8,8.675870567,230.804529,100.0,1.0,9.0,1.0,6.14,1,68.27465779
35.0,9.0,6.69,5.81,4.193236888,149.2531833,92.73,2.0,9.0,1.0,5.677,2,14.14239131
25.0,6.12,3.64,7.32,5.590996477,104.6252705,100.0,1.0,9.0,1.0,3.124,1,54.88168845
37.0,3.38,1.07,2.43,8.429113227,87.07632693,100.0,1.0,4.0,0.0,2.821,0,46.65416047
16.0,8.66,2.93,4.1412097370000005,6.055887857,159.7226854,100.0,4.0,3.0,1.0,5.462,1,73.20721071
22.0,7.0,4.51,5.71,4.625208532,186.5943296,100.0,4.0,8.0,1.0,3.772,1,28.35777563
36.0,8.39,6.14,2.36,5.719255487,301.0628642,81.2,2.0,4.0,1.0,8.987,2,-1.032847478
22.0,5.38,2.31,4.41,6.463094608,118.3462794,100.0,1.0,1.0,0.0,3.787,1,54.09312147
31.0,11.07,8.12,5.02,5.048285805,47.98968026,92.54,2.0,7.0,1.0,5.349,2,-7.148163865
29.0,7.87,6.19,3.85,6.636364917,174.4239257,98.08,2.0,1.0,1.0,6.46,2,12.52014537
31.0,2.85,3.771381605,6.62,8.433446108,282.4272315,100.0,1.0,9.0,0.0,4.939,0,105.214359
37.0,6.5,4.86,6.66,8.205255574,246.2726353,100.0,1.0,6.0,1.0,6.592,1,68.14079426
38.0,9.56,5.19,6.8,3.891644913,211.0053125,92.66,4.0,7.0,1.0,7.2,2,58.78942371
27.0,9.94,7.03,6.43,4.111075232,113.6082189,100.0,4.0,9.0,1.0,5.141,2,29.09677134
33.0,7.0,5.27,3.9,5.523181046,195.6827378,96.49,3.0,4.0,1.0,5.965,2,32.7703396
19.0,10.95,9.8,3.05,7.561896819,96.38075587,78.02,0.0,2.0,1.0,6.08,2,2.597076275
26.0,7.0,2.37,6.65,5.814341202,205.7007924,100.0,4.0,9.0,0.0,5.462,1,76.18217059
15.0,6.11,3.34,3.92,6.517502160499999,162.3591396,100.0,0.0,3.0,1.0,5.219,1,73.19747966
37.0,10.99,4.39,1.97,6.32502342,288.2171283,100.0,0.0,2.0,1.0,10.864,1,15.08685313
19.0,10.96,4.63,4.06,4.510438314,40.44593416,94.53,3.0,1.0,1.0,5.062,1,36.179356595
22.0,8.86,6.34,1.13,6.517502160499999,153.2989704,88.5,2.0,1.0,1.0,7.211,2,2.440838959
27.0,10.59,3.771381605,5.53,5.232802319,33.68376948,82.95,2.0,9.0,1.0,4.216,2,11.66611913
22.0,2.89,1.55,2.69,5.441222542,88.80849939,100.0,3.0,4.0,0.0,1.918,0,66.49184693
39.0,10.65,4.34,2.09,5.040518254,278.4920102,85.73,4.0,2.0,1.0,10.058,1,4.052171855
37.0,5.21,2.45,7.65,4.65068971,41.0323453,100.0,2.0,8.0,0.0,1.29,1,75.82892901
25.0,3.78,2.17,6.22,7.216874599,269.4844269,100.0,2.0,6.0,0.0,4.904,1,100.5459567
15.0,4.39,2.08,6.3,6.755088179,188.3841704,100.0,1.0,8.0,0.0,4.225,1,82.06812468
27.0,6.18,2.72,4.99,4.955896167,125.0665092,100.0,2.0,1.0,1.0,5.462,1,51.33302851
33.0,4.51,3.34,6.71,8.48959628,165.9822073,100.0,2.0,8.0,0.0,5.462,1,96.14017127
38.0,5.21,1.59,6.07,6.517502160499999,43.8718832,100.0,0.0,9.0,0.0,1.724,0,96.63853162
17.0,3.35,2.09,4.79,4.882726236,142.0560835,100.0,3.0,2.0,0.0,3.138,1,44.26518241
38.0,4.96,3.85,7.69,4.84027599,299.0123256,100.0,4.0,9.0,0.0,5.462,1,39.44489418
31.0,7.72,3.55,1.53,6.850275105,224.4125918,95.61,1.0,3.0,1.0,7.521,1,10.12784752
19.0,6.42,4.25,7.55,9.260759262,154.0905291,100.0,1.0,9.0,1.0,4.165,1,82.97088157
34.0,5.47,3.84,3.21,6.404625325,170.5878144,100.0,2.0,2.0,0.0,4.912,1,13.90060199
35.0,9.46,6.56,4.23,8.792780618,284.0589439,94.48,1.0,2.0,1.0,8.421,2,26.13494401
27.0,10.94,6.21,0.98,6.176633436,236.5991943,78.02,1.0,1.0,1.0,9.836,2,11.44788826
28.0,9.57,4.86,4.32,6.645264098,310.9528864,95.2,0.0,2.0,1.0,9.349,1,21.29234793
18.0,7.0,4.26,4.89,7.131588414,65.91787471,100.0,0.0,1.0,0.0,2.733,1,63.73643827
25.0,9.44,7.13,7.98,7.806685198,29.79717664,100.0,2.0,7.0,1.0,3.066,2,57.68630543
34.0,3.52,1.73,7.8,5.503549105,193.6174149,100.0,4.0,5.0,0.0,3.4,0,68.2862993
29.0,3.3,1.19,7.73,8.347582309,181.8183559,100.0,2.0,7.0,0.0,2.871,0,102.4373699
33.0,8.19,1.87,2.79,3.842012098,542.186356,95.21,2.0,2.0,0.0,7.393,0,63.21693917
21.0,10.08,3.59,7.93,6.163749259,52.87398432,100.0,1.0,8.0,1.0,3.781,1,80.76248657
33.0,4.46,2.9,3.64,5.97037305,293.512908,100.0,2.0,1.0,0.0,6.758,1,43.52653291
33.0,2.63,0.87,6.81,7.125260834,89.92509758,100.0,1.0,8.0,0.0,1.232,1,102.4065026
25.0,3.32,1.67,1.73,5.128803878,142.3630997,100.0,4.0,1.0,0.0,4.601,0,14.24727898
19.0,10.59,7.96,4.05,5.954528557,173.9350324,84.89,2.0,2.0,1.0,7.62,2,36.179356595
19.0,8.34,3.771381605,7.73,6.15430986,111.7270428,100.0,0.0,5.0,1.0,3.731,1,51.69329281
36.0,4.53,3.43,7.58,6.48084944,60.27037604,100.0,2.0,9.0,0.0,1.471,1,73.49799288
22.0,7.55,5.64,5.47,7.39621952,237.0768687,100.0,2.0,9.0,1.0,6.634,2,37.71225522
24.0,7.28,3.26,6.38,8.029662031,237.3242683,100.0,2.0,7.0,1.0,6.406,1,36.179356595
20.0,8.55,3.771381605,1.41,5.586858936,40.81046698,87.21,2.0,2.0,1.0,4.412,2,0.577094147
29.0,4.33,3.24,5.77,6.517502160499999,94.67432096,100.0,2.0,5.0,0.0,2.934,1,80.96972792
30.0,10.64,5.73,4.94,7.698607064,263.5199468,100.0,0.0,4.0,1.0,9.118,1,46.21586405
31.0,5.09,2.17,0.73,4.596855852,165.9822073,100.0,2.0,2.0,0.0,4.766,1,18.33338257
22.0,8.94,5.48,0.91,5.151290057,269.9513259,68.43,3.0,1.0,1.0,10.077,2,7.489468152
27.0,2.16,1.84,0.87,5.946808653,41.75057147,100.0,4.0,3.0,0.0,1.859,0,23.37002437
39.0,5.73,3.92,5.79,6.765279864,126.6196081,100.0,0.0,5.0,0.0,3.668,1,50.58864601
23.0,5.52,3.771381605,1.13,8.058136682,328.6548637,100.0,0.0,2.0,0.0,8.181,1,11.56815893
16.0,7.43,5.27,3.74,7.833521793,97.20111862,100.0,2.0,1.0,1.0,4.433,2,29.23607651
29.0,2.73,1.52,2.86,8.238338714,227.2450151,100.0,1.0,2.0,0.0,4.507,1,71.82790287
32.0,9.9,6.48,4.4,5.955905045,269.0594305,97.76,4.0,1.0,1.0,9.37,2,7.443135537
17.0,4.18,3.1,5.65,7.140803368,145.2872363,100.0,2.0,7.0,0.0,3.815,1,69.6030573
31.0,8.77,5.34,5.48,5.771814789,89.32753515,100.0,3.0,8.0,1.0,4.481,2,46.35027728
18.0,10.03,7.91,4.12,4.315976321,198.0495913,89.11,4.0,4.0,1.0,8.099,2,0.061813317
18.0,7.62,5.59,3.71,6.999526409,41.6902963,100.0,2.0,4.0,1.0,3.717,2,21.45484244
28.0,9.41,6.3,3.18,4.84209378,141.7987377,90.29,2.0,3.0,1.0,6.291,2,-3.861053353
23.0,7.0,3.37,6.9,7.304768032,97.77518261,100.0,1.0,8.0,0.0,5.462,1,72.56207605
23.0,5.56,4.46,2.65,6.227298075,308.4937393,84.71,0.0,2.0,0.0,7.545,1,20.75067131
39.0,10.09,8.69,2.07,8.14735578,165.9822073,78.84,0.0,3.0,1.0,5.462,2,-1.328011733
37.0,4.95,1.89,5.95,5.237580422,19.63829577,100.0,3.0,7.0,0.0,1.37,0,66.9432185
32.0,7.71,4.57,2.88,7.534269522,39.79282593,100.0,1.0,4.0,1.0,4.391,1,13.40344133
24.0,9.45,4.3,6.78,8.817566955,131.6163062,100.0,1.0,6.0,1.0,5.211,1,64.80493305
35.0,5.79,4.36,2.62,7.773620767,220.1094043,100.0,1.0,1.0,0.0,6.689,1,20.13662085
18.0,5.03,3.69,5.62,7.337967935,216.4289586,100.0,2.0,7.0,0.0,5.249,1,55.27841962
26.0,6.59,2.53,0.36,7.694485046,312.0487215,95.51,1.0,2.0,1.0,9.107,1,8.343579929
22.0,10.18,8.41,3.08,6.203480088,219.9934057,72.08,2.0,2.0,1.0,8.906,2,1.052895982
16.0,11.3,4.62,2.75,6.517502160499999,69.88565713,100.0,2.0,3.0,1.0,6.025,1,52.594412
36.0,7.45,5.8,6.53,7.606919749,283.7211678,100.0,0.0,8.0,1.0,7.326,2,60.3047333
27.0,8.61,4.94,7.74,6.517502160499999,203.1783127,100.0,1.0,6.0,1.0,6.423,1,67.66510492
35.0,11.03,5.48,4.1412097370000005,7.781689054,133.6694232,100.0,0.0,1.0,1.0,6.768,2,23.8966515
30.0,2.99,1.18,6.6,6.403289438,167.1024376,100.0,1.0,8.0,0.0,2.875,0,75.56303806
16.0,4.32,1.73,5.6,4.061009631,117.944431,100.0,2.0,5.0,0.0,2.96,0,57.49837602
25.0,7.0,6.34,7.74,6.99337018,249.4478096,100.0,0.0,7.0,0.0,5.462,2,53.25799678
24.0,10.24,6.45,6.49,4.685656806,113.7488504,100.0,4.0,8.0,1.0,5.453,2,32.24264214
29.0,10.57,3.95,0.62,6.517502160499999,206.536256,86.56,3.0,4.0,1.0,9.019,1,4.497706463
31.0,6.15,2.26,5.71,3.373178264,69.80755901,100.0,3.0,9.0,1.0,3.042,1,46.19720625
22.0,2.89,0.99,4.28,5.822034247,68.30320727,100.0,3.0,2.0,0.0,1.361,0,67.47157842
32.0,7.0,4.76,0.13,8.11228803,251.5474836,83.04,1.0,1.0,1.0,8.011,1,2.935113657
37.0,4.31,3.13,2.01,6.439077597,110.4812247,98.98,0.0,3.0,0.0,3.272,1,13.77352681
23.0,4.91,1.65,7.37,4.213880197,277.658251,100.0,3.0,5.0,0.0,5.724,0,70.7645937
39.0,9.72,6.18,7.41,5.272054687,99.74886946,100.0,0.0,9.0,1.0,4.397,2,56.61996903
22.0,2.76,0.97,6.39,5.226367218,170.8277937,100.0,2.0,8.0,0.0,3.263,0,94.50433439
28.0,10.28,8.66,7.85,6.934312963,122.4872346,100.0,0.0,7.0,1.0,5.185,2,37.43363722
39.0,6.28,5.3,6.45,5.612935202,147.8259994,100.0,1.0,5.0,1.0,4.385,2,36.18211117
32.0,7.96,5.72,0.08,8.544476462,213.8462764,83.69,0.0,1.0,1.0,8.456,2,-3.406426083
36.0,2.9,2.48,2.3,4.050704354,87.09299558,100.0,2.0,2.0,0.0,2.6,1,21.7566694
34.0,5.37,4.23,0.24,7.628533653,84.38782979,96.18,2.0,4.0,0.0,4.193,1,36.179356595
34.0,2.9,2.31,0.75,7.920007125,158.3922436,100.0,1.0,2.0,0.0,4.725,1,25.60343472
35.0,11.62,3.771381605,1.75,9.04694751,139.4211419,84.91,2.0,1.0,1.0,8.145,2,6.743898382
26.0,10.07,4.87,4.03,4.95858669,26.34993354,100.0,3.0,3.0,1.0,5.462,1,24.62133223
33.0,6.6,2.84,6.78,6.454839044,313.202014,100.0,1.0,9.0,1.0,6.926,1,57.43374071
28.0,4.24,2.1,6.9,4.026451607,30.54483994,100.0,4.0,8.0,0.0,0.97,1,71.80219961
31.0,11.33,7.67,4.93,5.643402097,244.1906551,87.72,2.0,2.0,1.0,9.466,2,5.038720918
38.0,5.45,2.2,7.43,5.289532558,64.39839855,100.0,3.0,8.0,0.0,1.876,1,36.179356595
35.0,3.61,1.64,4.0,7.656538282,191.192218,100.0,1.0,3.0,0.0,4.725,0,73.12753612
17.0,7.63,4.43,7.11,5.096400995,77.2304813,100.0,3.0,8.0,1.0,3.202,1,50.75530949
37.0,11.44,5.03,3.63,6.333568961,279.3497757,85.85,2.0,3.0,1.0,10.191,2,28.7473012
27.0,2.04,1.33,2.22,6.24592323,165.9822073,100.0,1.0,3.0,0.0,3.834,0,49.91376436
31.0,4.38,3.74,7.33,8.927511104,33.12808719,100.0,2.0,5.0,0.0,1.051,1,103.5297822
26.0,11.38,8.52,3.1,7.269162179,40.68003028,83.66,1.0,3.0,1.0,5.66,2,2.092369812
23.0,3.71,2.6,4.03,5.304519246,281.7275716,100.0,4.0,2.0,0.0,6.026,1,44.44243803
29.0,3.13,2.03,2.63,5.044755793,124.5221623,100.0,2.0,1.0,0.0,2.876,1,35.80359675
32.0,7.7,4.56,5.3,4.413454879,191.9870982,100.0,2.0,7.0,1.0,5.84,1,29.57686179
35.0,10.62,4.37,7.96,7.63843313,218.9070645,100.0,0.0,8.0,1.0,7.302,1,69.82747014
27.0,6.77,5.67,0.2,7.36754529,133.9906428,91.68,1.0,3.0,1.0,5.825,2,8.983126757
35.0,11.95,5.37,7.2,7.207058931,285.5967643,100.0,0.0,8.0,1.0,9.695,2,63.79987194
22.0,8.79,3.12,0.03,4.184560636,262.5719308,84.81,3.0,3.0,1.0,9.926,1,2.888104338
28.0,2.74,2.06,2.91,7.515979771,244.4817712,100.0,1.0,1.0,0.0,5.277,1,21.46871954
22.0,11.93,4.84,1.35,7.252291964,31.55351701,99.48,1.0,3.0,1.0,6.24,1,7.365412006
28.0,6.08,3.18,6.06,8.392811041,70.42015217,100.0,2.0,8.0,1.0,2.022,1,87.48892356
21.0,4.87,3.771381605,0.4,7.043144122,45.15185406,100.0,1.0,1.0,0.0,3.875,0,35.48816458
37.0,7.58,2.9,4.43,6.313773078,119.2006588,100.0,3.0,1.0,1.0,4.481,1,49.36333646
26.0,5.04,2.04,2.36,5.790392475,158.8154057,100.0,4.0,2.0,0.0,4.552,1,26.8304294
25.0,2.86,0.95,4.1412097370000005,5.25199568,147.6095391,100.0,4.0,2.0,0.0,5.462,0,21.18939542
36.0,2.01,3.771381605,4.1412097370000005,7.432515407,283.7158732,100.0,2.0,1.0,0.0,5.462,0,74.26421152
36.0,6.5,5.21,1.74,7.229204938,290.538315,89.32,1.0,3.0,1.0,8.248,2,19.25031244
25.0,10.37,5.43,1.79,5.201488525,277.0703492,92.44,4.0,4.0,1.0,10.328,2,-4.424790504
39.0,7.72,6.37,2.2,4.2265848,240.1181281,74.44,2.0,2.0,1.0,8.28,2,5.041050575
36.0,11.99,3.771381605,4.69,4.113564748,34.93954951,100.0,4.0,3.0,1.0,5.988,2,35.8815696
27.0,4.87,2.41,5.28,8.952405554,177.8762122,100.0,0.0,6.0,0.0,4.551,1,68.1308187
32.0,7.0,1.87,0.14,5.321977748,261.2588405,92.03,2.0,1.0,0.0,5.462,0,36.179356595
16.0,3.6,2.42,1.93,6.517502160499999,205.3327304,98.48,0.0,1.0,0.0,6.021,1,15.71559707
35.0,3.64,3.771381605,3.45,6.000821329,291.7265903,100.0,3.0,1.0,0.0,6.585,1,36.179356595
29.0,4.85,3.24,2.66,6.453825165,115.953207,100.0,2.0,1.0,0.0,3.687,1,36.179356595
34.0,9.93,7.52,7.07,7.170832856,218.823645,96.26,0.0,4.0,1.0,7.824,2,15.45034956
32.0,11.06,6.94,6.3,8.486520207,238.315216,100.0,0.0,8.0,1.0,8.46,2,38.74178645
29.0,11.75,7.95,5.01,5.717408295,163.744442,84.4,3.0,5.0,1.0,7.832,2,6.605846282
33.0,4.32,3.72,2.7,6.95579651,61.64540588,100.0,2.0,2.0,0.0,2.81,1,38.1235343
37.0,10.81,5.18,5.61,5.92977012,116.0483482,100.0,4.0,8.0,1.0,6.482,2,46.18135288
27.0,5.28,2.72,6.75,8.90834138,244.4358546,100.0,0.0,8.0,0.0,4.955,1,59.55405718
26.0,3.13,2.29,4.76,5.254605461,275.9927737,98.48,2.0,2.0,0.0,5.977,1,47.28537463
27.0,10.7,7.13,6.28,3.28572244,224.0770155,91.88,2.0,7.0,1.0,7.806,2,10.05700493
36.0,8.36,3.4,5.99,5.730842362,164.3206055,100.0,1.0,6.0,1.0,5.323,1,53.93906624
25.0,3.65,1.92,4.57,6.517502160499999,136.0489729,100.0,1.0,4.0,0.0,2.674,0,60.82071465
19.0,6.3,3.66,2.5,3.916271556,24.0583864,100.0,4.0,1.0,1.0,2.96,1,15.96429384
15.0,4.87,2.69,4.1412097370000005,7.111611761,219.0393997,100.0,2.0,1.0,0.0,5.462,1,70.55402952
38.0,9.37,3.81,1.65,7.242391486,165.9822073,100.0,2.0,4.0,1.0,5.462,1,12.36201214
17.0,6.53,5.58,6.24,5.426671794,151.3342613,100.0,0.0,9.0,1.0,4.453,2,49.4307023
36.0,11.89,9.01,6.44,8.158984278,51.77825482,99.65,0.0,5.0,1.0,4.713,2,11.82740971
33.0,2.55,1.5,6.58,6.860726989,197.0139073,100.0,1.0,8.0,0.0,3.981,0,88.00113631
37.0,5.55,3.93,3.78,6.893352126,115.5972073,100.0,0.0,1.0,0.0,5.462,1,55.55840005
21.0,6.82,5.72,1.54,7.476604512,182.0617519,80.53,1.0,1.0,1.0,6.468,2,-2.05792552
26.0,7.03,2.68,0.8,7.386960145,165.9822073,100.0,0.0,1.0,1.0,7.615,1,20.8254611
29.0,5.16,2.32,5.95,4.390599019,58.51056997,100.0,3.0,9.0,0.0,2.335,1,53.0203188
39.0,7.0,5.81,7.09,5.352801327,85.54143172,100.0,3.0,8.0,0.0,5.462,2,48.01219229
19.0,10.75,8.38,5.21,5.945110378,250.2064162,91.13,0.0,4.0,1.0,9.032,1,18.13571627
29.0,11.39,3.66,1.15,6.216260872,116.6450693,100.0,1.0,4.0,1.0,7.71,1,17.50505574
22.0,10.05,8.95,7.48,8.002939869,165.9822073,100.0,2.0,5.0,1.0,3.281,2,38.76932595
24.0,10.51,6.02,7.91,6.74547074,306.1239946,100.0,2.0,8.0,1.0,8.842,2,65.90596299
30.0,7.51,3.87,3.47,4.937444649,240.2836654,92.2,4.0,1.0,1.0,7.334,1,13.15061626
22.0,10.26,4.88,4.76,5.966859738,304.7210358,95.31,4.0,2.0,1.0,9.542,1,34.90228461
15.0,5.04,2.04,6.22,5.103686075,111.2430589,100.0,3.0,7.0,0.0,2.714,1,77.90149606
26.0,7.0,4.63,5.89,7.729484098,115.4424598,100.0,1.0,8.0,0.0,3.843,1,62.94669194
19.0,5.17,4.51,7.74,6.397272823,217.0801696,100.0,0.0,9.0,0.0,4.603,1,86.09500627
17.0,6.67,3.66,0.92,6.517502160499999,65.55279509,100.0,1.0,1.0,1.0,3.999,1,20.47342099
15.0,4.86,4.24,4.65,5.5200453,145.7481965,100.0,2.0,1.0,1.0,4.235,1,43.71757134
18.0,11.62,9.23,5.54,8.225033038,188.93799,95.61,2.0,9.0,1.0,7.988,2,17.10157596
22.0,5.13,3.02,7.12,8.919020951,20.91839312,100.0,2.0,8.0,0.0,1.209,1,90.45168801
17.0,2.98,2.1,6.99,7.728017212,124.0981271,100.0,2.0,8.0,0.0,2.113,1,83.45638391
24.0,7.27,4.08,7.82,8.056151202,91.16056226,100.0,0.0,7.0,1.0,2.749,1,87.95482352
16.0,2.57,1.63,4.1,6.754465765,259.2107916,100.0,2.0,3.0,1.0,4.975,0,58.02969209
25.0,3.11,1.04,6.65,8.16781971,153.866454,100.0,1.0,7.0,0.0,2.12,0,74.19219061
39.0,4.19,3.01,3.42,8.523575121,236.7097893,100.0,1.0,1.0,0.0,6.069,1,27.65441224
24.0,6.64,2.2,3.38,8.530050958,215.5436949,100.0,0.0,4.0,1.0,7.266,1,63.83818982
35.0,6.33,3.771381605,2.03,6.832135179,116.9067122,100.0,0.0,1.0,1.0,4.676,2,27.63250648
28.0,10.0,7.95,4.1412097370000005,7.720132541,277.443672,86.54,2.0,9.0,1.0,8.895,2,26.098934
21.0,9.39,4.15,7.89,6.738856239,237.0475797,100.0,1.0,5.0,1.0,7.268,1,71.53301014
16.0,6.26,3.09,2.05,6.517502160499999,124.1973103,100.0,3.0,3.0,1.0,4.315,1,5.648846084
23.0,5.34,3.14,0.45,6.441023642,237.1359291,97.91,3.0,4.0,0.0,7.475,1,15.80895214
30.0,5.16,3.4,6.52,8.616575141,113.317759,100.0,2.0,9.0,0.0,3.264,1,56.80458505
27.0,9.74,3.771381605,4.1412097370000005,4.842265965,117.9791847,94.89,2.0,1.0,1.0,5.862,1,21.61194458
23.0,2.52,1.65,7.68,7.082105533,52.79834152,100.0,1.0,9.0,0.0,-0.484,0,95.91074532
34.0,2.13,1.02,2.02,6.009318578,185.1370551,100.0,4.0,3.0,0.0,4.139,1,12.95596498
18.0,9.96,3.32,0.57,6.199741228,64.4540154,100.0,2.0,3.0,1.0,6.389,1,17.46360653
36.0,6.77,2.04,3.94,8.840474087,138.0313927,100.0,1.0,4.0,1.0,4.703,1,48.56336374
24.0,3.31,1.19,0.68,8.206327892,142.1630125,100.0,0.0,2.0,0.0,4.051,0,29.96522203
36.0,4.36,3.38,2.09,7.050446789,116.298964,100.0,0.0,3.0,0.0,3.713,1,18.6505355
26.0,7.0,9.93,1.01,5.591705312,290.8885408,47.39,4.0,2.0,1.0,11.102,2,0.220883721
31.0,10.6,5.9,1.79,5.929193372,246.2430797,83.46,2.0,4.0,1.0,9.743,2,-7.50254315
28.0,13.65,5.53,0.85,5.450451209,173.04402,88.25,1.0,3.0,1.0,6.095,2,3.063779421
28.0,6.82,2.65,7.63,6.156275052,126.4970581,100.0,2.0,9.0,1.0,3.881,1,91.87845234
39.0,7.2,4.54,2.23,3.98131017,113.5457287,93.86,4.0,3.0,1.0,5.462,1,7.47111211
16.0,11.75,4.54,3.55,6.727725103,227.2991995,100.0,0.0,4.0,1.0,9.23,1,38.57454952
35.0,11.66,7.77,7.19,5.268504185,23.74278494,100.0,2.0,8.0,1.0,4.513,2,31.21312605
39.0,4.15,3.57,5.42,7.847300918,109.501799,100.0,1.0,6.0,0.0,2.629,1,51.64343786
34.0,10.11,4.22,4.94,5.399676058,111.901456,100.0,2.0,1.0,1.0,5.462,1,36.96009632
25.0,3.97,3.01,4.1412097370000005,5.72848836,290.1689034,100.0,1.0,6.0,0.0,5.953,1,41.99177202
30.0,4.14,1.3,6.63,4.987174512,175.7658257,100.0,4.0,7.0,0.0,3.881,0,76.07587537
33.0,8.76,4.6,7.02,8.261210239,247.1522663,100.0,0.0,5.0,1.0,7.074,1,69.18571186
37.0,6.05,2.22,5.14,6.701451159,30.10339845,100.0,1.0,8.0,1.0,2.343,1,61.64276734
20.0,11.32,5.79,7.12,4.309163401,232.9681984,100.0,2.0,9.0,1.0,7.944,2,42.51663655
38.0,2.89,1.17,4.28,6.686982831,135.1750097,100.0,2.0,1.0,0.0,3.021,0,54.63503562
33.0,7.12,3.73,2.22,6.517502160499999,179.4876947,100.0,0.0,1.0,1.0,6.114,1,22.20575324
19.0,11.19,6.16,7.04,7.373015752,73.61295642,100.0,0.0,6.0,1.0,4.903,2,67.01030641
18.0,11.04,5.3,4.33,7.027443317,87.95574738,100.0,0.0,3.0,1.0,6.001,2,41.0421512
29.0,3.57,3.771381605,7.25,4.74591975,252.1110207,100.0,4.0,7.0,0.0,5.462,1,92.34440271
18.0,5.67,4.83,0.32,7.742115742,165.9822073,85.99,2.0,2.0,0.0,5.462,1,2.041581976
34.0,8.19,4.43,3.18,7.699488065,232.0675576,100.0,2.0,1.0,1.0,7.661,1,29.15399069
24.0,3.59,1.49,7.58,7.091835952,58.06592248,100.0,2.0,6.0,0.0,0.681,0,99.66817692
38.0,11.68,5.4,2.0,9.278197729,91.97078214,100.0,2.0,3.0,1.0,6.94,2,21.70633706
36.0,11.15,9.06,7.53,5.432461764,12.61601437,95.74,3.0,6.0,1.0,3.956,2,32.61911379
17.0,3.67,2.36,7.63,5.51128534,248.5538417,100.0,3.0,6.0,0.0,3.806,1,51.05895482
19.0,3.21,3.771381605,4.1412097370000005,8.378364924,180.123361,100.0,2.0,6.0,0.0,2.527,0,91.75200426
20.0,2.85,1.11,4.51,6.847925707,165.9822073,100.0,2.0,3.0,0.0,5.462,0,69.81467605
35.0,11.09,3.771381605,5.18,3.527080574,112.1295327,100.0,2.0,6.0,1.0,5.931,2,18.3560211
36.0,3.94,1.84,6.96,6.517502160499999,275.7502826,100.0,0.0,8.0,0.0,5.262,0,69.72610809
22.0,6.16,5.33,6.21,8.366221094,243.7130756,100.0,2.0,6.0,1.0,6.237,2,61.48169912
21.0,6.49,5.39,5.04,4.317786186,183.5669648,94.51,2.0,6.0,1.0,5.713,2,31.7475686
35.0,7.99,2.8,7.86,3.518970274,217.5530402,100.0,3.0,6.0,1.0,5.557,1,68.46510386
24.0,2.72,1.66,5.49,6.151326492,41.74707287,100.0,2.0,5.0,0.0,0.673,0,47.80183045
20.0,4.27,1.86,7.8,9.106151364,169.8720072,100.0,2.0,9.0,0.0,3.495,0,97.70739821
28.0,11.31,6.18,0.46,8.132230199,244.160305,79.51,1.0,3.0,1.0,10.417,2,7.228580109
18.0,7.0,9.15,4.1412097370000005,5.924767935,151.2751458,71.88,0.0,2.0,0.0,5.462,2,5.49690682
39.0,9.81,6.05,3.61,7.189247827,201.0214824,97.93,0.0,4.0,1.0,7.942,2,17.37796702
27.0,2.19,1.1,3.08,5.217349892,72.80123023,100.0,3.0,1.0,0.0,1.651,0,35.20528336
34.0,5.27,2.24,6.26,4.960524262,31.70437932,100.0,3.0,9.0,1.0,1.177,1,63.94485012
31.0,8.28,6.46,1.28,8.512705129,45.98252683,99.86,2.0,2.0,1.0,4.476,2,9.408322894
37.0,4.75,3.2,7.81,5.450678634,63.17311852,100.0,2.0,7.0,0.0,1.592,1,86.43260172
21.0,11.1,6.45,2.52,7.032612557,91.67393832,87.86,2.0,2.0,1.0,6.934,2,3.027545119
18.0,8.34,3.59,3.43,6.517494695,252.6272515,100.0,1.0,2.0,1.0,7.981,1,42.20851499
28.0,2.72,1.36,2.2,4.657972496,266.3427574,100.0,2.0,2.0,0.0,6.52,0,23.30687835
17.0,11.09,9.71,4.63,6.157361333,92.67713795,71.01,1.0,3.0,1.0,5.696,2,-2.00014002
38.0,11.58,3.771381605,0.47,6.963910517,209.9775553,75.57,0.0,3.0,1.0,9.869,2,5.192090406
19.0,2.78,1.5,1.2,7.678674963,59.20822942,100.0,1.0,4.0,0.0,2.41,0,66.20568963
27.0,7.32,4.49,5.97,4.609652366,204.2483052,100.0,3.0,7.0,1.0,6.509,1,44.0683935
37.0,5.03,3.86,1.49,5.493290369,235.806392,90.13,2.0,2.0,0.0,7.048,1,-5.183557413
34.0,5.93,2.99,1.88,7.305053317,139.196335,100.0,2.0,4.0,0.0,5.861,1,10.70342484
18.0,3.8,1.55,6.34,9.384330136,314.4302009,100.0,1.0,8.0,0.0,5.838,0,90.6608455
38.0,7.78,5.06,0.75,4.846121681,70.95813607,88.58,3.0,3.0,1.0,4.965,2,36.179356595
38.0,11.58,8.1,3.5,9.273141344,165.1783218,88.35,2.0,3.0,1.0,7.48,2,1.937310645
16.0,7.03,5.12,0.18,7.680128706,229.1323253,89.83,1.0,3.0,1.0,7.361,2,-5.244779747
32.0,2.83,2.35,2.77,8.161651564,80.51547525,100.0,1.0,2.0,0.0,2.324,1,50.82948902
33.0,8.2,4.29,5.59,4.265245029,303.0168117,99.74,3.0,7.0,1.0,7.823,1,36.179356595
33.0,5.4,1.86,0.72,5.098416651,260.3238512,91.82,2.0,4.0,0.0,7.464,0,14.43984214
31.0,10.56,9.24,7.11,6.517502160499999,219.9447063,84.92,1.0,8.0,1.0,7.527,2,12.53609986
28.0,6.35,3.56,7.28,6.065248276,147.7387844,100.0,2.0,5.0,1.0,4.291,1,65.05126814
33.0,3.93,2.65,0.84,8.730686328,67.82537606,100.0,0.0,4.0,0.0,3.113,1,29.64466358
36.0,3.91,2.74,7.93,4.924962362,199.2581254,100.0,4.0,5.0,0.0,3.676,1,60.03606042
27.0,9.69,6.08,2.38,6.474624614,226.8470277,88.82,2.0,3.0,1.0,8.491,2,19.30792352
27.0,4.66,1.97,0.67,2.887560443,165.9822073,91.96,4.0,1.0,0.0,5.462,0,13.70328146
26.0,9.67,7.28,0.04,7.70341246,76.08688198,85.12,1.0,1.0,1.0,6.383,2,1.659685846
20.0,4.06,3.771381605,3.27,4.771835366,212.640795,100.0,4.0,4.0,1.0,5.329,1,24.51570828
35.0,5.22,3.3,5.04,4.952497507,145.695181,100.0,4.0,6.0,0.0,4.338,1,56.35242299
18.0,6.65,3.94,2.66,6.635095218,262.3741231,95.39,4.0,2.0,1.0,7.367,1,12.2934951
33.0,11.43,4.21,6.69,8.372406427,130.2819421,100.0,0.0,6.0,1.0,6.088,1,64.84974187
30.0,11.32,3.97,5.73,4.379228604,47.62275464,100.0,2.0,6.0,1.0,4.841,1,29.76883255
27.0,4.07,2.05,4.1412097370000005,5.293716192,16.65937717,100.0,4.0,3.0,0.0,5.462,1,43.75941845
18.0,7.0,2.71,5.87,3.848042173,166.6723514,100.0,3.0,6.0,0.0,3.849,1,62.42275872
37.0,3.49,3.04,4.1412097370000005,8.717360927,299.8158813,100.0,1.0,1.0,0.0,5.462,1,98.84734922
31.0,7.1,5.47,0.74,6.372503657,0.132444267,93.82,1.0,1.0,1.0,3.848,2,2.854191942
37.0,6.61,4.6,2.45,7.482918504,215.9183947,96.3,2.0,4.0,1.0,7.33,1,20.81169484
15.0,7.0,6.72,3.71,6.783789402,523.6071818,100.0,1.0,3.0,0.0,5.462,2,6.859485353
32.0,11.3,4.52,3.98,5.357868783,187.821121,94.24,3.0,1.0,1.0,8.496,1,23.29420971
34.0,5.84,5.18,4.34,6.73771116,125.0966566,100.0,0.0,1.0,0.0,4.158,2,28.00859942
31.0,6.92,3.63,2.41,4.563405328,138.4022439,90.16,2.0,3.0,1.0,5.597,1,24.35647958
29.0,10.96,3.99,5.34,6.391078264,173.6746752,100.0,2.0,8.0,1.0,5.462,1,36.96333738
25.0,10.07,6.0,5.16,7.450205646,282.9968018,96.6,2.0,9.0,1.0,9.007,2,23.12486039
39.0,2.04,1.68,4.1412097370000005,6.370348439,44.68834074,100.0,2.0,2.0,0.0,0.194,0,80.04306947
36.0,5.2,3.771381605,0.91,4.92861498,296.8837931,81.63,4.0,1.0,0.0,8.307,1,4.424494256
27.0,6.22,1.91,3.82,3.875479752,142.3638671,100.0,3.0,1.0,1.0,4.844,0,48.7782456
15.0,4.3,3.58,2.85,8.423143272,172.4621912,100.0,1.0,4.0,0.0,4.915,1,24.83430665
31.0,4.0,1.85,4.1412097370000005,7.157767591,30.24437821,100.0,1.0,2.0,1.0,5.462,0,51.48561868
20.0,2.38,0.77,7.37,4.523704749,8.955642683,100.0,4.0,6.0,0.0,-0.561,1,83.26575144
18.0,8.43,6.82,3.84,4.925560502,146.1961623,82.92,3.0,1.0,1.0,5.183,2,-1.596521285
34.0,4.63,3.79,0.11,8.752475082,278.2168841,92.96,0.0,4.0,0.0,7.942,1,-6.000413927
30.0,2.52,1.66,3.51,8.652723772,94.75733137,100.0,1.0,3.0,0.0,2.407,0,46.19832453
29.0,4.31,2.78,6.57,9.770968947,98.17822429,100.0,1.0,4.0,0.0,1.724,1,80.40973953
29.0,10.02,7.89,6.24,4.915457099,144.8218491,100.0,2.0,9.0,1.0,6.318,2,14.12480973
20.0,10.51,8.11,4.11,6.247089926,189.5125903,95.7,2.0,2.0,1.0,7.842,2,-3.695526897
29.0,6.83,5.7,2.0,4.878522796,285.290444,74.69,4.0,2.0,1.0,8.395,2,2.758891618
28.0,6.16,3.89,3.72,6.38648063,19.30664391,100.0,0.0,4.0,1.0,2.844,1,52.26879751
25.0,11.78,10.37,4.51,5.087620436,183.2716063,65.23,2.0,2.0,1.0,8.877,2,7.954600373
21.0,4.01,3.6,8.0,4.68833779,86.97346538,100.0,2.0,9.0,0.0,1.325,1,82.47602749
23.0,4.15,1.54,5.15,3.914658299,148.3282869,100.0,4.0,8.0,0.0,3.27,0,54.13567363
30.0,4.92,3.771381605,5.55,7.073904893,290.6925862,100.0,2.0,6.0,0.0,6.775,1,36.97287646
19.0,3.73,2.24,3.93,6.780456794,0.0,100.0,1.0,2.0,0.0,1.186,1,52.88341307
39.0,5.79,3.08,2.84,6.698193041,133.4308962,100.0,1.0,3.0,0.0,4.363,1,21.44212741
27.0,11.11,7.42,6.5,9.152403858,67.59272076,100.0,1.0,5.0,1.0,5.425,2,53.63264315
24.0,8.15,2.72,3.96,7.604690788,275.954486,100.0,1.0,2.0,1.0,8.427,1,59.62339127
32.0,6.12,3.7,7.96,6.737777027,72.39001903,100.0,1.0,8.0,1.0,1.812,1,81.19036187
17.0,11.34,9.33,3.66,8.69474033,82.70795876,97.23,0.0,4.0,1.0,6.072,2,9.068936144
27.0,2.48,1.06,0.54,6.450854537,110.40025,100.0,2.0,2.0,0.0,3.518,0,12.26531034
25.0,4.1,2.28,5.46,4.705039642,148.7148182,100.0,2.0,6.0,0.0,2.852,1,58.77366122
31.0,7.66,6.62,0.37,6.517502160499999,256.4664762,80.47,1.0,4.0,1.0,8.419,2,6.733384966
36.0,8.16,4.55,2.0,4.210502171,22.18048676,99.47,4.0,1.0,1.0,4.28,1,13.64068
27.0,2.4,1.24,2.83,6.235200902,148.8069326,100.0,0.0,3.0,0.0,3.031,0,55.17841298
20.0,6.03,3.4,5.92,6.040108661,222.2860709,100.0,2.0,5.0,1.0,5.819,1,53.75699682
31.0,8.49,5.19,3.95,6.716489398,225.6234675,100.0,2.0,3.0,1.0,7.5,2,32.5144429
27.0,7.0,6.1,0.23,6.685571144,205.4119453,87.36,2.0,3.0,0.0,5.462,2,4.086402138
33.0,8.38,6.54,4.93,5.067070749,155.3126814,96.35,2.0,4.0,1.0,6.111,2,14.88063977
35.0,5.21,2.98,3.29,7.506798207,184.9070281,100.0,2.0,3.0,0.0,5.818,1,54.47196506
33.0,2.94,2.32,7.37,7.936592059,221.5109903,100.0,0.0,7.0,0.0,3.919,1,83.61841159
24.0,6.27,3.89,4.0,5.494773639,56.22491837,100.0,3.0,2.0,1.0,3.155,1,32.52494099
17.0,3.29,1.66,5.67,6.055551353,177.3896103,100.0,2.0,9.0,0.0,4.204,0,80.75357462
28.0,11.48,7.98,1.75,5.772692759,263.8414635,61.63,4.0,2.0,1.0,10.595,2,-0.932974176
33.0,7.0,4.93,6.09,7.753024393,101.5096546,100.0,0.0,6.0,1.0,3.548,1,84.6278406
19.0,5.17,3.28,5.77,7.013396404,29.80433314,100.0,1.0,7.0,0.0,2.054,1,59.69542702
19.0,9.66,3.23,7.23,8.575387048,34.57172665,100.0,1.0,6.0,1.0,3.441,1,83.44356643
34.0,6.98,2.81,0.27,5.673120189,34.79394787,100.0,3.0,1.0,1.0,3.969,1,6.883557466
31.0,5.1,2.4,3.58,4.81246478,146.179636,100.0,2.0,3.0,0.0,4.336,1,31.73886166
27.0,15.18,4.75,5.43,4.883910311,425.1393038,97.6,4.0,6.0,1.0,7.871,1,35.90567475
24.0,10.67,7.51,0.76,5.114888748,116.8853318,69.37,4.0,4.0,1.0,7.047,2,6.05547801
19.0,8.73,2.72,3.28,6.729644499,239.9986259,100.0,2.0,2.0,1.0,7.961,1,49.05752622
18.0,3.705,1.86,7.54,9.153239242,59.38907467,100.0,2.0,6.0,0.0,-0.287,0,97.11827974
20.0,7.66,3.52,3.49,5.67449237,255.0730436,100.0,3.0,3.0,1.0,7.883,1,27.71341415
18.0,9.63,4.68,7.88,8.869972431,223.6728873,100.0,2.0,8.0,1.0,6.831,1,89.76780339
21.0,3.37,2.08,0.45,4.69440054,248.3961797,96.73,3.0,2.0,0.0,6.97,1,-2.302533013
21.0,4.29,1.84,5.74,8.091112084,270.2970749,100.0,0.0,9.0,0.0,5.583,0,84.46111527
32.0,10.82,8.99,4.65,4.673447968,301.7621906,70.89,4.0,2.0,1.0,9.775,2,7.607802437
17.0,2.2,0.77,4.0,8.681700958,118.3232218,100.0,0.0,4.0,0.0,2.66,0,75.25265148
15.0,9.53,5.4,7.77,4.770213161,40.17049708,100.0,3.0,8.0,1.0,2.954,2,57.93506738
38.0,6.74,5.46,1.04,8.144751758,277.0746311,88.13,1.0,2.0,1.0,8.898,1,1.071642236
39.0,6.47,4.33,7.17,4.868011634,165.9822073,100.0,2.0,5.0,1.0,6.524,1,57.11715173
18.0,2.07,0.98,5.53,5.652100608,117.7352695,100.0,2.0,7.0,0.0,2.316,0,72.94843884
20.0,10.19,5.63,2.07,6.836830652,112.9577129,100.0,1.0,3.0,1.0,6.694,2,-1.113893252
23.0,5.6,4.05,7.21,5.72210211,14.03264457,100.0,3.0,5.0,0.0,1.137,1,62.26742339
36.0,7.41,6.55,3.43,7.550991084,96.50748977,100.0,2.0,4.0,1.0,4.536,2,17.92551091
28.0,8.77,7.33,6.51,8.423052952,67.53352385,100.0,2.0,7.0,1.0,3.932,2,64.77329382
26.0,9.03,4.56,3.11,7.079839636,265.9100816,100.0,1.0,2.0,1.0,8.722,1,36.79302734
39.0,11.56,10.39,6.81,8.108730652,30.62987852,98.7,1.0,8.0,1.0,4.557,2,35.40855392
34.0,7.31,2.21,5.09,4.510936931,55.68595578,100.0,3.0,5.0,1.0,3.328,1,29.81882238
38.0,6.0,1.9,1.13,6.83303465,299.0007994,100.0,1.0,3.0,0.0,8.361,0,35.58237355
39.0,11.54,9.17,5.2,6.669139188,267.3452361,85.47,0.0,8.0,1.0,9.75,2,5.71652049
18.0,8.42,3.53,1.53,8.605518038,74.22696832,100.0,1.0,1.0,1.0,5.091,1,45.76488664
35.0,4.98,1.68,4.1412097370000005,5.570095381,148.1451691,100.0,4.0,4.0,0.0,5.462,0,27.38177542
38.0,3.26,1.44,4.1412097370000005,6.517502160499999,224.1614633,100.0,0.0,3.0,0.0,5.642,0,31.68586657
26.0,10.43,5.8,0.18,4.902172329,176.7845663,83.84,4.0,1.0,1.0,8.341,2,13.83584539
24.0,5.62,3.771381605,1.7,5.194321924,161.2772956,94.31,3.0,4.0,0.0,5.52,1,16.0036168
36.0,8.6,5.8,4.29,6.588622656,270.776214,97.52,2.0,4.0,1.0,8.053,2,27.75538647
21.0,6.71,2.97,3.85,5.681969149,181.2233534,100.0,2.0,3.0,1.0,5.74,1,43.8396917
17.0,3.99,2.4,4.01,4.792511209,38.19616354,100.0,3.0,1.0,0.0,1.932,1,37.85663844
37.0,8.02,6.86,1.98,3.696812288,97.81131653,80.77,3.0,2.0,1.0,5.296,2,1.252290953
28.0,2.61,2.06,5.48,7.917753988,201.8571787,100.0,1.0,9.0,0.0,3.541,1,68.19021532
38.0,6.13,3.03,5.63,4.467227173,51.42238523,100.0,4.0,7.0,1.0,2.536,1,55.94861755
24.0,7.47,6.64,2.86,8.667213817,165.9822073,100.0,1.0,4.0,1.0,5.462,2,20.38708486
30.0,6.36,4.61,7.05,4.590245314,93.71532836,100.0,4.0,6.0,1.0,2.605,1,50.58391005
30.0,9.49,3.2,5.15,4.556562395,100.2981741,100.0,3.0,6.0,1.0,5.36,1,46.41271706
36.0,7.0,3.3,5.7,7.254144876,293.6994265,100.0,2.0,6.0,0.0,5.462,1,40.33022793
24.0,9.71,3.89,2.22,7.146215879,153.9241182,100.0,0.0,2.0,1.0,7.249,1,33.40819095
39.0,2.39,1.76,0.0,6.644760473,169.8446893,100.0,0.0,1.0,0.0,4.435,0,15.26165294
27.0,3.94,1.62,6.92,7.17456755,129.9532819,100.0,0.0,7.0,0.0,2.174,1,93.05475635
20.0,7.37,4.47,6.58,5.821577907,193.4239497,100.0,2.0,7.0,1.0,5.211,1,55.09880099
26.0,11.35,4.04,0.99,6.9004533,215.8835656,100.0,2.0,2.0,1.0,9.778,1,13.66818023
23.0,10.35,8.82,2.99,6.084319809,201.5819778,70.1,0.0,2.0,1.0,7.858,2,-2.493792838
27.0,10.43,5.28,5.29,5.995087524,213.337018,97.24,3.0,5.0,1.0,8.228,2,52.19402531
18.0,5.03,4.25,5.22,8.602258878,221.6311678,100.0,2.0,7.0,0.0,4.769,1,53.72228757
38.0,6.29,5.45,6.88,7.725342084,91.91975964,100.0,0.0,6.0,1.0,2.861,2,36.179356595
25.0,6.71,2.04,1.12,5.487387711,174.3115925,100.0,4.0,1.0,1.0,6.299,1,33.52494864
34.0,3.57,2.07,3.44,7.948846747,201.5448062,100.0,2.0,1.0,0.0,4.473,1,40.4501169
32.0,2.31,0.73,0.78,8.965101687,140.6752662,100.0,2.0,1.0,0.0,3.641,0,46.92608101
25.0,11.47,9.69,3.12,6.562410457,215.2793167,69.21,2.0,4.0,1.0,8.879,2,-2.251868525
39.0,4.41,2.69,0.12,5.007831993,243.8442344,95.6,2.0,2.0,0.0,6.609,1,-0.105258384
35.0,4.4,1.52,7.19,8.594049123,214.7004912,100.0,0.0,6.0,0.0,3.663,0,95.9788157
18.0,2.83,3.771381605,4.22,4.352893669,216.0085556,100.0,3.0,3.0,0.0,4.289,0,48.92808739
32.0,11.29,5.98,6.8,3.667658199,65.94197471,100.0,2.0,9.0,1.0,4.845,2,36.12720488
15.0,7.8,6.74,0.48,5.66181104,216.4693177,73.54,4.0,1.0,1.0,8.156,2,10.19868502
21.0,8.67,6.21,1.82,7.814273343,264.5574069,89.47,1.0,2.0,1.0,8.789,2,4.338112223
20.0,11.12,9.12,2.08,9.229055027,12.14550409,86.21,2.0,4.0,1.0,5.396,2,2.349652976
29.0,5.46,2.84,3.09,7.079816197,237.541528,100.0,0.0,2.0,0.0,6.983,1,34.83829033
32.0,8.22,2.68,6.42,9.208092179,238.8445171,100.0,1.0,5.0,1.0,6.684,1,52.54727425
38.0,2.39,2.11,3.09,3.920084166,125.458928,100.0,3.0,4.0,0.0,2.528,1,27.10109677
25.0,3.87,3.771381605,1.64,4.81670574,258.677664,100.0,3.0,4.0,0.0,6.463,0,24.19062551
34.0,10.31,8.96,0.52,6.174629466,162.2188169,64.49,2.0,2.0,1.0,8.579,2,5.538338768
38.0,9.67,5.04,0.64,7.994110158,147.6934593,99.45,1.0,3.0,1.0,7.283,2,-1.232486153
29.0,5.51,1.69,6.08,6.818202954,283.7429452,100.0,2.0,5.0,0.0,6.351,0,48.59043622
30.0,5.77,4.12,3.56,5.306079591,259.6746022,88.75,4.0,3.0,0.0,6.637,1,9.181436668
21.0,7.34,6.52,5.81,6.517502160499999,104.1232342,99.71,2.0,8.0,1.0,4.187,2,25.49868116
35.0,2.0,1.76,5.46,5.412213092,173.4406119,100.0,3.0,9.0,0.0,3.082,0,41.88588249
24.0,4.41,1.75,1.08,6.275894614,154.6493052,98.45,2.0,1.0,0.0,5.021,0,10.76583679
26.0,4.08,3.771381605,1.14,4.223035359,253.0932506,95.31,2.0,2.0,0.0,6.278,0,19.97521999
38.0,4.5,2.88,6.04,8.458083474,287.7448051,100.0,1.0,5.0,0.0,5.938,1,76.62170208
28.0,10.06,6.86,5.77,6.288231999,92.56559375,97.8,0.0,9.0,1.0,5.139,2,36.179356595
39.0,4.8,3.57,3.02,7.197154585,214.6227284,100.0,2.0,1.0,0.0,6.154,1,41.85028077
19.0,3.92,1.6,0.62,4.326760975,286.0580897,94.78,4.0,4.0,0.0,7.474,0,7.529363408
35.0,7.04,6.16,0.1,4.559892784,171.8164512,72.63,4.0,3.0,1.0,6.89,2,12.64030876
32.0,10.66,7.28,2.31,7.483522286,283.10918,69.72,0.0,1.0,1.0,9.717,2,-2.825556725
19.0,4.41,3.56,0.07,7.814567637,245.3540418,95.69,2.0,3.0,0.0,6.884,1,-5.652872981
17.0,4.185,1.74,1.84,6.880252082,191.8543804,100.0,0.0,2.0,1.0,3.403,0,38.41964215
37.0,5.56,3.05,3.36,7.632652815,113.6237047,100.0,1.0,4.0,0.0,4.552,1,33.45676426
19.0,9.48,8.4,0.97,7.697058205,96.06986437,85.27,0.0,1.0,1.0,6.789,2,10.32728575
38.0,7.51,4.88,0.83,4.657997155,233.5958957,74.66,3.0,3.0,1.0,8.086,1,5.813702026
31.0,10.17,8.34,7.17,4.552476897,74.06218241,95.57,2.0,7.0,1.0,3.954,2,42.01699155
33.0,7.0,10.11,4.68,6.924472688,533.7796481,100.0,1.0,1.0,0.0,5.462,2,4.018873484
33.0,9.93,7.0,7.48,6.363650823,224.606924,100.0,1.0,9.0,1.0,7.401,2,52.3139139
39.0,12.06,5.06,2.77,5.073047907,301.2701257,95.18,4.0,4.0,1.0,6.029,2,-7.135606366
35.0,7.0,2.09,5.42,6.61986628,164.0889338,100.0,1.0,9.0,1.0,5.159,1,76.68541212
26.0,2.4,0.78,1.64,6.257045549,73.94919139,100.0,2.0,1.0,0.0,2.128,0,26.76073929
39.0,7.0,4.98,4.95,8.614067789,204.7238113,100.0,0.0,2.0,0.0,5.462,1,45.11710254
23.0,5.83,2.4,1.04,3.325302397,206.5205541,91.55,4.0,1.0,0.0,6.723,1,-4.811051601
15.0,7.0,1.59,0.02,4.95800391,116.4638753,100.0,2.0,4.0,0.0,4.294,0,10.15349099
32.0,8.67,4.19,7.45,6.664782937,152.5788448,100.0,1.0,8.0,1.0,5.0,1,61.45230435
35.0,4.84,2.5,4.44,8.261053781,279.9187337,100.0,0.0,4.0,0.0,6.688,1,22.30325389
18.0,7.86,4.34,7.42,7.868395189,207.9001715,100.0,0.0,7.0,1.0,5.964,1,72.05648409
24.0,7.87,2.83,2.67,9.034046318,28.58429152,100.0,1.0,3.0,1.0,4.194,1,52.46689409
39.0,6.46,2.1,2.62,7.910455466,304.0583051,100.0,2.0,2.0,1.0,8.344,1,37.43817526
27.0,15.54,7.3,3.21,6.517502160499999,391.122935,100.0,2.0,1.0,1.0,8.237,2,14.1288647
36.0,4.65,2.89,5.65,5.111840803,255.423735,100.0,3.0,6.0,0.0,5.79,1,47.20427295
37.0,9.735,3.68,4.53,6.179783612,332.8566597,100.0,2.0,1.0,1.0,5.186,1,57.63829592
15.0,7.38,5.02,7.4,7.545738828,49.17220275,100.0,0.0,6.0,1.0,2.73,2,76.09122993
31.0,12.96,6.88,0.2,7.866582707,573.3732587,81.77,2.0,2.0,1.0,9.82,2,-0.585201497
38.0,9.84,5.48,5.67,8.357011333,165.9822073,100.0,0.0,9.0,1.0,5.462,2,43.95536091
16.0,5.95,4.07,2.64,6.969436847,224.6416683,100.0,0.0,4.0,0.0,6.863,1,9.432912765
25.0,7.0,7.38,1.44,6.427596076,245.6331186,78.95,2.0,2.0,0.0,5.462,2,-11.97228522
23.0,3.51,2.82,4.08,3.672355428,269.8348815,100.0,3.0,2.0,0.0,5.531,1,33.62425386
21.0,11.33,6.29,4.04,5.328472756,0.491956402,94.89,2.0,2.0,1.0,4.933,2,-4.914305423
36.0,5.83,4.0,1.1,5.108532814,165.9822073,84.48,2.0,4.0,0.0,8.345,1,2.876164101
31.0,9.3,3.78,1.62,4.598429455,199.9332855,90.76,4.0,4.0,1.0,7.784,1,12.51097165
31.0,2.2,1.4,4.1412097370000005,6.126532545,226.0300138,100.0,0.0,3.0,0.0,5.462,0,54.48801442
16.0,4.05,3.6,3.27,6.263743721,272.0270686,99.72,2.0,4.0,0.0,6.904,1,18.21226112
27.0,6.87,4.2,2.54,7.16671807,90.48671353,100.0,1.0,4.0,1.0,5.053,1,19.6750314
28.0,10.78,9.23,1.19,7.089313517,171.8767524,64.13,2.0,3.0,1.0,8.833,2,5.692100573
20.0,7.27,3.96,0.03,6.641249955,273.0950635,88.18,1.0,3.0,1.0,9.046,1,36.179356595
16.0,11.3,10.16,7.76,6.38655953,185.0038456,91.68,1.0,5.0,1.0,7.082,1,17.99743636
15.0,6.84,4.43,7.55,4.994039336,51.21793537,100.0,4.0,7.0,1.0,2.295,1,78.18983104
27.0,6.9,2.24,3.87,8.954810492,283.425768,100.0,0.0,1.0,1.0,7.229,1,66.38204632
35.0,3.2,2.09,7.96,3.682513137,137.1530548,100.0,4.0,8.0,0.0,2.092,1,81.76011779
19.0,10.03,4.66,5.39,9.016156744,303.7603172,100.0,2.0,5.0,1.0,9.338,1,61.93716315
16.0,4.47,1.43,0.55,5.681889115,151.274093,100.0,4.0,1.0,0.0,5.19,0,11.85607801
27.0,11.0,8.72,0.94,7.143075613,138.2379691,75.48,2.0,3.0,1.0,7.758,2,-6.102950204
30.0,11.11,5.17,7.33,4.412322469,165.9822073,100.0,4.0,5.0,1.0,5.462,2,50.32980124
39.0,11.43,8.89,5.04,5.267006431,144.9115708,85.01,2.0,6.0,1.0,6.663,2,-0.339523278
16.0,7.2,3.41,6.75,5.837455971,241.2690906,100.0,2.0,6.0,1.0,6.875,1,65.78797086
24.0,8.77,3.65,7.19,8.266991389,189.7397633,100.0,0.0,9.0,1.0,5.908,1,36.179356595
16.0,9.79,8.66,3.58,6.138982997,210.5972617,78.35,2.0,4.0,1.0,8.041,2,-6.000468486
30.0,3.31,1.71,0.39,6.61956134,204.0248008,100.0,1.0,4.0,0.0,5.818,0,15.3127211
30.0,8.01,5.29,1.51,5.016671308,142.2593116,88.69,4.0,1.0,1.0,6.572,2,4.161521015
33.0,2.34,1.56,0.53,6.196649971,149.9234382,100.0,4.0,4.0,0.0,4.271,0,9.467479581
21.0,6.98,4.44,1.51,8.62631064,226.5235302,100.0,2.0,3.0,1.0,7.797,1,16.71536007
36.0,3.55,3.01,3.28,8.105015309,30.26800875,100.0,0.0,3.0,0.0,1.691,1,47.65870563
26.0,3.83,2.7,0.95,6.094413528,268.1604781,93.72,2.0,3.0,0.0,7.03,1,-0.777184104
38.0,5.65,3.06,1.33,5.369042493,91.65324613,100.0,4.0,2.0,0.0,4.706,1,8.203769919
29.0,6.32,5.17,3.57,5.390613913,233.6054291,93.9,2.0,2.0,1.0,6.469,2,20.00810826
22.0,8.23,3.36,2.72,7.975318611,127.2834528,100.0,1.0,1.0,1.0,5.739,1,20.43323857
20.0,2.74,1.72,3.74,5.274257973,211.4353381,100.0,4.0,3.0,0.0,4.488,0,35.42387319
24.0,7.04,6.13,3.43,7.214068046,34.94081652,100.0,0.0,2.0,1.0,2.911,2,23.38167343
17.0,3.83,2.59,5.16,5.771835123,262.1550284,100.0,4.0,6.0,0.0,5.687,1,45.81817791
33.0,7.74,6.12,7.5,9.466364605,116.2935168,100.0,1.0,7.0,1.0,3.82,2,87.42562758
27.0,12.555,5.79,0.86,5.664244689,169.777666,88.18,4.0,4.0,1.0,5.207,2,-6.781015667
21.0,7.57,6.08,0.79,5.446625762,24.47761007,100.0,3.0,2.0,1.0,3.988,2,-1.793859225
35.0,9.38,8.13,6.82,7.17544964,103.6542168,100.0,1.0,7.0,1.0,4.304,2,35.25809284
34.0,5.36,2.49,4.05,9.135428164,166.8653073,100.0,1.0,4.0,0.0,4.545,1,38.52921946
18.0,9.65,3.88,6.13,8.816313803,275.098505,100.0,2.0,9.0,1.0,8.926,1,36.179356595
28.0,6.33,3.74,1.72,6.934720732,172.7361436,100.0,0.0,4.0,1.0,6.549,1,11.23410265
34.0,6.84,4.93,6.63,7.758145469,140.3139993,100.0,2.0,7.0,1.0,4.211,1,59.25512853
36.0,8.48,3.7,7.39,5.991298068,262.2479752,100.0,0.0,5.0,1.0,7.643,1,62.83604099
29.0,2.18,0.66,5.08,8.124048282,195.466824,100.0,0.0,9.0,0.0,3.426,0,66.57755681
38.0,8.54,4.32,0.85,8.264652613,141.3833359,100.0,0.0,3.0,1.0,6.755,1,6.970581261
22.0,8.19,7.22,7.16,6.977301789,230.5131296,100.0,0.0,7.0,1.0,6.027,1,40.36520469
35.0,5.1,3.66,6.34,6.517502160499999,275.3796445,100.0,1.0,9.0,0.0,5.888,1,73.39782275
29.0,2.86,1.55,6.01,6.967620742,253.3504371,100.0,1.0,9.0,0.0,4.287,0,83.44979958
36.0,2.91,1.21,0.29,5.974211287,140.1548485,100.0,0.0,1.0,0.0,4.168,0,34.14182774
34.0,11.23,5.77,6.39,8.342340703,89.68518321,100.0,2.0,8.0,1.0,5.338,2,62.04938568
28.0,8.89,3.57,1.1,6.032015236,165.9822073,91.19,4.0,1.0,1.0,5.462,1,13.96937029
23.0,3.27,1.19,1.78,4.620652417,309.4821301,99.59,4.0,4.0,0.0,7.001,0,37.65054313
22.0,5.57,4.7,4.62,6.987899982,37.12002574,100.0,0.0,2.0,0.0,2.359,1,35.99132162
31.0,7.92,7.12,2.12,5.412949183,227.9452842,82.84,2.0,3.0,1.0,8.204,2,-2.47240591
16.0,10.36,4.13,5.29,6.577934159,190.4978618,100.0,1.0,7.0,1.0,7.433,1,46.41697823
39.0,2.44,0.81,4.86,8.806287325,253.839359,100.0,2.0,3.0,0.0,5.022,0,60.47827831
38.0,4.37,2.18,4.1412097370000005,7.404985106,189.0163546,100.0,0.0,2.0,0.0,5.462,1,6.68378437
17.0,10.9,6.29,5.25,8.511761013,53.16695471,100.0,1.0,9.0,1.0,4.655,2,37.45627666
22.0,2.09,0.88,7.39,4.734710669,89.43983011,100.0,4.0,5.0,0.0,0.828,0,86.72869964
26.0,4.01,1.93,4.1412097370000005,8.401907951,165.9822073,100.0,0.0,4.0,0.0,6.698,0,23.67805746
15.0,11.59,4.87,4.78,6.847510684,245.10434,100.0,1.0,2.0,1.0,9.161,1,36.17164671
24.0,8.13,6.22,2.73,5.149884223,183.3786461,77.44,4.0,4.0,1.0,7.026,2,5.711884252
34.0,4.62,3.36,3.68,6.598391753,55.09603349,100.0,2.0,2.0,0.0,2.506,1,37.26999786
17.0,2.67,1.82,2.3,8.750301028,74.71672796,100.0,1.0,2.0,0.0,2.225,0,55.6095542
20.0,2.28,1.21,2.83,4.653559433,165.9822073,100.0,3.0,4.0,1.0,2.591,0,31.16501297
21.0,4.45,3.76,0.23,6.767127566,271.3304866,93.46,2.0,1.0,0.0,7.916,1,-10.23814563
34.0,16.215,9.53,7.85,8.764354203,61.33886031,100.0,0.0,7.0,1.0,4.05,2,38.95684262
27.0,6.16,2.49,5.0,4.520971757,128.3618132,100.0,2.0,1.0,1.0,4.28,1,35.68023211
39.0,9.2,3.99,4.01,6.896858159,75.39124813,100.0,1.0,2.0,1.0,5.017,1,36.179356595
32.0,11.18,6.88,3.07,6.262616102,171.6720114,93.23,1.0,3.0,1.0,7.969,2,-0.431034662
25.0,6.08,2.16,4.31,6.517502160499999,70.39604819,100.0,2.0,4.0,1.0,3.187,1,36.61875208
33.0,5.865,2.2,3.04,7.286446727,97.77869067,100.0,2.0,2.0,0.0,2.443,1,37.52542182
19.0,7.17,4.65,4.1412097370000005,3.974404004,204.1254751,94.04,2.0,1.0,1.0,6.481,1,-2.439968712
33.0,11.08,6.79,3.71,8.088163302,239.6514371,90.03,0.0,3.0,1.0,8.707,2,18.56735418
25.0,10.04,5.01,2.21,3.914615971,105.5229876,96.03,3.0,1.0,1.0,6.397,2,-2.787355667
27.0,2.66,1.66,1.44,5.220732359,154.1009307,100.0,3.0,1.0,0.0,3.958,0,12.54495401
26.0,7.0,7.82,4.45,6.551268269,276.6826478,84.47,2.0,1.0,1.0,8.87,2,19.74879387
24.0,7.72,3.27,6.74,6.262539242,89.5118619,100.0,2.0,9.0,1.0,3.838,1,75.46950884
22.0,11.07,7.67,1.22,5.086635437,238.3849849,66.34,4.0,2.0,1.0,9.929,2,-0.963629214
38.0,3.22,1.05,0.26,7.70139222,28.8992224,100.0,2.0,4.0,0.0,1.952,0,60.03037314
23.0,7.34,2.49,1.97,8.653466389,273.5066418,100.0,2.0,2.0,1.0,8.479,1,35.54385172
18.0,16.185,6.81,7.84,8.365903389,522.7483863,100.0,0.0,9.0,1.0,8.143,2,65.16448615
19.0,6.1,2.21,6.63,6.533494793,168.8908535,100.0,2.0,9.0,1.0,4.561,1,70.05829806
35.0,6.82,2.14,4.77,7.740819556,55.97199662,100.0,2.0,3.0,1.0,3.099,1,37.20405101
22.0,2.7,1.09,7.43,8.875231813,277.9283565,100.0,1.0,5.0,0.0,4.081,0,98.78157879
37.0,4.78,3.05,3.56,6.517502160499999,172.5788728,100.0,1.0,2.0,0.0,4.602,1,45.53777312
23.0,5.25,3.79,7.87,5.767189188,86.98938152,100.0,2.0,6.0,0.0,1.764,1,80.21455042
29.0,11.45,4.83,2.37,4.311075114,135.0900671,95.72,2.0,2.0,1.0,7.814,1,4.141799295
29.0,4.83,3.39,1.92,6.517502160499999,225.2279641,96.66,0.0,2.0,0.0,6.439,1,54.26019625
30.0,6.61,2.71,5.1,9.257223558,296.9049586,100.0,1.0,9.0,1.0,7.355,1,52.95624562
28.0,8.71,5.82,3.03,7.067370807,92.89177478,92.71,1.0,1.0,1.0,5.886,2,19.80378429
22.0,3.62,1.98,5.01,7.458927095,248.1645236,100.0,1.0,5.0,0.0,5.387,0,65.87262282
32.0,6.86,4.75,2.44,4.056386666,75.83134558,94.54,3.0,3.0,1.0,5.462,1,27.4031526
24.0,9.39,8.42,4.94,4.541287318,119.5838146,89.73,4.0,2.0,1.0,5.753,2,-3.905999536
34.0,10.67,3.771381605,2.21,7.096716653,222.7954035,65.38,1.0,1.0,1.0,9.532,2,-14.14710565
20.0,8.26,2.5,0.41,7.881824919,184.3099903,100.0,1.0,4.0,1.0,8.067,1,39.25138202
26.0,8.69,7.22,7.3,5.652915332,174.9321735,99.52,2.0,8.0,1.0,5.635,2,33.12181651
16.0,3.26,1.11,7.07,8.17946443,45.75425683,100.0,0.0,7.0,0.0,0.529,0,95.28157545
21.0,11.46,9.99,7.77,4.056292059,262.4022628,73.55,4.0,7.0,1.0,8.459,2,7.788102672
30.0,3.33,1.56,5.73,7.410412535,268.6607453,100.0,0.0,7.0,0.0,5.326,0,71.41796193
17.0,9.75,5.16,5.46,7.118907514,67.85074868,100.0,2.0,8.0,1.0,4.777,2,28.6563981
27.0,4.65,1.65,4.47,7.676231838,182.9338039,100.0,0.0,3.0,0.0,4.624,0,68.57877487
17.0,11.34,4.17,1.01,6.517502160499999,27.95127367,96.8,3.0,2.0,1.0,6.087,1,5.243218432
32.0,9.2,6.77,1.51,5.821975142,262.4055378,73.47,3.0,2.0,1.0,9.607,2,7.57210175
25.0,9.54,8.27,2.32,4.949903563,176.0659968,73.26,4.0,1.0,1.0,7.374,2,-1.814867956
22.0,4.19,2.79,7.12,8.942538931,252.3452405,100.0,2.0,5.0,0.0,4.919,1,95.02968739
20.0,6.43,4.69,1.38,5.083588289,275.9972162,83.02,4.0,2.0,1.0,7.981,1,-6.684744365
15.0,8.18,6.19,7.38,4.534103161,38.65117223,100.0,2.0,5.0,1.0,2.576,2,39.47414581
15.0,9.7,4.44,4.18,6.713678885,89.45061657,100.0,2.0,2.0,1.0,5.476,1,30.64708013
37.0,7.0,0.99,5.72,6.827464021,280.392823,100.0,2.0,5.0,0.0,5.462,0,63.97619697
22.0,17.43,3.5,0.88,8.151053106,45.24944531,100.0,2.0,2.0,1.0,6.006,1,11.90453732
19.0,10.9,5.56,2.15,8.085551632,299.1410691,97.24,1.0,2.0,1.0,10.205,2,15.06442726
30.0,4.7,2.09,7.67,6.303601159,109.9966985,100.0,0.0,5.0,0.0,2.129,1,96.51050771
25.0,10.23,3.45,2.13,8.739742351,78.28337343,100.0,2.0,4.0,1.0,6.116,1,36.179356595
19.0,10.77,2.93,2.37,7.82028213,240.2664058,100.0,1.0,2.0,1.0,5.259,1,56.2360858
18.0,6.62,2.48,1.58,4.848773966,289.4417483,100.0,2.0,2.0,1.0,8.076,1,36.179356595
20.0,5.14,4.36,1.03,8.824251446,191.4885439,98.59,2.0,2.0,0.0,5.881,1,24.60435695
28.0,7.81,3.0,1.87,7.442472807,196.8286084,100.0,2.0,3.0,1.0,7.284,1,33.91656891
36.0,9.3,5.79,5.14,6.023592061,278.4179666,97.27,2.0,7.0,1.0,8.528,2,41.9141628
33.0,6.11,4.01,3.64,7.764436601,39.48022452,100.0,1.0,2.0,1.0,3.183,1,23.16957817
23.0,8.29,5.19,4.43,6.359355878,271.9210024,94.12,1.0,2.0,1.0,8.036,2,31.22006543
26.0,8.99,3.23,0.98,5.193076823,91.16871042,100.0,3.0,2.0,1.0,6.401,1,9.419273268
25.0,13.665,4.48,6.42,7.824366546,111.717151,100.0,1.0,5.0,1.0,3.569,1,84.41613369
28.0,2.52,0.83,6.27,6.885291014,171.8326873,100.0,2.0,6.0,0.0,2.859,0,86.57891101
37.0,10.6,5.7,0.17,7.30695328,140.5020936,79.62,0.0,4.0,1.0,5.462,2,6.566677218
30.0,6.58,2.72,3.07,5.012914999,229.3002081,100.0,2.0,4.0,1.0,7.149,1,22.70602345
15.0,4.62,2.94,0.55,8.641915193,266.081873,98.77,1.0,4.0,0.0,7.805,1,15.18656537
27.0,4.42,3.16,6.34,4.015315952,148.7887046,100.0,2.0,8.0,0.0,3.108,1,56.81850356
37.0,6.83,4.23,5.9,5.891635627,77.36554481,100.0,2.0,7.0,1.0,2.945,1,51.3647321
35.0,7.0,6.09,7.22,4.902899925,271.5209522,100.0,4.0,7.0,0.0,5.462,2,42.52568647
35.0,5.78,3.08,1.89,4.034534284,120.3472478,99.31,2.0,1.0,0.0,5.003,1,14.92200621
27.0,9.5,7.65,3.65,6.422639787,193.2811037,85.83,0.0,3.0,1.0,7.395,2,5.573548237
16.0,2.97,1.28,1.48,6.299763035,247.9699935,100.0,2.0,4.0,0.0,6.341,0,52.3790894
18.0,6.76,5.01,2.97,6.517502160499999,317.8558595,84.65,0.0,4.0,1.0,8.469,2,21.42787364
20.0,11.92,8.99,4.18,8.266076003,248.7222924,83.92,1.0,4.0,1.0,9.766,2,10.81095416
37.0,9.7,5.35,0.43,8.112199902,20.59253886,96.26,1.0,3.0,1.0,5.541,2,9.871243765
19.0,4.11,1.97,4.1412097370000005,5.907085852,221.7934926,100.0,1.0,9.0,0.0,4.759,0,66.26345406
39.0,7.01,4.08,4.35,7.414359469,98.02758239,100.0,1.0,4.0,1.0,3.94,1,48.39826202
17.0,6.51,1.54,6.63,8.579786257,307.7068995,100.0,1.0,9.0,0.0,3.281,0,36.179356595
15.0,6.1,2.0,2.17,7.040699258,249.745433,98.68,0.0,2.0,1.0,7.399,1,47.64799677
18.0,9.8,3.6,7.23,7.578823068,86.60780459,100.0,1.0,6.0,1.0,4.271,1,85.01688907
39.0,9.71,4.0,7.99,6.268013703,19.55510788,100.0,2.0,9.0,1.0,3.138,1,82.87763576
34.0,4.28,2.58,7.35,5.789720698,269.9382496,100.0,4.0,7.0,0.0,5.595,1,84.01115185
27.0,11.22,9.08,6.22,6.469844877,199.7694885,86.93,0.0,6.0,1.0,7.524,2,24.40265731
19.0,7.93,3.5,6.5,7.230761469,179.9470132,100.0,1.0,6.0,1.0,5.775,1,74.17018588
17.0,5.8,4.99,4.59,7.865220883,53.6353052,100.0,1.0,1.0,0.0,2.863,1,64.95438449
23.0,7.02,6.13,1.52,6.539307776,102.1480452,82.26,3.0,4.0,1.0,5.354,2,12.0040583
34.0,8.05,7.05,5.42,6.362922553,45.00957168,100.0,2.0,9.0,1.0,3.659,2,29.11326421
20.0,7.0,6.1,5.7,8.821522217,276.3704557,100.0,2.0,7.0,1.0,5.462,2,61.33286567
32.0,6.86,3.56,7.88,8.714530945,87.81137684,100.0,2.0,4.0,1.0,2.846,1,96.52484136
20.0,7.05,2.42,4.33,5.985708745,287.6516805,97.74,2.0,1.0,1.0,7.666,1,47.39400799
33.0,3.76,2.41,2.17,4.667228798,91.2222483,100.0,2.0,4.0,0.0,2.929,1,34.01205867
26.0,10.13,6.43,5.47,7.339022841,34.46850299,100.0,1.0,6.0,1.0,4.424,2,41.99056923
39.0,7.42,6.01,7.84,5.464621779,258.612762,100.0,1.0,5.0,1.0,6.018,2,52.71343737
25.0,3.31,2.97,1.42,4.10179679,188.195183,89.87,4.0,2.0,0.0,5.229,1,9.202673215
16.0,9.66,5.84,4.1412097370000005,5.825806826,231.5058089,93.58,3.0,3.0,1.0,8.467,2,0.713571936
29.0,11.32,5.74,4.34,7.982677368,76.17032707,100.0,1.0,1.0,1.0,6.098,2,37.88425001
27.0,11.47,4.72,1.36,8.185453183,28.31950168,95.0,2.0,3.0,1.0,6.207,1,0.209812839
26.0,5.69,1.72,0.18,6.876322251,270.2450545,100.0,0.0,3.0,0.0,8.131,0,22.61339602
23.0,3.36,2.03,2.7,6.452464908,196.8191723,100.0,0.0,3.0,0.0,4.45,1,45.19932002
35.0,7.18,4.55,6.92,7.388239783,296.0987404,100.0,0.0,6.0,1.0,7.494,1,75.49189068
38.0,3.13,2.49,0.35,5.40388163,286.9565953,87.66,3.0,1.0,0.0,6.98,1,3.919130751
16.0,11.34,6.84,3.43,6.837591859,139.0444051,84.2,1.0,1.0,1.0,5.462,2,37.52112876
36.0,3.84,3.26,6.1,4.148680736,36.08862136,100.0,4.0,8.0,0.0,1.41,1,39.26507514
17.0,4.53,3.771381605,7.63,6.353638377,182.2495107,100.0,0.0,7.0,0.0,3.936,1,80.0486301
26.0,6.07,4.88,7.88,5.665024539,54.45191117,100.0,4.0,8.0,1.0,1.771,1,88.44949511
30.0,5.83,2.27,3.38,6.878625357,221.306363,100.0,1.0,4.0,0.0,6.241,1,50.35575706
35.0,9.95,8.09,7.6,7.453371713,63.72960401,100.0,1.0,8.0,1.0,3.915,2,39.66307069
38.0,6.56,4.63,0.28,6.402349172,102.9454032,93.64,4.0,1.0,1.0,5.376,1,-0.151388582
15.0,5.565,1.49,5.97,3.742592502,178.8200615,100.0,2.0,6.0,0.0,1.804,0,46.30921324
27.0,4.67,1.93,5.14,4.995930535,117.3258988,100.0,3.0,9.0,0.0,2.573,0,61.92674816
27.0,7.09,6.07,2.0,7.292496495,148.0940286,82.67,2.0,2.0,1.0,5.525,2,11.32784999
34.0,3.47,1.11,4.06,4.30843589,47.33598493,100.0,4.0,4.0,0.0,1.337,0,60.70970151
16.0,8.12,4.69,1.04,3.863681724,297.2734964,85.17,2.0,2.0,1.0,9.668,1,-1.978719096
23.0,7.0,3.74,6.97,6.91626221,231.7309562,100.0,2.0,6.0,1.0,6.019,1,73.46086986
33.0,9.15,6.4,2.86,7.885237852,78.38118629,100.0,2.0,2.0,1.0,4.997,2,10.54560929
29.0,11.38,9.15,5.01,5.255730802,114.9114447,82.1,2.0,5.0,1.0,6.787,2,13.84797082
32.0,11.12,5.74,1.27,6.622463051,219.5643936,86.1,0.0,1.0,1.0,9.739,2,1.149973018
25.0,11.46,6.37,1.65,8.492856196,265.4026145,92.54,0.0,3.0,1.0,10.215,2,4.991667285
39.0,4.45,3.96,7.94,8.683201226,198.6018433,100.0,2.0,7.0,0.0,3.783,1,95.1273975
37.0,3.32,2.56,6.02,5.297668491,267.1200985,100.0,3.0,8.0,0.0,5.234,1,55.3771297
30.0,5.02,4.21,7.7,8.197401704,41.09626084,100.0,0.0,5.0,0.0,0.8,1,94.61534031
36.0,10.95,6.17,2.37,6.432419969,282.9035555,95.07,1.0,3.0,1.0,10.184,1,7.468436832
31.0,11.72,5.16,4.1412097370000005,8.608964396,240.3947519,94.99,1.0,2.0,1.0,10.544,2,18.8374457
19.0,10.59,5.79,4.02,6.477016459,141.6774494,100.0,1.0,3.0,1.0,7.189,2,34.11534342
26.0,3.1,2.26,3.96,7.711763134,284.6150706,100.0,0.0,2.0,0.0,5.822,1,46.44964827
25.0,11.47,4.19,1.4,8.513826079,67.09986348,100.0,2.0,3.0,1.0,6.775,1,26.56883789
29.0,6.23,2.88,5.87,5.996037964,145.8441453,100.0,2.0,9.0,1.0,4.314,1,58.45376027
17.0,7.0,0.69,2.89,7.510683478,250.6697621,100.0,1.0,3.0,0.0,5.462,0,53.2194565
15.0,7.0,3.59,1.49,4.458070879,34.15457003,99.89,4.0,2.0,1.0,5.462,1,7.062349936
34.0,2.46,1.96,2.66,4.045481521,102.89919,100.0,3.0,2.0,0.0,2.812,0,24.21577748
30.0,7.44,2.34,4.51,6.517502160499999,78.87348405,100.0,0.0,3.0,1.0,3.887,1,56.53827465
16.0,5.39,3.8,5.81,9.208489721,243.836507,100.0,1.0,6.0,0.0,5.852,1,58.18032144
16.0,6.73,5.78,3.86,6.349994223,160.7565226,100.0,0.0,3.0,1.0,5.407,2,25.61606507
17.0,8.13,3.59,4.2,7.674100623,152.6943534,100.0,2.0,2.0,1.0,5.685,1,45.72552301
22.0,10.69,7.66,1.11,6.96055575,66.35043348,84.12,1.0,1.0,1.0,6.432,2,-4.374543176
38.0,8.62,7.63,7.32,4.296603427,178.5955361,92.88,2.0,8.0,1.0,5.174,2,36.69357024
29.0,6.34,5.56,7.43,5.803256079,184.3667139,100.0,2.0,8.0,1.0,4.381,2,58.44877237
21.0,10.19,4.49,5.47,7.16307992,200.0664143,100.0,0.0,5.0,1.0,7.554,1,53.8524944
20.0,11.06,3.98,0.14,8.378205111,251.5391185,100.0,0.0,2.0,1.0,10.648,1,8.997364854
23.0,3.2,1.24,4.3,5.103466905,210.0710603,100.0,4.0,1.0,0.0,4.35,0,44.57180399
34.0,7.32,5.28,4.1412097370000005,6.264938131,20.42737467,100.0,1.0,4.0,1.0,5.462,2,36.179356595
15.0,4.85,3.57,7.96,4.549490535,211.3332583,100.0,3.0,9.0,0.0,4.337,1,68.10754246
22.0,2.47,1.74,7.97,5.740013087,185.4171685,100.0,4.0,5.0,0.0,2.544,0,86.29188082
37.0,8.69,4.36,6.86,6.086845044,163.2123925,100.0,2.0,8.0,1.0,5.487,1,89.14958028
37.0,10.63,4.27,0.51,7.001737412,139.1865757,90.82,1.0,4.0,1.0,5.462,1,15.21985584
17.0,7.0,2.35,7.63,5.183823405,288.8588624,100.0,2.0,4.0,0.0,5.126,1,74.1708357
18.0,10.12,5.97,4.9,4.760890797,235.4320282,95.94,3.0,2.0,1.0,7.73,2,26.31940257
39.0,10.53,7.76,6.41,7.773812503,276.7638176,87.91,0.0,9.0,1.0,9.182,2,48.95571978
29.0,11.14,6.29,3.26,8.884055781,202.3142534,100.0,2.0,1.0,1.0,8.672,2,23.1537495
20.0,4.65,2.34,2.56,5.555757216,96.11977119,100.0,4.0,3.0,0.0,3.777,1,17.72341732
29.0,11.04,5.26,3.71,7.873346381,209.9087177,99.91,2.0,2.0,1.0,8.667,2,29.71932243
35.0,5.21,2.22,1.17,6.03680946,57.8114626,100.0,2.0,2.0,0.0,3.574,1,13.36587094
17.0,7.52,3.46,2.86,8.353508762,162.0274868,100.0,0.0,1.0,1.0,6.162,1,39.9886614
39.0,2.51,0.9,6.86,7.780022781,165.9822073,100.0,0.0,9.0,1.0,5.462,0,87.42876724
35.0,2.44,1.24,0.3,7.513242404,127.3785303,100.0,2.0,2.0,0.0,3.91,0,9.798533095
35.0,9.2,2.96,1.21,6.517502160499999,149.4261762,89.1,2.0,4.0,1.0,7.297,1,0.989252481
28.0,6.44,2.65,1.0,7.0112084,227.3262782,100.0,1.0,3.0,1.0,7.24,1,26.45506052
34.0,4.56,3.41,3.22,6.874693006,48.20009136,100.0,0.0,4.0,0.0,2.434,1,43.31134124
28.0,3.9,1.93,7.98,5.777079829,224.8065133,100.0,3.0,9.0,0.0,3.676,0,101.8757536
18.0,8.7,6.1,1.39,5.492589129,236.5070058,79.58,2.0,4.0,1.0,8.573,1,-2.9860847
26.0,2.0,1.46,1.16,7.593841654,150.550987,100.0,2.0,2.0,0.0,3.232,0,18.30082071
31.0,10.06,3.771381605,7.32,7.492720973,208.0133782,100.0,2.0,9.0,1.0,6.954,2,60.82533362
21.0,2.79,2.44,7.06,4.063796666,106.5619414,100.0,4.0,9.0,0.0,1.217,1,49.10649396
23.0,3.91,1.22,0.26,6.601633318,160.538989,100.0,1.0,3.0,0.0,4.757,0,4.164827178
17.0,5.86,4.36,6.01,5.186344612,17.7092186,100.0,2.0,6.0,0.0,1.547,1,52.05032163
27.0,7.0,6.0,5.24,4.583655431,94.89154431,98.28,4.0,6.0,0.0,5.462,2,15.38969804
29.0,5.55,4.54,6.14,6.7382704,165.9822073,100.0,0.0,6.0,0.0,5.553,1,49.74505051
32.0,5.21,2.09,3.96,5.83656516,21.83060827,100.0,3.0,3.0,0.0,1.957,1,55.29116533
33.0,11.64,5.77,7.93,6.478838808,177.1189694,100.0,2.0,6.0,1.0,7.501,2,61.80341602
15.0,8.42,3.771381605,0.35,6.517502160499999,189.6489195,93.64,1.0,4.0,1.0,7.765,1,7.893052731
20.0,2.23,1.47,1.87,7.188973786,290.5113835,100.0,2.0,3.0,0.0,6.314,0,24.83722804
37.0,6.3,4.58,4.1412097370000005,6.958707125,105.3626366,100.0,2.0,3.0,1.0,5.462,1,24.09943675
16.0,10.75,5.27,3.6,9.384927379,284.827709,100.0,2.0,1.0,1.0,9.915,2,26.1001773
38.0,5.01,3.12,7.37,5.542194112,293.0282817,100.0,4.0,6.0,0.0,6.174,1,60.4389123
28.0,2.95,2.11,4.48,8.301373414,137.7618162,100.0,1.0,1.0,0.0,2.611,1,65.93729716
20.0,9.58,5.3,0.36,5.344825152,69.50636085,88.59,4.0,1.0,1.0,5.622,2,36.179356595
28.0,8.06,6.55,3.26,6.882956502,50.16112841,99.51,0.0,4.0,1.0,4.372,2,10.38010737
18.0,7.7,5.87,3.33,6.238270237,65.4222934,95.46,2.0,2.0,1.0,4.331,2,14.14793336
35.0,2.54,0.86,7.72,5.357298424,104.3046924,100.0,2.0,7.0,0.0,0.914,0,92.99814895
22.0,3.4,2.29,4.79,6.070086588,4.093692493,100.0,0.0,4.0,0.0,0.663,1,63.80997769
17.0,8.23,3.63,5.09,5.625986834,184.3046703,100.0,3.0,6.0,1.0,6.328,1,56.3235055
33.0,4.08,2.59,5.71,3.449029496,40.92358282,100.0,3.0,9.0,0.0,1.167,1,49.53355342
28.0,7.04,6.15,6.16,4.883776287,271.8140246,92.31,2.0,5.0,1.0,6.612,2,20.7987259
34.0,7.45,6.16,5.08,7.160201947,272.200554,95.91,2.0,5.0,1.0,7.781,2,26.00059956
31.0,4.84,2.63,1.9,7.437856994,272.6068925,100.0,1.0,2.0,0.0,7.51,1,40.65018128
39.0,11.48,5.45,6.99,5.898173224,174.7385984,100.0,2.0,9.0,1.0,7.303,2,55.50797285
22.0,15.63,4.59,5.86,5.925528138,79.0735087,100.0,2.0,5.0,1.0,4.032,1,69.17526042
38.0,9.22,5.71,5.93,4.40327403,165.9822073,100.0,4.0,7.0,1.0,5.531,1,2.587337548
28.0,2.78,1.02,7.97,5.684796287,145.0497636,100.0,3.0,9.0,0.0,2.539,0,81.60782644
20.0,3.06,1.93,6.42,7.722215581,287.8557571,100.0,2.0,7.0,0.0,5.424,0,83.52603227
37.0,6.93,2.08,6.63,7.402199647,162.1781643,100.0,1.0,9.0,1.0,5.016,1,109.5849279
36.0,3.61,1.78,7.61,5.346642722,222.7023097,100.0,2.0,5.0,0.0,3.942,0,75.65067576
30.0,11.78,5.09,1.21,4.656217119,147.9177797,86.62,2.0,3.0,1.0,8.327,2,7.246667244
39.0,3.59,3.17,3.98,6.517502160499999,167.8750934,100.0,2.0,3.0,0.0,3.761,1,36.1292109
33.0,6.87,5.06,4.64,4.961327376,160.2986479,92.4,2.0,4.0,1.0,5.663,2,33.4175693
28.0,5.64,2.88,2.63,5.611356779,234.0236244,100.0,3.0,2.0,0.0,6.571,1,23.29719333
33.0,8.39,2.98,6.72,7.498875221,72.14439023,100.0,2.0,5.0,1.0,3.659,1,76.9342435
17.0,3.29,2.01,6.1,6.869952671,257.6296858,100.0,2.0,7.0,0.0,5.395,1,81.02255485
24.0,6.3,2.7,5.77,5.762941917,68.10747365,100.0,2.0,7.0,1.0,2.679,1,60.17906186
33.0,4.75,2.95,7.98,6.517502160499999,195.1479562,100.0,2.0,8.0,0.0,3.541,1,84.69713424
23.0,10.88,8.72,2.08,6.517502160499999,109.5971698,75.59,1.0,3.0,1.0,7.156,2,6.390268083
34.0,2.41,1.61,5.88,8.046503998,165.9822073,100.0,0.0,8.0,0.0,5.462,0,66.55595528
27.0,11.14,7.58,4.41,4.97937472,226.2970955,100.0,3.0,4.0,1.0,8.587,2,4.753766218
21.0,10.33,6.45,2.5,6.517502160499999,124.3895899,90.43,0.0,4.0,1.0,6.735,2,5.10779299
28.0,4.98,4.26,1.28,8.07639593,271.4970552,94.57,2.0,1.0,0.0,7.266,1,21.30084861
23.0,9.89,8.5,7.17,6.152168514,45.03525511,100.0,1.0,5.0,1.0,3.414,2,39.04704638
37.0,2.31,1.4,4.76,7.960384332,85.05288198,100.0,1.0,3.0,0.0,1.007,0,66.79494583
39.0,11.67,5.64,6.6,8.03465657,8.656660212,100.0,0.0,6.0,1.0,4.415,2,78.5615519
33.0,7.27,4.19,4.36,4.52236244,9.217675924,100.0,2.0,3.0,1.0,2.727,1,28.96802579
29.0,5.03,2.07,1.76,7.525835892,245.461837,100.0,2.0,4.0,0.0,6.567,1,53.12731935
34.0,5.63,3.84,2.7,9.279890187,165.9822073,100.0,1.0,4.0,0.0,3.465,1,40.80935782
28.0,2.66,1.6,3.05,7.229198703,138.3943295,100.0,0.0,4.0,0.0,2.875,0,32.46454481
38.0,11.89,4.3,7.78,4.986407772,165.1697511,100.0,4.0,9.0,1.0,7.031,1,36.179356595
20.0,2.39,1.0,0.05,4.390590459,2.270675928,100.0,2.0,3.0,0.0,1.76,0,0.02084335
35.0,8.55,5.03,7.89,4.596083749,55.4643394,100.0,3.0,4.0,1.0,3.088,2,66.26906543
18.0,6.43,5.35,7.84,4.272569993,48.80936203,100.0,4.0,8.0,1.0,2.123,2,48.0441229
22.0,11.49,7.35,7.97,6.376132449,280.2819463,100.0,0.0,6.0,1.0,9.094,2,57.41106037
31.0,4.46,3.16,3.81,4.707743397,280.4753597,96.48,4.0,1.0,0.0,7.027,1,48.88526221
23.0,7.32,3.771381605,7.71,5.06715603,159.6535969,100.0,4.0,8.0,1.0,4.827,1,51.78581147
15.0,6.82,4.38,3.16,6.216146999,120.2027737,100.0,0.0,3.0,1.0,4.482,1,19.66229199
38.0,9.03,5.13,0.21,6.862859734,220.0821665,91.67,2.0,4.0,1.0,8.772,1,2.586216791
34.0,2.68,1.86,1.79,6.517502160499999,45.71436325,100.0,2.0,2.0,0.0,2.223,0,42.73270291
39.0,3.94,1.3,7.56,7.365142155,255.1931947,100.0,0.0,7.0,0.0,4.542,0,36.179356595
28.0,4.15,2.47,0.11,4.421762448,91.80244821,100.0,3.0,1.0,0.0,3.602,1,4.424263851
25.0,9.38,4.48,4.37,4.707690405,275.0964592,100.0,2.0,2.0,1.0,9.279,1,28.86047281
35.0,3.89,1.93,0.6,4.064837183,283.6660746,92.73,2.0,3.0,0.0,7.665,0,5.487365513
17.0,7.73,6.78,2.29,5.589154067,155.2683539,100.0,2.0,1.0,1.0,5.758,2,-0.701022707
23.0,4.15,1.7,0.7,4.320687809,40.9833766,100.0,4.0,4.0,0.0,2.845,0,27.6785886
28.0,10.62,5.17,6.88,7.17115233,128.2730851,100.0,0.0,7.0,1.0,5.766,2,56.44184907
27.0,11.42,6.92,4.73,5.340379558,136.3576307,92.97,4.0,2.0,1.0,6.571,2,23.6145306
18.0,7.18,5.87,7.22,8.328734448,241.0188504,100.0,2.0,6.0,1.0,5.944,2,36.179356595
18.0,5.52,3.04,5.51,6.59549484,207.9198261,100.0,2.0,7.0,0.0,4.927,1,52.67091684
22.0,7.0,3.24,7.77,6.517502160499999,109.1419236,100.0,1.0,6.0,0.0,5.462,1,60.97572256
16.0,2.5,2.03,4.08,7.624945066,240.3626261,100.0,2.0,4.0,0.0,5.406,1,72.73644824
27.0,4.69,2.28,5.11,8.111448038,239.4818089,100.0,1.0,8.0,0.0,5.552,1,34.79056021
28.0,8.54,4.57,4.1412097370000005,6.726048292,57.76642152,100.0,1.0,2.0,1.0,4.407,1,45.32795741
27.0,7.34,3.77,3.87,8.54069028,196.2179102,100.0,0.0,1.0,1.0,5.829,1,50.8329946
23.0,11.44,9.15,6.77,6.250355816,259.1366977,82.25,0.0,7.0,1.0,8.749,2,21.91165982
38.0,5.96,3.771381605,5.16,8.282982036,10.07913964,100.0,1.0,6.0,0.0,5.462,0,70.51166713
37.0,13.41,4.34,6.41,6.110146216,435.824419,100.0,3.0,6.0,1.0,6.867,1,43.08126123
30.0,6.89,4.88,6.29,8.230942722,216.2994144,100.0,0.0,4.0,1.0,5.718,1,54.00762264
31.0,7.13,4.56,1.53,4.592915771,131.9815373,91.67,4.0,4.0,1.0,6.126,1,-8.065657132
30.0,7.02,2.63,5.2,5.610444892,516.4956156,100.0,4.0,9.0,0.0,6.12,1,39.38217652
26.0,6.55,4.09,1.6,6.541067595,152.1455346,100.0,0.0,1.0,1.0,6.175,1,15.75986829
17.0,6.71,2.81,4.67,5.497546976,200.664697,100.0,3.0,2.0,1.0,6.374,1,59.80512187
25.0,9.07,5.06,5.42,4.83830193,237.7437422,100.0,2.0,5.0,1.0,7.549,2,34.70443111
28.0,11.41,6.86,7.98,5.78453301,222.9496306,100.0,4.0,8.0,1.0,8.031,2,50.12688875
32.0,5.29,4.45,0.24,6.627847197,36.80610176,99.31,2.0,4.0,0.0,3.073,1,7.268230655
35.0,2.42,1.1,4.1412097370000005,7.9095825,177.0487019,100.0,1.0,4.0,0.0,4.531,0,27.51746133
35.0,6.96,5.71,0.62,7.166852435,102.4469553,82.91,0.0,3.0,1.0,5.174,2,7.701134508
19.0,7.44,5.11,3.19,8.57213829,165.9822073,93.14,1.0,3.0,1.0,8.163,2,14.18884904
30.0,3.68,1.15,6.57,6.785013158,58.66394885,100.0,1.0,4.0,0.0,1.169,0,95.17458244
34.0,9.6,7.05,6.75,4.925255494,256.0904261,100.0,3.0,7.0,1.0,7.735,2,36.179356595
19.0,11.85,3.81,5.9,3.804034853,176.2353923,100.0,2.0,9.0,1.0,8.175,1,51.63087412
17.0,11.46,10.3,7.18,6.854132194,165.9822073,89.83,2.0,8.0,1.0,5.462,2,9.95328146
26.0,3.97,3.27,2.58,5.672331589,159.1421357,100.0,4.0,2.0,0.0,4.491,1,31.04952793
15.0,7.0,5.14,0.71,5.715879208,65.59198335,92.44,2.0,3.0,1.0,6.542,2,11.26615905
35.0,9.04,4.11,0.47,6.146605501,104.7345384,94.84,0.0,3.0,1.0,5.462,1,14.39721442
23.0,6.54,3.46,6.82,7.971814601,234.1532847,100.0,2.0,7.0,1.0,6.004,1,75.37681059
27.0,7.41,3.81,4.1412097370000005,5.974328242,169.2847786,100.0,2.0,2.0,1.0,5.462,1,31.13848258
18.0,10.5,5.5,4.1412097370000005,8.17374394,35.31361045,100.0,2.0,6.0,1.0,4.233,2,53.25510818
17.0,6.8,3.34,2.72,8.009611036,21.25659343,100.0,2.0,3.0,1.0,3.224,1,54.19374061
31.0,5.73,3.85,3.04,7.305102959,263.4452384,96.91,2.0,2.0,0.0,7.333,1,32.81974951
16.0,6.93,2.76,7.66,8.487967636,198.1035378,100.0,0.0,9.0,1.0,4.987,1,91.48405746
38.0,7.79,6.29,0.51,5.566081609,131.9632627,80.54,3.0,3.0,1.0,6.242,2,-10.05963663
15.0,5.835,3.06,6.19,6.777483915,374.8879101,100.0,0.0,6.0,0.0,4.248,1,76.22439028
22.0,11.01,6.45,4.1412097370000005,8.301185786,9.708890373,100.0,1.0,2.0,1.0,5.462,2,5.488136392
27.0,8.74,7.09,0.31,7.083631374,61.86256387,90.93,0.0,3.0,1.0,5.657,2,1.206580261
37.0,8.33,3.73,5.94,7.999339928,251.469822,100.0,0.0,6.0,1.0,7.743,1,48.67329018
29.0,2.99,0.93,2.65,6.070795682,245.5666105,100.0,0.0,2.0,0.0,5.62,0,43.90883822
22.0,8.04,5.4,5.78,6.941444238,109.9471514,100.0,0.0,7.0,1.0,4.246,2,45.6261711
27.0,3.21,1.84,5.66,4.743114477,279.2078424,100.0,4.0,8.0,0.0,5.727,1,51.01253208
36.0,2.79,1.79,4.28,8.734957056,233.4992206,100.0,2.0,4.0,0.0,4.751,0,67.73096967
26.0,7.27,6.1,6.22,8.238945175,165.9822073,100.0,2.0,6.0,1.0,2.489,2,62.68178089
28.0,6.03,5.32,4.65,7.631002418,301.0487137,100.0,0.0,2.0,1.0,7.02,2,31.79311218
29.0,7.89,5.37,2.29,7.099603253,74.70131191,98.28,1.0,1.0,1.0,5.318,2,10.98672337
29.0,2.89,2.19,5.87,5.193903226,219.2225584,100.0,3.0,6.0,0.0,4.004,1,47.75390154
23.0,7.0,2.21,4.71,4.589192144,288.8542487,98.04,2.0,4.0,0.0,5.462,1,40.13005085
33.0,3.75,1.49,0.1,7.923405836,22.03607319,100.0,0.0,1.0,0.0,2.585,0,44.34253046
34.0,11.87,8.78,7.21,6.331976402,252.3888018,90.5,2.0,5.0,1.0,8.572,2,33.63859832
36.0,7.61,4.25,4.37,5.180190444,242.2942184,100.0,3.0,1.0,1.0,7.574,1,12.63409943
22.0,8.87,5.03,6.95,6.917924223,217.3999367,100.0,0.0,5.0,1.0,6.25,2,69.63353627
35.0,5.25,2.55,7.06,6.634023166,82.36882689,100.0,1.0,7.0,0.0,2.327,1,95.64198566
33.0,2.95,1.96,3.56,7.043501154,116.6623627,100.0,2.0,2.0,0.0,2.607,0,47.86980539
20.0,11.76,4.83,4.06,6.852859516,30.21399651,100.0,2.0,2.0,1.0,5.502,1,47.44352484
34.0,4.86,3.29,3.33,7.440202355,224.5933003,100.0,1.0,2.0,0.0,6.071,1,40.17888261
39.0,6.24,2.52,3.6,7.306714669,154.4645667,100.0,0.0,1.0,1.0,4.98,1,24.58699214
33.0,8.5,2.88,7.16,5.703005715,57.24919383,100.0,2.0,9.0,1.0,3.662,1,66.4397472
18.0,2.25,1.12,6.31,5.972236488,127.9079389,100.0,2.0,6.0,0.0,1.312,0,75.82748662
37.0,10.1,4.43,1.01,6.103572287,264.6905778,86.95,2.0,1.0,1.0,9.707,1,2.080202931
21.0,7.37,6.14,4.88,8.57107463,294.0937054,99.38,2.0,3.0,1.0,7.961,2,29.84084919
18.0,4.78,1.59,7.97,5.66620452,160.5637891,100.0,4.0,9.0,0.0,2.619,0,36.179356595
36.0,2.62,1.06,4.76,6.148919201,144.6293198,100.0,2.0,2.0,0.0,2.582,0,76.19187627
26.0,3.62,2.28,6.29,7.560899256,262.5842326,100.0,1.0,9.0,0.0,5.063,1,86.82025059
27.0,10.95,6.45,6.15,5.75733418,54.72793614,100.0,1.0,6.0,1.0,5.05,2,45.54124551
17.0,8.86,2.9,2.8,9.088051557,84.15581087,100.0,1.0,3.0,1.0,5.65,1,69.57221594
36.0,4.5,1.37,4.1412097370000005,7.851065895,123.9849732,100.0,1.0,4.0,0.0,5.462,0,67.22416741
26.0,2.66,2.37,5.79,5.96791019,228.3768477,100.0,1.0,6.0,0.0,3.973,1,36.179356595
16.0,8.91,6.2,4.0,7.215016232,236.2347331,94.32,2.0,1.0,1.0,8.015,2,41.21264385
38.0,7.0,4.01,4.56,4.486050497,232.3369678,91.12,2.0,4.0,0.0,5.462,1,21.3883888
16.0,6.05,3.52,4.1412097370000005,7.602710716,17.60752995,100.0,0.0,1.0,1.0,5.462,1,55.32989646
37.0,5.64,2.59,6.22,8.228207649,167.498019,100.0,1.0,8.0,0.0,4.854,1,48.18498778
23.0,4.17,2.11,2.17,5.884369701,79.06425953,100.0,4.0,2.0,0.0,2.934,1,43.41860631
15.0,8.7,6.0,1.17,5.568267569,161.2020499,76.28,4.0,4.0,1.0,7.239,2,2.606569885
22.0,11.71,9.72,2.33,7.794701485,260.1139956,70.89,2.0,1.0,1.0,10.056,2,8.457419435
37.0,7.0,1.54,4.06,6.316473949,31.18719659,100.0,0.0,1.0,0.0,5.462,0,67.06464863
20.0,7.97,6.41,2.74,7.435708638,123.5881531,100.0,0.0,4.0,1.0,6.023,2,19.12989204
20.0,6.24,3.771381605,4.55,4.292914138,274.8153894,100.0,4.0,3.0,1.0,7.055,1,34.92186456
27.0,9.705,2.78,0.43,6.16433487,225.8023702,96.51,2.0,4.0,1.0,5.506,1,11.4390838
39.0,4.54,1.46,4.08,7.854365891,113.19041,100.0,1.0,3.0,0.0,3.286,0,59.3486272
32.0,10.25,3.94,2.94,6.517502160499999,293.3092675,92.87,2.0,2.0,1.0,9.703,1,21.04020907
31.0,6.85,5.83,4.28,7.10902569,68.57104664,100.0,0.0,2.0,1.0,4.121,2,15.75936998
26.0,7.43,4.28,4.1412097370000005,4.460247102,53.08399925,100.0,2.0,1.0,1.0,5.462,1,5.027657136
20.0,5.05,1.75,2.27,5.54261917,43.1872642,100.0,1.0,1.0,0.0,2.464,0,23.61659474
22.0,3.82,3.35,7.23,8.202698502,141.4558481,100.0,1.0,6.0,0.0,2.661,1,79.28204943
33.0,2.86,2.37,1.48,6.885215319,165.9822073,100.0,0.0,2.0,0.0,5.462,1,13.04822135
24.0,9.14,3.771381605,5.45,8.030167918,100.1023189,100.0,2.0,6.0,1.0,4.695,2,34.23724543
15.0,3.96,3.41,4.1412097370000005,8.490364616,15.29465344,100.0,0.0,4.0,0.0,5.462,1,79.56150857
39.0,8.9,3.771381605,4.31,9.048837347,63.47069769,100.0,1.0,3.0,1.0,3.997,1,51.94593073
27.0,7.0,4.73,7.01,8.489115932,230.8785004,100.0,2.0,5.0,0.0,5.407,1,82.16109689
31.0,6.16,4.4,1.0,4.089943661,227.6604559,81.93,2.0,4.0,1.0,7.46,1,-5.104213536
17.0,6.69,5.5,3.95,9.584768975,143.2951549,100.0,1.0,1.0,1.0,5.0,2,39.42425409
22.0,5.68,4.42,4.1412097370000005,6.517502160499999,89.76477677,100.0,3.0,1.0,0.0,3.582,1,13.08961981
28.0,3.01,1.53,0.06,4.121152834,236.5942154,90.5,4.0,4.0,0.0,6.067,0,7.732634397
17.0,5.1,3.9,4.1412097370000005,4.560052672,307.9290804,97.22,4.0,1.0,0.0,7.345,1,13.58682922
30.0,8.64,3.95,2.95,5.799846376,116.1978987,100.0,4.0,1.0,1.0,5.695,1,30.08318059
27.0,7.0,4.31,5.36,6.853734876,267.6513585,100.0,0.0,6.0,1.0,7.822,1,36.179356595
34.0,4.86,3.771381605,7.51,6.114226775,172.6383436,100.0,0.0,9.0,0.0,3.637,0,92.72562454
38.0,7.0,5.68,0.69,4.615773445,304.503818,76.66,4.0,3.0,0.0,5.462,2,-5.497751003
31.0,3.93,1.87,2.62,6.64909161,228.5629083,100.0,0.0,3.0,0.0,5.819,0,35.6292565
27.0,4.1,2.51,3.55,6.640371847,174.344063,100.0,2.0,1.0,0.0,3.925,1,52.41843021
20.0,2.23,1.19,4.1412097370000005,8.29729771,268.6061456,100.0,1.0,3.0,0.0,5.063,0,48.40252813
31.0,10.97,9.61,4.1412097370000005,6.346872371,83.47285212,89.34,3.0,8.0,1.0,4.825,2,-4.460774927
28.0,4.11,2.06,3.55,4.780557423,45.63458043,100.0,2.0,1.0,0.0,2.23,1,54.87149126
31.0,4.28,3.28,0.22,5.226714317,305.2735112,84.66,4.0,2.0,0.0,7.854,1,1.285448803
22.0,4.8,3.9,5.68,5.554465285,70.46696639,100.0,3.0,8.0,0.0,1.636,1,37.63770352
25.0,3.27,1.84,7.08,7.179010573,284.1935839,100.0,0.0,9.0,0.0,5.291,0,79.42877087
34.0,8.39,4.42,4.11,6.399544251,93.40253923,100.0,0.0,1.0,1.0,4.822,1,46.15048995
15.0,2.75,2.06,4.65,5.60085289,158.5220846,100.0,4.0,3.0,0.0,3.26,1,69.80939515
21.0,3.34,2.83,1.3,6.539294456,184.6904563,93.66,4.0,2.0,0.0,4.9,1,31.49404219
35.0,8.45,6.36,1.77,5.979961377,263.2358014,79.52,2.0,2.0,1.0,8.994,1,10.06753994
35.0,5.4,2.36,1.88,8.7824803,282.478987,100.0,2.0,4.0,0.0,7.916,1,37.71974895
31.0,9.08,7.56,3.45,5.945751547,243.1221812,71.21,3.0,3.0,1.0,8.105,2,-4.285096878
24.0,7.57,4.03,7.43,7.176925236,275.1558641,100.0,0.0,6.0,1.0,7.536,1,62.2769489
25.0,4.56,2.94,4.17,7.538778206,247.9435524,100.0,1.0,4.0,0.0,5.869,1,36.179356595
36.0,8.51,6.8,1.54,3.768622014,89.25503194,79.94,2.0,4.0,1.0,5.573,2,-6.44512964
23.0,4.74,1.31,2.13,9.206375719,101.6081141,100.0,1.0,2.0,0.0,1.721,0,27.60005896
23.0,7.36,5.67,3.07,8.160110612,168.4028959,96.69,0.0,3.0,1.0,5.559,2,13.49082134
27.0,6.37,4.19,4.99,7.600320756,194.2077479,100.0,2.0,3.0,1.0,5.462,1,45.47808858
19.0,4.68,3.91,3.52,6.012286203,34.96046267,100.0,1.0,3.0,0.0,2.344,1,38.1267262
31.0,8.04,3.24,3.14,6.433015543,165.9822073,100.0,2.0,3.0,1.0,4.878,1,37.71187728
23.0,10.71,5.92,4.52,5.594185564,30.8300736,94.85,3.0,4.0,1.0,5.039,2,39.10076484
31.0,11.99,9.59,1.93,4.226128134,278.6241263,65.2,2.0,1.0,1.0,11.036,2,-2.998390069
38.0,8.08,2.52,0.63,7.492591007,281.6478333,100.0,0.0,4.0,1.0,9.671,1,25.40794556
35.0,6.05,2.22,0.2,8.648635744,116.8713252,100.0,0.0,2.0,1.0,5.525,1,11.84184787
33.0,4.25,3.8,2.01,4.397846407,14.75058485,100.0,4.0,1.0,0.0,2.362,1,14.11262584
21.0,4.57,2.14,0.73,7.888271399,155.2107934,100.0,1.0,4.0,0.0,5.366,1,29.92286415
37.0,6.79,6.01,2.69,7.589674801,35.10450436,100.0,2.0,2.0,1.0,3.248,2,15.80465605
23.0,5.67,2.32,6.18,4.690966912,51.37265212,100.0,2.0,8.0,0.0,2.081,1,59.58327361
21.0,11.14,5.76,5.73,6.549325219,302.3382539,94.55,1.0,8.0,1.0,9.651,2,54.58597368
27.0,5.68,4.27,4.89,6.099007611,273.7911513,100.0,0.0,1.0,0.0,6.973,1,51.16325038
25.0,5.73,3.98,6.82,8.216676367,69.57277332,100.0,2.0,5.0,0.0,5.462,1,67.13939316
28.0,5.84,3.79,2.26,7.942226941,61.40281875,100.0,1.0,3.0,0.0,3.582,1,55.69526994
33.0,10.37,6.41,7.08,4.31439898,31.32210866,99.76,2.0,7.0,1.0,3.661,1,34.5392745
27.0,8.51,3.771381605,3.19,6.883504631,287.6750762,84.87,2.0,4.0,1.0,8.838,2,-0.742004843
27.0,8.14,3.59,3.21,6.517502160499999,295.9359771,100.0,1.0,1.0,1.0,9.087,1,45.20812192
28.0,5.34,3.02,3.24,7.636488984,235.8511485,100.0,0.0,3.0,0.0,6.278,1,27.96127565
27.0,10.18,4.0,0.78,5.452760279,42.56463547,94.89,2.0,3.0,1.0,5.476,1,-0.046429153
15.0,2.38,1.57,7.8,6.892538194,256.5257103,100.0,1.0,9.0,0.0,4.25,0,86.97594996
22.0,10.71,4.82,1.11,8.598464076,184.079976,93.31,2.0,3.0,1.0,8.602,1,8.091591723
26.0,7.13,3.57,2.73,5.258763469,41.74125583,100.0,3.0,2.0,1.0,3.846,1,28.27647498
33.0,5.98,3.48,2.55,5.718841369,166.3496636,100.0,0.0,4.0,0.0,5.585,1,43.18152672
26.0,6.97,2.2,0.6,7.478423304,234.3155808,100.0,0.0,3.0,1.0,7.645,1,29.83792334
22.0,8.67,3.08,1.22,4.392962064,245.7662086,94.65,4.0,1.0,1.0,9.269,1,-6.32000716
22.0,2.13,1.52,0.36,7.604614202,205.1340342,100.0,2.0,2.0,0.0,5.417,0,26.29297027
35.0,10.72,5.98,2.34,5.298178892,88.16134463,97.02,3.0,1.0,1.0,5.918,2,0.591259036
27.0,6.47,5.3,6.93,4.319943945,233.6393621,98.79,4.0,9.0,1.0,5.656,2,55.35861116
26.0,5.43,3.89,2.72,4.705590641,165.9822073,92.84,2.0,2.0,0.0,7.099,1,16.87963858
30.0,3.38,1.03,0.99,4.803416827,76.70217918,98.23,4.0,2.0,0.0,2.593,0,24.55734659
15.0,6.39,4.28,5.17,5.156963625,83.22411536,100.0,2.0,7.0,1.0,3.544,1,41.68569507
27.0,6.96,2.48,7.97,6.602786839,214.9895578,100.0,2.0,5.0,1.0,5.509,1,95.13305827
21.0,6.04,4.64,1.86,4.634396146,122.7051477,100.0,2.0,3.0,1.0,4.742,1,1.623876771
19.0,8.79,7.87,2.24,8.680736713,49.1927424,94.78,2.0,4.0,1.0,4.663,2,-0.307131086
22.0,6.21,3.84,7.77,6.310279127,177.282506,100.0,0.0,5.0,1.0,4.034,1,66.69007787
39.0,11.61,8.24,1.43,6.250911173,92.24722553,83.28,2.0,2.0,1.0,6.936,2,-9.538887057
28.0,7.99,3.53,4.09,6.167446022,142.8766028,100.0,1.0,1.0,1.0,5.728,1,27.24774944
37.0,10.07,5.66,1.92,7.457834652,8.606018155,98.29,0.0,4.0,1.0,4.859,2,5.606278992
27.0,3.09,2.51,7.46,6.226192448,55.88454703,100.0,1.0,6.0,0.0,5.462,1,84.84995154
27.0,5.97,2.39,7.85,4.832610525,220.0433438,100.0,3.0,8.0,0.0,5.53,1,54.13451388
37.0,5.37,2.47,6.52,8.50280186,200.1354087,100.0,0.0,9.0,0.0,5.189,1,93.28097511
31.0,7.69,4.36,2.52,6.414984067,199.349611,92.91,2.0,1.0,1.0,7.209,1,10.5873859
29.0,10.61,7.72,3.23,6.517502160499999,78.47805519,85.69,4.0,1.0,1.0,5.256,2,-1.866329947
34.0,2.78,1.46,1.94,6.674281387,165.9822073,100.0,2.0,4.0,0.0,5.462,0,36.42003845
32.0,2.73,2.34,7.13,6.473897581,79.27490334,100.0,1.0,7.0,0.0,1.506,1,91.64867128
32.0,10.5,3.75,7.32,5.11026585,77.34749618,100.0,4.0,7.0,1.0,4.754,1,71.39918731
16.0,4.13,2.16,3.35,8.107142228,209.8459427,100.0,1.0,4.0,0.0,4.98,1,62.54685959
18.0,8.69,6.3,5.25,6.996741158,294.8068862,93.42,0.0,6.0,1.0,8.65,2,48.68875557
15.0,7.43,3.24,1.32,6.983781669,173.5533405,100.0,2.0,2.0,1.0,6.819,1,9.637002999
18.0,10.33,7.17,3.48,6.051805928,36.4209259,96.51,0.0,4.0,1.0,4.881,2,1.136706377
32.0,3.25,1.3,5.05,8.939553947,58.92949294,100.0,2.0,4.0,0.0,1.65,0,65.55784059
19.0,3.3,3.771381605,3.08,5.521889057,305.0665442,100.0,4.0,1.0,0.0,6.566,0,36.29981256
33.0,7.57,2.82,2.86,6.957433506,244.3452104,100.0,2.0,3.0,1.0,7.267,1,7.855587175
29.0,11.46,9.83,0.01,5.272483037,83.33081453,66.49,4.0,2.0,1.0,7.687,2,2.035782925
22.0,6.15,3.88,6.43,7.139911386,48.94582256,100.0,1.0,5.0,1.0,2.346,1,58.99727912
34.0,5.27,4.1,7.11,3.734774099,257.0235616,100.0,4.0,5.0,0.0,5.402,1,47.18856657
31.0,8.07,4.03,7.76,4.004326984,286.6778607,100.0,3.0,8.0,1.0,7.307,1,68.83960834
15.0,11.3,7.41,5.75,6.517502160499999,302.2821431,95.48,0.0,6.0,1.0,9.205,2,27.40210607
26.0,10.37,6.19,4.39,6.070099861,20.6949311,100.0,0.0,2.0,1.0,4.708,2,5.315543623
33.0,11.95,10.37,2.15,5.530987332,218.0624272,64.66,2.0,4.0,1.0,9.65,2,0.059010692
29.0,2.23,1.67,7.99,7.175644609,240.8363012,100.0,1.0,9.0,0.0,3.818,0,104.6090013
23.0,7.0,2.31,4.72,7.523045328,161.8619461,100.0,0.0,4.0,0.0,5.462,1,48.63006531
21.0,8.09,2.65,5.45,4.731974469,277.4953023,100.0,2.0,7.0,1.0,8.11,1,41.35552775
16.0,10.21,6.43,5.46,5.044005289,151.329142,100.0,3.0,5.0,1.0,6.647,2,34.12099683
27.0,4.85,2.81,6.76,9.333924961,165.9822073,100.0,1.0,8.0,0.0,3.317,1,89.61159242
24.0,4.39,3.76,0.08,7.347725949,115.1661841,89.73,1.0,4.0,0.0,4.831,1,-7.8541076
27.0,9.87,4.48,1.76,5.935599493,27.96312028,98.22,2.0,3.0,1.0,5.047,1,-6.863438757
33.0,2.56,1.18,5.32,7.272126565,165.9822073,100.0,1.0,9.0,0.0,4.624,1,97.74477623
25.0,5.69,3.11,7.16,6.830960425,45.35989046,100.0,2.0,8.0,0.0,1.257,1,78.70988697
27.0,7.06,3.15,5.48,5.466437273,165.9822073,100.0,4.0,8.0,1.0,5.186,1,47.76587855
24.0,7.6,2.87,3.31,5.032665479,188.735959,100.0,2.0,1.0,1.0,6.447,1,29.82569503
28.0,9.29,7.57,2.89,5.844389406,238.4284951,78.02,4.0,2.0,1.0,8.618,2,-1.537543251
32.0,5.55,3.52,5.9,7.883281174,232.7505376,100.0,1.0,9.0,0.0,5.705,1,68.68052548
33.0,8.13,6.64,5.93,4.808584461,189.2467457,91.42,3.0,6.0,1.0,6.046,2,8.137588629
36.0,7.85,6.27,4.86,4.481265886,75.1850682,98.16,3.0,1.0,1.0,3.367,2,18.87778192
23.0,7.48,3.51,2.33,8.391784873,136.2806657,100.0,1.0,3.0,1.0,5.921,1,26.0711309
39.0,8.4,5.28,7.4,3.829956135,311.6912248,94.97,2.0,9.0,1.0,7.36,2,37.61097113
21.0,4.59,1.61,4.42,6.895386411,35.72266351,100.0,0.0,2.0,0.0,1.549,0,55.9944211
17.0,2.85,2.42,6.32,4.911089254,149.9403079,100.0,4.0,6.0,0.0,2.009,1,58.68310915
34.0,3.19,1.73,1.71,7.291197793,122.8712541,100.0,2.0,1.0,0.0,3.582,0,36.35890638
27.0,4.25,2.28,2.75,5.761543195,41.08994372,100.0,4.0,2.0,0.0,1.7,1,32.24268648
35.0,7.0,3.37,7.0,6.517502160499999,165.9822073,100.0,4.0,5.0,1.0,5.42,1,49.31051061
16.0,10.4,5.99,0.4,6.916319657,142.6896447,92.71,2.0,3.0,1.0,8.28,2,4.570762088
20.0,9.01,4.06,4.1,7.245906679,221.8192569,100.0,2.0,1.0,1.0,8.255,1,45.67198141
17.0,14.835,5.19,3.85,6.846364096,194.1193874,100.0,2.0,1.0,1.0,5.45,2,53.51912771
30.0,5.51,4.3,6.01,7.147721997,165.9822073,100.0,1.0,8.0,0.0,2.892,1,65.20131762
22.0,6.05,4.84,2.26,6.177510468,276.8427681,85.61,1.0,2.0,1.0,7.367,1,20.59264621
16.0,5.94,2.87,1.75,6.246586017,100.0006299,100.0,2.0,1.0,0.0,4.565,1,36.179356595
31.0,3.92,2.28,7.41,7.111735776,199.4182845,100.0,0.0,5.0,0.0,3.777,1,77.39971617
23.0,2.61,2.15,4.57,7.364638458,145.659056,100.0,0.0,2.0,0.0,3.234,1,65.86758613
26.0,7.91,2.62,0.84,7.35199819,108.1308947,100.0,2.0,2.0,1.0,5.923,1,36.50129168
17.0,11.89,9.91,1.54,6.837405128,165.9822073,74.57,0.0,1.0,1.0,8.323,2,-3.391445712
25.0,3.67,1.58,7.99,4.661392438,279.8476146,100.0,4.0,7.0,0.0,5.338,0,89.0129603
15.0,2.47,1.75,1.56,5.159848538,165.9822073,100.0,3.0,1.0,0.0,5.462,0,12.85570812
37.0,9.8,6.37,4.88,5.820626342,221.7873551,86.7,4.0,3.0,1.0,8.196,2,8.071051365
27.0,4.53,2.86,3.36,8.573398321,208.3974745,100.0,1.0,3.0,0.0,5.477,1,57.76512519
29.0,10.3,8.4,7.08,7.633026151,132.2145791,100.0,0.0,7.0,1.0,5.546,2,36.179356595
19.0,9.04,3.26,6.04,6.987365642,265.2621592,100.0,0.0,8.0,1.0,8.028,1,85.17131362
35.0,11.46,5.82,4.1412097370000005,5.127131384,72.70897366,94.04,4.0,2.0,1.0,5.462,2,18.10746594
31.0,6.09,3.79,0.09,4.847327699,165.9822073,89.42,4.0,4.0,1.0,5.462,1,36.179356595
39.0,8.62,6.78,7.04,8.956433643,91.50443991,100.0,1.0,5.0,1.0,4.298,2,66.0806373
37.0,6.65,2.86,3.56,7.576925555,83.19862187,100.0,1.0,2.0,1.0,3.397,1,54.33780362
38.0,8.31,6.5,7.45,4.299655218,218.822351,97.95,4.0,6.0,1.0,5.94,2,29.67118985
39.0,6.5,3.51,3.96,8.333031217,191.4320274,100.0,2.0,1.0,1.0,5.722,1,64.59601025
20.0,3.89,1.61,5.55,5.607770165,260.3774364,100.0,1.0,9.0,0.0,5.56,0,55.66540259
35.0,7.08,5.35,0.55,6.219886077,145.9050305,100.0,3.0,2.0,1.0,6.275,2,-1.478337567
36.0,7.29,2.58,5.96,7.839980068,216.6841658,100.0,1.0,5.0,1.0,6.377,1,76.63105162
25.0,10.11,6.16,2.7,7.298860446,271.8071144,88.72,0.0,4.0,1.0,9.965,2,36.179356595
32.0,9.36,3.17,2.81,7.975343571,120.3155565,100.0,0.0,2.0,1.0,5.957,1,48.52745233
18.0,8.64,4.44,0.95,4.513957928,163.4000796,83.17,3.0,2.0,1.0,7.315,1,-2.826185622
17.0,3.13,2.07,1.17,5.93689261,174.3255234,100.0,4.0,2.0,0.0,4.034,1,28.7801384
27.0,9.21,5.84,1.49,5.550003207,124.7489851,91.52,3.0,2.0,1.0,6.498,2,-9.190635081
37.0,7.0,3.8,2.63,5.344015956,157.1876589,99.59,2.0,3.0,1.0,5.751,1,11.76890363
23.0,10.94,6.1,7.14,5.616694394,165.9822073,100.0,0.0,6.0,1.0,5.462,2,36.179356595
35.0,11.2,4.88,2.95,4.722295159,214.5923324,94.06,4.0,1.0,1.0,9.075,1,18.36771747
20.0,2.55,1.46,5.79,6.65933555,168.1106352,100.0,1.0,5.0,0.0,2.418,0,36.179356595
26.0,10.21,8.9,0.66,5.47365643,165.9822073,60.53,2.0,2.0,1.0,9.447,2,-3.937424924
16.0,2.38,1.93,4.1412097370000005,7.745144045,233.6015699,100.0,0.0,4.0,0.0,5.462,0,79.27742904
17.0,5.67,2.2,3.86,7.872120774,142.8894187,100.0,1.0,1.0,0.0,4.477,1,88.63445927
17.0,7.42,2.36,7.82,6.931655353,145.3987607,100.0,0.0,5.0,1.0,4.584,1,98.77329685
26.0,3.48,2.99,6.77,4.966234201,92.54718245,100.0,2.0,5.0,0.0,5.462,1,48.90912588
29.0,9.46,5.83,3.64,6.099616511,142.6893347,94.32,4.0,4.0,1.0,6.918,2,36.179356595
27.0,2.08,1.3,6.2,3.953387028,46.52363159,100.0,3.0,6.0,0.0,0.44,0,63.35859738
37.0,3.69,2.84,1.54,3.967960431,152.4578334,100.0,3.0,4.0,0.0,4.403,1,15.62763406
22.0,7.0,3.82,4.5,6.517502160499999,74.99406937,100.0,3.0,1.0,0.0,5.462,1,29.48806167
25.0,7.0,5.38,0.6,4.705305409,25.12472703,78.6,2.0,3.0,0.0,5.462,2,5.565130015
30.0,11.17,9.84,2.78,6.432378537,241.1861428,72.26,0.0,2.0,1.0,9.311,2,5.832489765
39.0,9.05,6.36,1.81,8.720164395,270.8437058,93.57,1.0,4.0,1.0,9.222,2,2.170139509
36.0,13.08,3.42,5.75,3.853125611,452.1035994,100.0,2.0,9.0,1.0,6.675,1,28.48392754
18.0,5.94,2.26,3.92,6.517502160499999,200.0383363,100.0,2.0,2.0,0.0,5.334,1,52.12605586
15.0,2.01,0.85,6.01,6.517502160499999,145.7118629,100.0,4.0,4.0,0.0,2.502,0,68.0458624
38.0,3.2,2.43,4.12,7.815863667,247.525967,100.0,1.0,1.0,0.0,5.404,1,45.21738904
21.0,7.35,3.51,0.69,6.903922147,131.816426,100.0,2.0,1.0,1.0,5.688,1,-1.739961367
16.0,8.75,2.74,5.88,8.456499728,208.7804019,100.0,1.0,8.0,1.0,6.431,1,85.6138295
38.0,6.17,5.35,6.67,4.257598917,194.5753509,100.0,4.0,9.0,1.0,5.264,2,39.43952169
19.0,7.0,3.74,7.23,6.384643795,64.22235586,100.0,2.0,6.0,0.0,5.462,1,67.59244864
27.0,7.22,2.21,4.58,3.987371035,148.8622101,100.0,2.0,4.0,1.0,4.796,1,51.85188842
18.0,2.74,1.21,6.03,6.079922166,297.9721318,100.0,1.0,5.0,0.0,5.381,0,62.43583796
19.0,3.92,1.73,6.02,8.219225485,123.7343438,100.0,0.0,9.0,0.0,2.434,0,82.24576643
38.0,10.4,5.75,1.25,7.492385073,107.2072908,96.02,2.0,4.0,1.0,6.745,2,3.195057523
15.0,9.25,7.88,1.31,6.517502160499999,170.6746373,86.08,2.0,2.0,1.0,7.632,1,-6.021695026
15.0,10.95,9.06,0.57,6.047036706,176.7417457,64.13,0.0,2.0,1.0,8.524,2,-4.127330166
29.0,3.18,1.83,2.56,8.260901293,244.2755383,100.0,2.0,3.0,0.0,5.822,0,48.42113069
34.0,7.0,6.5,3.79,6.525639119,280.8621142,96.55,2.0,4.0,0.0,5.462,2,0.434292239
33.0,4.09,2.59,7.98,4.635000815,148.4557122,100.0,2.0,5.0,0.0,2.591,1,81.98459917
24.0,2.12,0.95,3.45,7.767904057,251.3114573,100.0,1.0,3.0,0.0,4.885,0,73.1696643
32.0,11.97,3.97,5.81,5.854738151,182.1947626,100.0,4.0,8.0,1.0,8.302,1,37.52128685
17.0,4.81,4.15,5.55,4.361370728,313.8353694,100.0,3.0,9.0,0.0,6.72,1,27.31796982
25.0,8.68,3.58,1.64,4.762427586,41.50863258,97.77,2.0,4.0,1.0,4.808,1,14.79446045
29.0,3.77,1.58,0.47,6.520883027,43.32036783,100.0,1.0,2.0,0.0,2.484,0,29.8640303
25.0,7.8,4.55,4.37,6.750093003,115.9325745,100.0,0.0,1.0,1.0,5.589,1,36.943874
31.0,11.04,6.57,5.6,5.142432388,282.9168844,92.11,2.0,8.0,1.0,9.6,2,33.01227226
31.0,5.2,1.62,7.99,8.199293787,128.9357698,100.0,2.0,6.0,0.0,2.703,0,94.50497042
20.0,8.7,3.38,2.87,8.246311687,181.1626238,100.0,1.0,1.0,1.0,7.009,1,49.6460253
19.0,3.88,2.04,7.17,8.997631611,165.9822073,100.0,1.0,9.0,0.0,5.462,1,70.81303048
22.0,8.25,5.86,3.06,7.455925535,113.9163161,98.72,2.0,3.0,1.0,5.427,2,-0.447063429
16.0,5.36,2.34,5.52,7.651266386,283.1386344,100.0,1.0,8.0,0.0,6.604,1,83.50159812
30.0,4.11,2.28,4.79,8.078054088,97.42452573,100.0,0.0,1.0,0.0,2.018,1,61.11483874
34.0,5.13,3.25,0.42,5.755343083,187.6391426,100.0,3.0,1.0,0.0,5.479,1,12.90267129
38.0,7.0,3.16,0.63,6.062423479,195.7179742,93.3,4.0,2.0,0.0,5.426,1,9.243572706
26.0,11.02,5.46,0.17,6.310632709,26.33392135,92.11,2.0,2.0,1.0,5.939,2,5.258757258
20.0,5.97,2.27,2.97,4.3182492,156.5029936,100.0,2.0,1.0,0.0,5.194,1,38.06408815
15.0,4.45,2.64,5.97,5.502185554,238.0511517,100.0,4.0,7.0,0.0,5.334,1,90.36963429
27.0,6.48,3.771381605,1.38,6.614470063,217.1248694,95.06,1.0,4.0,1.0,6.886,1,6.421086403
31.0,5.21,1.91,4.85,4.480359312,106.3009846,100.0,3.0,2.0,0.0,3.35,0,46.14754424
27.0,9.44,5.24,2.31,4.894769031,183.1751269,95.7,3.0,2.0,1.0,8.187,2,12.06267767
32.0,11.71,3.64,6.38,6.462625294,165.9822073,100.0,1.0,5.0,1.0,6.981,1,66.66941201
19.0,6.38,2.04,4.1412097370000005,7.270256134,172.5522629,100.0,2.0,2.0,1.0,5.462,1,77.86731002
38.0,10.61,6.26,6.2,8.601702265,268.8021528,100.0,0.0,5.0,1.0,8.825,2,54.8895408
38.0,7.66,3.67,4.2,6.834709266,54.21170835,100.0,2.0,4.0,1.0,4.17,1,44.50242391
17.0,3.57,2.88,2.28,6.171438484,50.76387996,100.0,2.0,1.0,0.0,2.481,1,36.179356595
25.0,8.91,5.89,6.48,6.348178193,243.2842879,100.0,2.0,6.0,1.0,7.351,2,42.82016843
27.0,7.13,4.08,1.49,4.648205811,157.7714533,95.07,3.0,3.0,1.0,6.938,1,10.37286689
18.0,8.51,4.64,2.32,5.249585804,246.2518782,87.25,3.0,4.0,1.0,8.439,1,10.3422722
28.0,10.9,6.52,1.47,8.137354216,203.7468952,79.14,1.0,3.0,1.0,9.209,2,-0.365987449
36.0,6.4,2.08,5.39,6.430641426,293.4058769,100.0,1.0,7.0,1.0,7.263,1,81.18928548
25.0,11.01,9.2,5.49,8.299365881,285.1953268,84.01,0.0,6.0,1.0,9.118,2,10.08963768
27.0,9.51,8.55,5.22,7.376553781,93.97433964,100.0,1.0,9.0,1.0,5.149,2,34.65147252
33.0,6.89,2.82,3.32,3.704186761,36.15936891,100.0,3.0,2.0,1.0,3.269,1,19.25333887
32.0,8.03,2.99,0.8,6.648435097,73.37881473,100.0,0.0,4.0,1.0,4.875,1,12.04827579
20.0,5.26,2.03,7.29,6.058752932,192.2979908,100.0,0.0,9.0,0.0,3.943,1,87.85705083
29.0,11.84,8.25,4.06,6.379155374,74.68062353,96.74,1.0,1.0,1.0,6.202,2,-4.540170133
35.0,8.67,6.04,3.26,6.888113294,265.5361033,92.69,2.0,4.0,1.0,8.697,2,0.638231059
24.0,2.44,1.97,4.71,8.524717091,257.3857896,100.0,0.0,3.0,0.0,5.407,0,60.05376841
27.0,5.27,3.96,1.54,8.311554661,275.8505482,100.0,1.0,2.0,0.0,7.753,1,6.299997766
19.0,8.23,4.69,1.06,8.759817309,58.10464829,100.0,1.0,3.0,1.0,4.477,1,7.825655954
24.0,2.56,1.71,3.24,4.131738571,210.2164032,99.0,3.0,2.0,0.0,4.448,0,21.39364117
19.0,2.24,1.6,1.82,4.848716137,55.62992043,100.0,2.0,3.0,0.0,1.474,0,36.34128834
17.0,6.5,3.95,1.95,4.42519971,36.24677567,90.66,2.0,1.0,1.0,3.505,1,1.609936995
37.0,5.33,3.12,7.14,5.080536195,151.424254,100.0,2.0,8.0,0.0,2.963,1,74.01318494
20.0,6.38,4.38,4.25,6.3318619,55.93271233,100.0,1.0,4.0,1.0,2.875,1,58.29964293
18.0,4.63,2.94,3.87,6.97311113,62.95841771,100.0,2.0,1.0,0.0,2.674,1,62.92573818
32.0,3.65,2.51,5.52,6.517502160499999,80.24804777,100.0,0.0,8.0,0.0,1.789,1,57.22741249
23.0,8.89,5.94,7.61,9.390648685,94.71450131,100.0,0.0,6.0,1.0,3.502,2,80.49248787
31.0,7.15,5.23,0.9,8.685866241,165.9822073,94.98,1.0,2.0,1.0,5.462,2,10.57232532
27.0,4.0,2.74,6.67,5.473872319,80.58052285,100.0,2.0,6.0,0.0,5.462,1,63.05570429
29.0,5.2,3.18,4.67,8.056265601,43.53708064,100.0,2.0,4.0,0.0,2.239,1,57.57770257
34.0,7.92,5.62,1.17,5.544346116,249.9647712,86.64,0.0,1.0,1.0,8.509,2,-3.626992518
27.0,2.72,1.55,2.38,6.291670451,297.2669441,100.0,0.0,2.0,0.0,6.346,0,13.57052421
27.0,3.47,1.54,3.86,8.122487707,230.0372446,100.0,2.0,1.0,0.0,5.277,0,76.21836008
30.0,2.73,0.82,5.53,4.663670864,258.0903891,100.0,2.0,8.0,0.0,4.426,0,65.86934483
36.0,10.12,6.44,1.94,8.210281793,203.3921401,94.95,0.0,1.0,1.0,8.378,2,12.67564616
18.0,9.52,6.23,4.28,7.774972063,66.61687205,100.0,0.0,2.0,1.0,4.736,2,24.48522352
27.0,9.53,8.42,5.48,9.055743045,220.3509364,89.95,0.0,6.0,1.0,7.881,2,5.695633299
19.0,9.16,4.73,3.59,9.097751896,140.6728164,100.0,2.0,1.0,1.0,6.403,1,36.179356595
23.0,8.69,4.66,6.9,6.881769686,233.9920865,100.0,1.0,8.0,1.0,6.655,1,72.69223487
31.0,6.77,2.85,6.96,4.333866621,92.82389161,100.0,3.0,8.0,1.0,3.377,1,67.16723712
27.0,8.42,2.88,3.77,4.167371712,98.85233776,100.0,4.0,4.0,1.0,4.279,1,49.36912884
16.0,2.38,1.82,7.78,6.180420116,239.0953595,100.0,4.0,8.0,0.0,3.456,0,84.50245507
27.0,8.21,3.69,0.6,4.830084708,77.36648635,100.0,4.0,2.0,1.0,5.085,1,-8.874588397
36.0,9.78,6.51,0.03,7.816515556,305.9214711,75.69,2.0,4.0,1.0,10.641,2,-3.175445632
35.0,7.0,4.99,3.05,4.890360815,199.9355798,100.0,3.0,1.0,1.0,6.585,1,11.59085248
37.0,5.58,3.25,4.81,6.517502160499999,264.5583909,100.0,1.0,1.0,0.0,6.347,1,77.17303942
33.0,4.77,3.94,5.03,8.256116354,58.07179164,100.0,2.0,5.0,0.0,2.656,1,63.48049756
17.0,8.43,3.771381605,3.81,6.517502160499999,75.38802801,100.0,4.0,2.0,1.0,4.972,1,24.01281718
24.0,8.93,4.21,4.1412097370000005,6.375790175,290.1474354,80.52,2.0,3.0,1.0,10.065,1,-0.295383116
16.0,10.71,8.97,1.36,6.561798491,243.0642099,75.4,2.0,2.0,1.0,10.007,2,3.300912864
27.0,5.42,4.43,6.82,6.597512471,167.5526705,100.0,0.0,9.0,0.0,3.764,1,65.68696336
33.0,9.7,3.86,6.94,6.022157468,169.1555146,100.0,0.0,6.0,1.0,6.228,1,50.35813702
31.0,7.61,2.4,5.39,4.010290447,165.9822073,100.0,4.0,7.0,1.0,5.462,1,56.87695726
35.0,10.83,3.83,5.31,7.517197272,165.9822073,100.0,1.0,7.0,1.0,6.802,1,66.47581136
28.0,7.28,3.44,4.78,7.097040743,43.4843671,100.0,2.0,2.0,1.0,2.726,1,70.60041997
26.0,7.18,6.34,1.62,8.024095759,141.1509379,95.83,2.0,4.0,1.0,5.584,2,19.87279054
35.0,7.78,4.94,3.43,8.202059096,47.23427507,100.0,1.0,2.0,1.0,4.241,1,32.6857563
26.0,9.49,4.97,5.57,4.914751479,227.2559926,100.0,4.0,8.0,1.0,7.934,1,34.32990813
25.0,11.65,9.71,4.3,4.366847039,73.17837312,68.68,4.0,3.0,1.0,6.195,2,3.310482282
21.0,2.74,1.57,0.15,7.659743436,200.4740378,100.0,2.0,1.0,0.0,5.325,0,22.33329757
18.0,2.53,1.24,7.63,8.751667364,97.93528367,100.0,0.0,7.0,0.0,0.856,0,85.16232289
33.0,11.38,9.84,4.1412097370000005,6.517502160499999,282.640194,86.65,0.0,7.0,1.0,9.362,2,12.34047134
15.0,7.3,5.91,2.08,5.230827272,193.9520304,86.73,2.0,2.0,1.0,7.186,2,2.772676032
38.0,8.15,6.57,4.93,4.532209442,221.3260048,81.12,3.0,2.0,1.0,6.636,2,16.7649479
27.0,6.82,4.14,7.39,5.577955274,88.67960459,100.0,4.0,6.0,1.0,2.933,1,69.41458343
27.0,2.94,2.27,0.77,5.582824422,199.7760173,88.64,4.0,4.0,0.0,5.019,1,9.985034722
29.0,9.68,3.95,4.02,6.562272779,165.9822073,100.0,2.0,1.0,1.0,5.462,1,18.72946374
16.0,9.47,6.1,3.65,7.00894824,129.9178807,100.0,2.0,2.0,1.0,6.16,2,34.75848343
25.0,5.12,4.56,3.28,4.85600363,146.7811375,93.53,2.0,4.0,0.0,4.176,1,6.715076517
18.0,5.06,2.4,6.68,5.2565289,73.91111367,100.0,2.0,9.0,0.0,2.466,1,55.53105887
33.0,10.38,8.06,3.05,6.02392747,228.2464038,76.88,3.0,1.0,1.0,8.375,2,-3.82339747
31.0,2.72,1.62,0.51,8.054549288,285.9505311,100.0,2.0,3.0,0.0,6.647,0,27.51076373
17.0,10.81,3.5,0.53,6.037157634,243.0867775,78.4,2.0,2.0,1.0,10.346,1,34.57279772
32.0,6.855,3.46,0.34,9.070338541,205.8598756,98.73,2.0,2.0,0.0,4.423,1,33.51940483
22.0,7.93,3.18,3.27,6.932878302,170.312458,100.0,0.0,1.0,1.0,5.964,1,39.01745163
36.0,11.36,7.71,5.75,4.68204235,224.3629969,84.8,3.0,8.0,1.0,7.995,2,19.02337657
39.0,8.78,3.09,1.63,4.496552704,25.338781,100.0,4.0,3.0,1.0,4.961,1,10.591832
38.0,9.21,5.33,5.17,7.283151226,507.1665866,100.0,0.0,7.0,1.0,6.339,2,28.8089442
33.0,8.9,4.23,5.5,6.812863705,35.63236078,100.0,0.0,8.0,1.0,3.2,1,41.9543999
19.0,5.44,3.771381605,2.04,7.583848946,98.38130589,97.91,0.0,3.0,0.0,4.428,1,32.57442727
21.0,4.77,1.8,4.8,7.821453344,94.93603068,100.0,2.0,2.0,0.0,3.065,0,36.179356595
35.0,11.97,10.39,5.48,7.980588124,269.0362215,100.0,1.0,7.0,1.0,9.761,2,-1.623026799
22.0,9.51,6.92,3.73,4.16733291,43.79240036,89.75,2.0,3.0,1.0,4.316,2,22.31845711
19.0,8.45,3.771381605,2.69,8.206157953,150.8978213,98.21,2.0,4.0,1.0,6.638,2,15.75133669
31.0,5.55,3.33,4.95,6.841970272,165.9822073,100.0,2.0,2.0,0.0,5.462,1,49.21337975
19.0,2.49,1.46,7.82,6.517502160499999,307.1094679,100.0,3.0,5.0,0.0,4.859,0,84.91447516
18.0,2.31,0.85,3.41,7.063188299,66.73956022,100.0,2.0,4.0,0.0,1.592,0,53.0314403
36.0,7.54,3.771381605,3.13,7.347466458,280.2561999,92.85,2.0,3.0,1.0,8.251,1,7.900461693
33.0,9.62,4.31,3.71,4.549221449,258.917838,98.94,3.0,1.0,1.0,9.017,1,29.2219537
35.0,7.37,6.53,0.61,6.274454771,157.4461647,83.9,1.0,2.0,1.0,6.562,2,6.421405442
16.0,10.41,8.1,4.43,5.697671202,257.6376618,75.78,4.0,2.0,1.0,9.136,2,12.07491315
25.0,7.0,1.28,2.63,6.517502160499999,247.6925235,100.0,2.0,1.0,0.0,5.462,0,54.35943145
36.0,5.67,2.22,0.97,4.49206159,41.45607739,97.22,4.0,2.0,0.0,3.264,1,23.08142683
27.0,4.37,3.37,3.73,4.583535606,308.3033369,93.86,3.0,1.0,0.0,7.026,1,33.52750614
29.0,6.47,2.41,0.03,5.41742714,264.0049157,83.2,3.0,2.0,1.0,8.266,1,7.016021287
26.0,2.72,1.12,3.21,5.64822646,177.8190719,100.0,2.0,3.0,0.0,3.857,0,26.34566158
36.0,11.54,4.93,0.85,8.211371236,181.8263874,98.9,0.0,2.0,1.0,9.615,1,16.89947586
35.0,4.23,2.68,0.19,4.448574477,92.80357812,91.14,3.0,1.0,0.0,4.098,1,-2.804812278
36.0,11.22,8.66,6.6,5.817340161,62.73952918,99.64,1.0,6.0,1.0,5.11,2,29.20141308
25.0,6.26,3.06,7.33,5.837316583,81.92781801,100.0,3.0,8.0,1.0,2.551,1,63.74542005
21.0,11.86,4.16,4.1412097370000005,7.855822909,76.70671209,100.0,0.0,4.0,1.0,5.462,1,18.25831445
19.0,7.54,4.36,4.31,3.502568138,158.2868192,98.03,2.0,4.0,1.0,5.697,1,41.88404358
31.0,11.31,8.47,2.22,5.41658013,198.3933958,75.96,2.0,2.0,1.0,8.349,2,11.38735604
38.0,2.05,0.89,3.95,5.804293942,179.7533053,100.0,4.0,3.0,1.0,3.7,0,57.43896828
34.0,9.48,4.09,3.49,9.273334499,97.09038709,100.0,0.0,4.0,1.0,5.313,1,43.00549683
23.0,11.03,9.58,2.15,6.265726906,181.7151537,71.76,2.0,2.0,1.0,5.462,2,-0.434927384
27.0,3.4,2.97,5.6,4.746007242,196.2825631,100.0,4.0,6.0,0.0,3.8,1,46.175569
26.0,2.96,2.65,1.01,5.39761021,143.1761454,97.11,3.0,2.0,0.0,3.617,1,15.33124795
20.0,6.25,4.9,0.42,4.829557503,50.25446754,89.83,4.0,2.0,1.0,3.939,1,-3.652237927
31.0,11.34,3.771381605,6.14,4.11016133,85.17122449,100.0,3.0,8.0,1.0,5.888,1,50.50511982
33.0,7.42,3.17,5.33,7.536244076,148.8164005,100.0,1.0,5.0,1.0,5.171,1,58.47731973
33.0,7.27,3.67,3.99,6.650694029,68.55198909,100.0,2.0,3.0,1.0,3.998,1,59.74013084
30.0,3.41,1.67,3.74,7.063615003,104.8010412,100.0,0.0,1.0,0.0,2.763,0,57.46843299
26.0,2.01,1.76,3.98,5.508860841,104.9551938,100.0,4.0,3.0,0.0,1.591,0,39.92690991
26.0,10.1,7.81,3.5,6.962440894,222.2083562,100.0,2.0,4.0,1.0,8.08,2,12.14861282
27.0,2.88,2.12,3.14,5.704687599,165.9822073,100.0,2.0,3.0,0.0,5.462,1,45.47248302
20.0,8.34,3.43,4.0,5.69254025,142.0125546,91.63,3.0,3.0,1.0,6.25,1,45.52210369
37.0,11.15,9.43,4.23,6.251872429,177.623977,83.09,2.0,2.0,1.0,8.046,2,-5.412777344
18.0,4.09,3.26,5.54,4.241991338,88.68846904,100.0,4.0,6.0,0.0,2.083,1,51.66644685
20.0,8.65,3.44,5.69,7.277670933,127.5123816,100.0,0.0,7.0,1.0,5.478,1,71.23594624
25.0,2.79,2.3,3.02,8.307555375,219.0347165,100.0,1.0,1.0,0.0,5.129,1,55.22790263
15.0,7.0,3.73,3.31,4.613035911,200.601002,100.0,4.0,2.0,1.0,7.047,1,21.08481386
38.0,3.64,1.27,2.99,8.240111782,105.249945,100.0,0.0,2.0,0.0,2.723,0,61.36186592
37.0,9.36,6.5,4.29,5.074474925,63.88651167,89.92,2.0,2.0,1.0,4.653,2,9.604317384
29.0,7.0,3.47,3.63,5.701317133,197.0306876,100.0,4.0,4.0,0.0,5.462,1,35.58714225
25.0,6.63,2.37,7.12,6.434802131,66.82323172,100.0,1.0,7.0,1.0,2.699,1,75.31087533
39.0,7.99,3.771381605,5.57,6.517502160499999,85.62358669,100.0,1.0,6.0,1.0,3.844,1,66.46255174
33.0,3.71,3.32,7.19,4.370778835,195.7534446,100.0,3.0,8.0,0.0,3.498,1,64.60151712
32.0,9.42,6.66,5.67,8.05576755,99.09533293,100.0,2.0,7.0,1.0,5.049,2,50.71444662
31.0,5.03,3.71,7.77,8.911282362,110.5846945,100.0,2.0,5.0,0.0,2.444,1,81.61057997
33.0,8.62,3.69,4.1412097370000005,5.403297564,270.5949159,96.55,2.0,2.0,1.0,5.462,1,38.71602401
35.0,3.58,1.24,7.71,6.517502160499999,165.9822073,100.0,1.0,6.0,0.0,3.077,0,96.54783435
27.0,8.88,4.14,1.27,6.736071897,124.9377195,96.88,2.0,2.0,1.0,6.479,1,15.8757036
32.0,3.28,1.47,0.42,8.011582663,141.6889735,100.0,2.0,4.0,0.0,4.134,0,31.86270227
33.0,6.25,2.75,4.63,4.914630723,58.42937282,100.0,3.0,4.0,1.0,3.436,1,38.49437336
29.0,4.47,3.771381605,7.87,7.620835298,145.2953175,100.0,0.0,8.0,0.0,2.454,0,109.1994442
29.0,9.48,6.11,3.34,4.471670592,165.9822073,88.86,4.0,3.0,1.0,5.462,2,6.664622663
18.0,4.62,2.3,1.7,8.528718054,295.5912577,99.06,1.0,3.0,0.0,7.76,1,10.18655224
21.0,10.82,8.57,4.17,6.517502160499999,245.3608018,88.1,1.0,3.0,1.0,9.379,2,14.85847326
27.0,10.92,4.48,5.19,5.711188391,181.1322363,100.0,4.0,9.0,1.0,7.243,1,29.07251935
17.0,3.96,2.29,4.1412097370000005,5.152740977,270.5978719,100.0,2.0,2.0,0.0,6.444,1,32.57555945
30.0,8.14,2.51,5.72,7.848343342,229.6503841,100.0,2.0,7.0,1.0,7.174,1,64.62140362
23.0,2.88,1.7,7.8,6.717736375,306.7433549,100.0,0.0,9.0,0.0,4.9,0,88.88612147
22.0,5.92,1.97,7.18,5.668482706,21.97289129,100.0,2.0,5.0,0.0,5.462,0,80.88244384
34.0,9.13,8.09,2.33,6.378409455,31.83572265,81.87,1.0,4.0,1.0,4.406,2,-6.224404405
27.0,8.59,6.65,2.61,8.303048827,68.2126403,100.0,0.0,3.0,1.0,4.932,1,1.765855027
31.0,8.25,4.9,4.1412097370000005,5.92135077,152.0748708,100.0,2.0,1.0,1.0,6.454,1,12.82687702
31.0,4.83,1.7,3.16,6.517502160499999,271.8197597,98.49,0.0,3.0,0.0,7.187,0,33.37674571
31.0,5.78,3.79,0.8,8.021835223,324.8511745,97.25,0.0,3.0,0.0,8.63,1,5.881818419
15.0,4.545,2.29,6.1,6.363340808,177.325348,100.0,2.0,4.0,0.0,1.825,1,81.00516417
27.0,9.19,3.81,2.92,5.619671746,172.0076801,100.0,2.0,1.0,1.0,7.299,1,11.92069204
33.0,7.04,4.51,7.04,5.482170924,40.91241027,100.0,3.0,8.0,1.0,2.348,1,58.34840111
20.0,9.09,7.17,7.42,8.035758079,5.529465503,100.0,2.0,8.0,1.0,3.019,2,41.22274591
17.0,4.49,3.42,0.2,5.921024592,321.6031874,74.69,2.0,1.0,0.0,8.005,1,-3.576812483
27.0,5.24,4.1,7.91,7.166077782,126.2010025,100.0,2.0,4.0,0.0,2.627,1,65.24495737
27.0,5.34,4.42,5.68,8.719339215,205.2821455,100.0,0.0,7.0,0.0,5.426,1,40.26980827
29.0,2.26,3.771381605,4.16,3.667533625,213.3190425,100.0,4.0,4.0,0.0,4.062,0,39.5237461
28.0,5.41,2.94,3.12,7.519582404,71.23999248,100.0,2.0,1.0,0.0,2.829,1,41.74541109
37.0,10.03,6.43,4.15,6.19988756,298.2567384,90.57,0.0,4.0,1.0,9.71,2,11.12196051
30.0,10.97,8.5,2.6,7.161679806,278.3785135,68.56,1.0,4.0,1.0,10.265,2,-5.109505247
32.0,7.18,5.16,4.98,5.978305851,272.4576959,100.0,4.0,2.0,1.0,7.616,2,31.4218023
36.0,6.56,5.89,0.74,7.952009377,67.66998341,91.54,2.0,4.0,1.0,4.498,2,-7.254170778
36.0,2.31,0.71,4.97,5.240918516,207.7550176,100.0,3.0,4.0,0.0,3.884,0,73.26840446
25.0,10.79,5.54,2.2,4.080777053,202.1200376,86.8,2.0,4.0,1.0,8.555,2,4.850035838
17.0,2.13,1.0,0.14,9.583919667,74.77368651,100.0,0.0,3.0,0.0,2.343,0,38.25154374
36.0,11.45,5.24,4.42,3.988731558,214.0129204,91.82,4.0,4.0,1.0,8.599,2,20.79101931
24.0,6.89,2.99,4.63,8.203229991,56.62643159,100.0,1.0,1.0,1.0,3.256,1,55.34566382
24.0,5.42,3.93,3.41,5.176847228,219.540477,100.0,4.0,4.0,0.0,5.947,1,36.179356595
35.0,11.24,3.94,0.58,6.517502160499999,84.891501,97.79,1.0,2.0,1.0,7.146,1,-4.987324724
30.0,2.24,1.67,7.15,8.506952142,70.82033457,100.0,0.0,6.0,0.0,0.215,1,105.7112058
26.0,7.81,5.59,4.89,4.663001675,213.6453087,88.12,3.0,1.0,1.0,6.618,2,14.79864746
16.0,7.49,3.37,0.93,8.299607938,117.5190844,100.0,2.0,2.0,1.0,5.626,1,22.68754841
23.0,4.19,1.89,4.09,6.572886526,193.4911205,100.0,2.0,1.0,0.0,4.768,0,26.60528194
38.0,9.435,4.26,3.98,6.127436498,135.4199058,100.0,4.0,4.0,1.0,2.851,1,39.40188124
17.0,8.52,6.45,0.48,7.176233245,120.1994295,78.57,0.0,1.0,1.0,5.462,2,7.996798847
38.0,9.27,7.66,4.85,5.484977082,91.94484601,89.98,3.0,3.0,1.0,4.78,2,4.229805296
39.0,2.01,1.63,6.47,5.516262621,261.3393689,100.0,4.0,8.0,0.0,4.444,0,67.17109289
29.0,11.37,9.99,5.99,6.517502160499999,238.4121787,87.47,2.0,8.0,1.0,8.768,2,13.51502733
17.0,3.65,2.37,1.62,6.076707431,90.44182937,100.0,3.0,3.0,0.0,3.359,1,23.31331345
33.0,7.0,3.67,6.9,4.717713818,201.8648104,100.0,3.0,9.0,0.0,4.12,1,74.55162486
32.0,4.63,3.64,2.74,7.973211127,219.831921,100.0,1.0,1.0,0.0,5.633,1,35.81222075
22.0,2.38,3.771381605,7.57,7.247112126,25.19804585,100.0,1.0,6.0,0.0,0.179,0,93.67394824
31.0,3.23,0.99,0.57,6.330359964,277.5348914,100.0,1.0,1.0,0.0,7.004,0,5.019258204
22.0,11.86,10.43,3.89,6.933809578,110.8542778,75.97,0.0,2.0,1.0,7.103,2,-1.226043572
21.0,5.15,3.01,4.78,7.208495241,165.9822073,100.0,0.0,1.0,0.0,3.341,1,35.40994436
21.0,3.15,2.45,1.98,6.321540977,165.9822073,100.0,0.0,1.0,0.0,4.181,1,20.32066965
17.0,3.07,1.16,6.17,6.432770895,287.1990599,100.0,1.0,4.0,0.0,5.104,0,80.06122155
15.0,9.19,4.94,5.02,8.944001346,192.5454554,100.0,2.0,6.0,1.0,7.629,1,57.97413372
18.0,10.55,4.88,0.14,4.484582455,189.7510329,73.82,3.0,2.0,1.0,9.193,1,-9.291006457
39.0,4.57,2.17,4.87,6.685599219,189.3455222,100.0,2.0,3.0,0.0,4.944,1,61.20515494
19.0,2.21,0.83,3.93,8.17693169,128.234221,100.0,0.0,4.0,0.0,2.506,0,71.13353187
15.0,4.23,3.31,1.57,7.956399419,238.16004,100.0,2.0,4.0,0.0,6.404,1,22.7908053
29.0,2.57,0.79,7.97,8.795156379,165.9822073,100.0,1.0,9.0,0.0,-0.666,0,108.4246459
19.0,3.03,1.48,7.18,5.830961552,77.71542703,100.0,3.0,7.0,0.0,0.561,0,85.0720478
27.0,6.32,2.56,2.34,5.490371831,122.5191407,100.0,2.0,4.0,1.0,5.338,1,14.19999264
22.0,4.3,2.81,4.33,8.557887304,305.3961111,100.0,1.0,4.0,0.0,6.371,1,56.32430276
22.0,7.16,3.24,2.53,6.171340061,196.9392015,97.86,2.0,2.0,1.0,7.061,1,31.44743263
19.0,4.53,2.06,6.2,6.752824664,119.2971154,100.0,2.0,6.0,0.0,3.085,1,68.84928783
23.0,11.41,6.77,7.44,5.067496118,97.44801194,99.54,2.0,9.0,1.0,5.253,2,41.36522992
15.0,11.06,7.65,2.87,7.056194668,97.06387405,86.89,0.0,1.0,1.0,6.989,2,11.61420256
27.0,7.67,2.86,6.44,6.353053155,214.4438836,100.0,2.0,8.0,1.0,6.603,1,82.62283493
17.0,5.54,2.25,3.99,5.656593923,231.1108659,100.0,4.0,1.0,0.0,6.433,1,27.07283715
16.0,5.81,2.6,3.17,6.402477915,125.6548765,100.0,0.0,4.0,0.0,4.914,1,38.4163717
22.0,6.12,3.771381605,7.51,7.472961428,99.62942339,100.0,2.0,6.0,1.0,3.167,2,57.26914232
27.0,9.28,5.0,4.08,4.804044679,300.2639874,89.67,4.0,3.0,1.0,9.196,2,17.91172466
23.0,6.52,4.3,3.74,7.355135687,249.8614492,99.51,1.0,2.0,1.0,7.458,1,26.67926897
16.0,10.57,4.7,5.38,6.031408834,193.6413692,100.0,0.0,8.0,1.0,7.771,1,41.00907964
28.0,11.44,6.8,2.09,5.329094543,276.1383347,75.05,3.0,1.0,1.0,10.353,2,3.835924817
28.0,5.36,1.85,2.6,7.72399351,55.10020975,100.0,2.0,1.0,0.0,3.04,0,53.63702449
18.0,7.61,2.44,7.46,5.431098551,274.7862927,100.0,2.0,8.0,1.0,7.087,1,78.30570966
20.0,2.95,1.71,5.43,5.324173341,258.1786896,100.0,3.0,5.0,0.0,5.186,1,69.41268253
25.0,4.0,2.16,6.61,5.899729839,131.9222879,100.0,2.0,8.0,0.0,3.057,1,75.82505847
17.0,6.13,2.34,2.17,6.517502160499999,64.35613549,100.0,2.0,3.0,1.0,3.674,1,18.67221544
27.0,4.06,2.89,4.1412097370000005,8.979378291,187.5740492,100.0,2.0,3.0,0.0,4.965,1,56.18466895
17.0,10.77,9.65,7.77,4.121482977,85.67703309,86.75,2.0,9.0,1.0,4.574,2,32.63471246
28.0,3.58,1.92,2.55,6.225376016,239.363527,100.0,3.0,3.0,0.0,6.365,0,44.68379528
27.0,6.56,4.43,1.28,3.94872876,156.2442106,91.82,2.0,3.0,1.0,5.356,1,3.879166089
27.0,8.06,7.07,4.09,7.81705832,56.14125326,100.0,2.0,2.0,1.0,4.083,2,22.9874328
16.0,8.92,7.13,3.1,5.749946254,90.92271857,89.91,0.0,4.0,1.0,5.11,2,-0.453364741
27.0,5.83,3.37,1.28,7.058325701,92.45508096,100.0,1.0,2.0,0.0,4.231,1,0.352171678
33.0,7.0,7.94,7.11,5.117768066,244.7128845,88.9,2.0,8.0,0.0,5.462,2,37.4684048
20.0,7.68,2.89,7.93,7.880786086,57.90984121,100.0,2.0,5.0,1.0,2.781,1,36.179356595
30.0,6.4,3.89,4.55,6.517502160499999,261.8535345,100.0,2.0,1.0,1.0,6.975,1,32.02116923
16.0,2.67,1.25,6.2,8.638635003,71.62193219,100.0,2.0,5.0,0.0,0.375,0,82.03499198
22.0,6.65,2.64,6.87,4.128265412,126.0731843,100.0,2.0,7.0,1.0,3.524,1,80.34808474
31.0,10.21,3.771381605,5.61,6.763896259,147.661802,100.0,1.0,5.0,1.0,6.002,2,47.24889113
37.0,8.15,3.09,0.35,7.865681852,284.0328444,93.71,2.0,2.0,1.0,9.57,1,36.179356595
16.0,10.32,7.42,1.26,7.038845806,283.9864465,78.07,1.0,3.0,1.0,10.242,2,0.339896695
24.0,6.94,3.771381605,0.57,3.674054514,50.325204,93.26,2.0,1.0,1.0,4.479,1,-6.526232248
30.0,3.18,1.97,0.08,8.728243211,256.7690116,100.0,1.0,4.0,0.0,7.026,0,24.08062158
20.0,2.14,0.83,2.45,4.978915325,126.7402067,100.0,2.0,3.0,0.0,2.655,0,32.31448733
16.0,5.03,1.93,3.14,5.807511053,59.10645895,100.0,3.0,1.0,0.0,2.473,0,49.98514001
16.0,7.0,5.84,1.93,5.878209305,94.43979597,92.81,1.0,1.0,0.0,5.462,2,24.16658357
27.0,9.9,8.82,0.52,6.517502160499999,165.9822073,71.51,0.0,3.0,1.0,5.462,2,-4.75646815
38.0,4.96,1.77,4.24,7.177353854,78.23531383,100.0,2.0,1.0,0.0,3.088,0,63.81988625
29.0,6.96,3.28,2.19,5.593691478,97.82602068,100.0,4.0,1.0,1.0,4.903,1,7.171618425
16.0,6.21,5.1,6.37,6.72441339,252.3125165,100.0,1.0,5.0,1.0,5.854,2,56.09756694
21.0,9.165,2.1,0.06,6.653523853,271.0447697,100.0,2.0,2.0,1.0,5.677,1,15.82497381
17.0,4.31,3.56,6.74,6.04546271,83.08310075,100.0,3.0,6.0,0.0,1.653,1,53.06411221
22.0,3.36,2.06,7.64,9.207147605,165.9822073,100.0,0.0,9.0,0.0,1.788,1,90.5402818
37.0,3.97,2.16,5.73,8.326250565,165.9822073,100.0,2.0,6.0,0.0,5.646,1,75.72312768
28.0,2.55,1.24,5.87,5.946502021,144.4536969,100.0,0.0,9.0,0.0,2.594,0,70.86094145
38.0,3.98,1.9,7.47,4.220457836,157.9889618,100.0,4.0,8.0,0.0,2.949,0,61.75435213
37.0,2.09,1.01,1.67,8.82198274,113.5234434,100.0,0.0,4.0,0.0,2.604,0,56.77573099
36.0,8.27,6.87,7.96,4.892485996,212.738076,100.0,3.0,7.0,1.0,6.267,2,40.30597545
21.0,5.16,3.79,6.19,5.671385883,250.6851786,100.0,4.0,5.0,0.0,5.703,1,43.15444417
35.0,11.73,8.23,5.81,4.653719425,49.97607909,96.42,3.0,8.0,1.0,5.722,2,17.1210031
21.0,3.94,3.07,2.89,4.977968954,233.1460044,100.0,4.0,1.0,0.0,5.823,1,12.01506413
15.0,5.46,2.48,4.1412097370000005,8.432118106,90.81020842,100.0,2.0,4.0,0.0,5.462,1,69.35477351
31.0,5.58,3.74,5.23,6.517502160499999,165.9822073,100.0,2.0,8.0,0.0,5.462,1,67.29136298
23.0,2.08,1.2,4.96,8.793070005,135.8360543,100.0,0.0,4.0,0.0,2.152,0,89.80925246
35.0,10.39,7.99,4.1412097370000005,5.988393371,115.6046913,97.5,2.0,2.0,1.0,5.462,2,25.20633804
27.0,2.32,1.13,0.66,6.123387682,163.7345539,100.0,1.0,1.0,0.0,4.182,0,26.49470972
35.0,11.4,7.82,2.85,8.270779432,118.5468762,88.01,2.0,3.0,1.0,7.265,2,-1.808899931
33.0,10.92,9.06,3.47,8.112440072,80.26149788,92.74,1.0,3.0,1.0,6.219,2,20.59664803
35.0,7.36,3.98,2.09,6.983181911,50.77901102,100.0,1.0,2.0,1.0,3.693,1,25.48114137
33.0,7.44,2.53,1.38,6.517502160499999,200.5276019,98.93,2.0,3.0,1.0,6.826,1,2.422749039
39.0,8.54,5.21,1.11,7.908963346,128.6384865,100.0,2.0,3.0,1.0,5.937,2,42.55722989
39.0,5.87,2.98,2.93,5.35912232,101.9883785,100.0,4.0,1.0,0.0,4.436,1,25.63652789
36.0,8.47,5.96,3.95,6.682620909,119.608548,95.06,1.0,2.0,1.0,5.09,2,8.302690223
31.0,2.45,2.13,0.5,6.91904813,250.3923203,100.0,0.0,2.0,0.0,5.815,1,27.22653045
37.0,2.54,1.5,7.57,7.225973594,230.1064891,100.0,2.0,6.0,0.0,4.119,0,97.52272347
37.0,6.57,3.81,6.12,8.042544238,174.9972169,100.0,1.0,5.0,1.0,4.329,1,54.66232267
24.0,7.5,5.2,5.85,7.378595448,226.4136936,100.0,0.0,6.0,1.0,6.395,2,42.63702394
24.0,10.88,3.94,1.38,4.512043618,29.98490872,98.75,4.0,1.0,1.0,5.446,1,-0.721910879
18.0,3.05,1.38,4.83,5.981842105,77.8622602,100.0,2.0,2.0,0.0,1.696,0,68.63728045
27.0,15.345,8.71,4.1412097370000005,7.300420705,127.8001658,90.48,2.0,3.0,1.0,5.462,2,9.797332281
36.0,4.1,3.771381605,7.86,5.378291842,230.2710401,100.0,3.0,6.0,0.0,4.272,1,68.94590679
34.0,5.94,1.83,5.98,5.24143836,219.7599733,100.0,4.0,9.0,0.0,5.156,0,67.12452434
34.0,5.17,2.19,4.61,5.443997616,80.94044873,100.0,2.0,4.0,0.0,2.822,1,27.98035428
32.0,6.0,4.26,6.81,6.032762708,165.9822073,100.0,1.0,5.0,0.0,6.797,1,49.95289451
28.0,3.5,2.66,1.24,6.517502160499999,263.6426647,100.0,2.0,3.0,0.0,6.578,1,27.84861673
32.0,7.04,5.66,0.12,5.848210248,312.791183,74.87,2.0,4.0,1.0,8.884,2,-0.09896155
27.0,10.02,4.76,5.52,5.483564222,19.10827647,100.0,1.0,8.0,1.0,3.934,1,46.89339158
34.0,6.42,5.51,0.79,8.195051391,210.4726275,80.23,2.0,3.0,1.0,7.093,2,10.95981393
35.0,6.91,4.37,0.92,4.208653248,111.679906,84.73,2.0,1.0,1.0,5.759,1,36.179356595
38.0,10.49,7.53,5.96,9.192896522,68.47137919,100.0,0.0,5.0,1.0,4.397,2,36.1068861
29.0,9.06,5.96,2.16,5.468542558,100.914667,93.85,2.0,3.0,1.0,5.482,2,36.179356595
36.0,6.9,2.58,5.03,8.116476463,36.10136128,100.0,0.0,8.0,1.0,3.481,1,70.80297837
18.0,4.58,4.02,7.34,4.082725514,264.8545408,100.0,2.0,5.0,0.0,5.508,1,56.07305119
27.0,10.85,4.05,2.53,4.611058806,266.0440327,88.68,2.0,3.0,1.0,10.166,1,-4.814832319
37.0,7.77,3.52,1.74,5.84822776,160.9032638,100.0,2.0,1.0,1.0,6.643,1,23.86298167
22.0,4.21,3.32,0.85,5.643744147,117.8288632,96.96,3.0,2.0,0.0,3.81,1,1.916919446
32.0,4.69,3.15,1.04,8.479858927,234.0892251,99.22,1.0,4.0,0.0,6.693,1,23.84954896
26.0,10.03,8.05,0.5,3.386260977,24.55730556,72.91,3.0,2.0,1.0,5.645,2,-0.15305389
37.0,2.44,1.49,0.7,6.517502160499999,246.4259175,97.48,2.0,4.0,0.0,5.99,0,20.94750209
28.0,11.92,6.27,3.46,4.85769719,165.9822073,100.0,4.0,3.0,1.0,6.582,2,-4.198916423
16.0,3.3,2.82,2.57,7.716366174,22.71539235,100.0,2.0,3.0,0.0,1.979,1,43.70855944
32.0,9.96,3.771381605,5.65,7.760930205,237.8962157,100.0,0.0,7.0,1.0,7.885,1,69.81201065
38.0,5.95,4.84,6.96,6.940414733,169.6995854,100.0,2.0,5.0,0.0,4.687,1,51.27401041
16.0,6.92,3.03,6.28,5.743612963,35.34524081,100.0,3.0,6.0,1.0,2.476,1,47.17535978
25.0,10.81,8.75,4.25,6.576426735,279.1274109,76.28,0.0,3.0,1.0,9.77,2,7.285059303
23.0,6.13,2.35,0.82,4.375216866,181.1861467,97.08,4.0,4.0,1.0,6.479,1,12.17869106
26.0,7.37,4.78,5.68,4.847551579,87.36252196,100.0,4.0,6.0,1.0,3.601,1,50.67164222
31.0,2.49,2.07,2.9,7.039109241,76.41582483,100.0,0.0,4.0,0.0,2.475,1,40.61318308
29.0,2.02,1.18,0.69,8.904153365,97.17829155,100.0,1.0,3.0,0.0,2.643,0,36.06138501
39.0,4.45,3.33,6.74,8.128756661,75.43648599,100.0,1.0,8.0,0.0,1.783,1,89.52454971
31.0,8.81,6.9,2.71,6.190324149,218.5998657,80.15,0.0,3.0,1.0,7.532,2,-2.499187
32.0,3.21,2.38,1.75,5.530364448,71.78619137,100.0,2.0,2.0,0.0,2.5,1,29.85218424
36.0,3.14,2.69,6.97,6.517502160499999,151.0002264,100.0,2.0,8.0,0.0,2.759,1,89.52906541
20.0,6.11,3.47,7.22,6.422295429,89.15786152,100.0,0.0,4.0,1.0,2.809,1,86.78452245
31.0,8.48,3.771381605,2.71,5.980269735,139.4239528,100.0,2.0,3.0,1.0,6.187,1,26.71803257
37.0,9.12,3.771381605,4.1412097370000005,8.457751519,239.6321958,100.0,0.0,4.0,1.0,8.268,1,51.44311397
38.0,7.0,1.69,4.64,5.324429559,200.6275968,100.0,2.0,2.0,0.0,5.462,0,70.03299557
32.0,2.8,1.08,5.87,4.63934649,159.3987775,100.0,2.0,9.0,0.0,2.779,0,74.73035403
22.0,11.4,7.24,0.51,7.76189931,115.8671326,74.75,2.0,2.0,1.0,8.427,2,36.179356595
23.0,4.61,1.89,4.1412097370000005,4.774243805,180.1584339,100.0,2.0,1.0,0.0,4.32,0,53.56682961
20.0,15.795,3.4,7.62,5.634300974,96.43477793,100.0,4.0,8.0,1.0,3.719,1,63.97627779
19.0,10.63,3.42,2.1,5.911896169,77.18812501,100.0,1.0,3.0,1.0,6.345,1,6.842738209
26.0,9.73,3.771381605,7.27,7.119124572,262.9313566,93.77,0.0,6.0,1.0,7.784,2,52.07741259
39.0,3.69,2.42,7.6,9.121366909,99.91406538,100.0,1.0,6.0,0.0,1.525,1,89.03977306
25.0,10.22,5.26,2.15,5.301612162,66.64876351,91.5,2.0,2.0,1.0,6.025,2,-2.270181603
39.0,9.69,8.11,6.03,4.780041231,245.0902629,78.88,4.0,6.0,1.0,8.436,2,7.972609901
15.0,7.97,2.73,1.91,4.245574814,77.14960708,100.0,2.0,2.0,1.0,5.012,1,21.34780974
25.0,5.37,4.77,5.9,6.556094959,144.7063092,100.0,1.0,9.0,0.0,3.655,1,62.99345652
33.0,4.63,3.1,6.38,8.15272622,85.18499212,100.0,2.0,7.0,0.0,2.361,1,52.65595103
23.0,3.22,1.32,1.98,6.467508927,246.5969848,100.0,2.0,1.0,0.0,6.136,0,44.2220589
16.0,7.1,5.02,4.1412097370000005,4.647432739,212.3133754,100.0,4.0,6.0,1.0,5.631,2,24.74546393
26.0,7.85,5.95,6.5,7.178364784,244.7595683,100.0,0.0,8.0,1.0,7.235,2,45.48315385
18.0,5.59,3.12,2.87,6.690838208,216.6475478,100.0,0.0,4.0,0.0,6.474,1,54.36269857
18.0,6.75,5.51,1.34,4.924347269,124.4167317,87.09,3.0,4.0,1.0,5.093,2,-0.888060997
32.0,5.64,2.2,0.74,5.604770856,178.2209061,100.0,0.0,2.0,0.0,5.758,1,27.25938024
29.0,8.41,3.93,4.6,6.194756146,107.6214633,100.0,2.0,2.0,1.0,4.965,1,50.21057213
33.0,11.01,3.92,7.82,9.022379657,178.2575675,100.0,2.0,8.0,1.0,6.199,1,82.86771493
27.0,3.64,1.55,6.58,8.730913044,47.46526626,100.0,0.0,5.0,0.0,1.006,0,87.98422834
33.0,5.81,2.58,3.49,7.694368348,204.1635904,100.0,2.0,4.0,0.0,5.758,1,62.27672865
31.0,3.41,2.9,4.29,8.506001866,98.98852905,100.0,2.0,4.0,0.0,2.398,1,81.04789934
20.0,8.25,2.86,2.24,8.039958274,165.9822073,100.0,2.0,4.0,1.0,5.462,1,32.22191754
30.0,9.29,5.17,1.3,8.207942132,208.8951595,100.0,1.0,4.0,1.0,9.055,2,22.51434132
38.0,16.98,7.01,3.86,3.915847661,593.9048909,76.89,2.0,1.0,1.0,10.382,2,9.415208009
26.0,4.79,4.02,3.71,5.965525045,188.8800108,100.0,2.0,3.0,0.0,5.422,1,23.77158238
33.0,11.5,10.33,4.18,7.664538049,206.4301368,76.58,0.0,3.0,1.0,7.956,2,3.340210578
19.0,3.945,1.98,7.62,7.28447328,346.8395098,100.0,2.0,9.0,0.0,2.269,0,97.0510363
27.0,8.03,7.09,4.83,4.530198104,272.0380258,87.63,2.0,4.0,1.0,7.966,1,31.81329813
37.0,2.57,1.98,4.85,5.66392155,184.8358658,100.0,2.0,3.0,0.0,4.45,0,64.49046069
15.0,10.94,3.771381605,1.02,5.516065274,177.9504536,56.62,3.0,1.0,1.0,8.524,2,-3.126681938
39.0,7.3,5.29,7.97,4.92747886,165.9822073,100.0,3.0,5.0,1.0,5.462,2,52.3588444
38.0,8.69,3.02,4.1412097370000005,5.562467988,224.0796489,100.0,4.0,7.0,1.0,6.311,1,63.89716555
37.0,10.32,5.58,7.02,6.946023843,141.3531194,100.0,2.0,9.0,1.0,6.114,2,38.79181428
24.0,7.0,2.41,3.31,7.412156035,129.8695851,100.0,0.0,4.0,0.0,5.462,1,43.51985199
29.0,2.39,1.22,4.02,7.545249397,223.0146651,100.0,2.0,4.0,0.0,4.429,0,56.17690987
37.0,10.79,5.01,4.18,7.593941545,165.9822073,100.0,2.0,3.0,1.0,5.462,2,37.75502513
35.0,5.15,3.33,1.55,8.337534391,222.6226832,100.0,1.0,3.0,0.0,7.25,1,32.14975101
35.0,3.29,2.83,5.52,5.917869966,235.5974499,100.0,1.0,9.0,0.0,4.929,1,61.08682538
25.0,6.68,2.14,7.22,6.100093203,267.350421,100.0,4.0,5.0,1.0,6.654,1,100.4104716
27.0,7.98,6.08,1.31,4.125237913,148.2771521,72.03,4.0,1.0,1.0,7.097,2,1.547304327
19.0,2.31,1.69,0.69,8.750781624,282.6058649,100.0,1.0,2.0,0.0,6.188,0,24.13484469
27.0,4.75,4.17,5.91,4.583391161,216.0684846,100.0,4.0,7.0,0.0,5.122,1,56.35373776
38.0,2.33,2.0,2.19,7.481460025,290.5110843,100.0,1.0,3.0,0.0,5.968,1,34.3875385
26.0,6.2,4.7,4.99,5.639791838,268.1317159,94.23,2.0,1.0,1.0,7.143,1,19.71728026
25.0,10.95,6.7,5.57,8.363046533,100.258613,100.0,0.0,5.0,1.0,5.644,1,51.26634612
31.0,11.83,5.0,2.58,6.003921355,82.15880241,100.0,1.0,3.0,1.0,6.221,2,13.90256786
18.0,8.37,5.25,6.52,8.463871119,146.7365686,100.0,2.0,8.0,1.0,5.189,2,63.13023272
29.0,3.62,2.75,4.4,5.459579814,207.7051528,100.0,4.0,4.0,0.0,4.63,1,36.179356595
39.0,11.06,9.26,4.1412097370000005,5.209315976,110.5764457,82.21,4.0,2.0,1.0,5.462,2,7.919757666
23.0,7.16,5.54,6.11,6.820874491,227.9391939,100.0,0.0,4.0,1.0,6.527,2,42.73118736
35.0,7.0,1.48,6.95,9.063251724,147.1062276,100.0,1.0,6.0,0.0,2.565,0,80.40660256
34.0,11.22,7.4,0.16,6.373894059,209.2684222,80.4,0.0,1.0,1.0,9.642,2,1.09600046
27.0,14.355,4.78,1.95,8.402429787,147.1746902,100.0,2.0,3.0,1.0,5.32,1,27.68664495
33.0,9.32,2.85,0.72,7.989552828,262.5498386,98.45,2.0,1.0,1.0,10.084,1,22.04243884
26.0,9.09,3.82,3.54,8.05451706,128.6690085,100.0,0.0,2.0,1.0,6.063,1,16.84126464
19.0,4.0,1.47,7.12,6.667460399,172.0641323,100.0,0.0,8.0,0.0,3.804,0,98.37732544
24.0,4.11,3.31,3.74,6.349044152,139.415672,100.0,4.0,1.0,0.0,4.153,1,60.62997926
31.0,8.88,4.04,6.8,5.047334582,136.4265545,100.0,3.0,7.0,1.0,5.46,1,73.94470526
19.0,4.2,3.771381605,2.62,9.632685795,189.9401749,100.0,1.0,3.0,0.0,4.674,0,43.1432253
36.0,6.39,5.6,2.72,8.346445342,262.1619502,94.89,1.0,2.0,1.0,7.919,2,12.97759265
30.0,9.82,5.18,7.16,8.030727597,86.06248159,100.0,2.0,5.0,1.0,3.922,2,57.30206988
21.0,9.84,3.771381605,3.41,5.78095928,52.72871771,100.0,4.0,1.0,1.0,4.557,1,53.01031541
23.0,6.53,3.07,6.32,5.218954168,69.59510702,100.0,4.0,8.0,1.0,2.809,1,69.78823466
17.0,9.92,3.69,1.89,6.517502160499999,32.01972422,100.0,1.0,3.0,1.0,4.993,1,36.179356595
29.0,10.39,3.76,4.1412097370000005,4.125885472,189.990829,100.0,4.0,2.0,1.0,5.462,1,74.03629204
30.0,8.55,2.96,4.6,7.991351464,181.2372749,100.0,0.0,1.0,1.0,6.935,1,69.71110717
32.0,4.28,2.81,6.07,6.343235077,212.4393912,100.0,4.0,6.0,0.0,4.419,1,69.36939019
28.0,4.74,1.96,0.72,5.730031276,44.16949753,100.0,2.0,1.0,0.0,3.274,0,4.705789919
17.0,5.15,2.66,3.94,7.84557265,0.0,100.0,0.0,4.0,0.0,1.953,1,67.25969523
26.0,3.17,2.59,7.21,3.742135374,60.97113814,100.0,2.0,6.0,0.0,0.362,1,83.03631592
23.0,4.73,2.62,7.02,5.399689721,186.8286318,100.0,4.0,5.0,0.0,4.119,1,70.31320853
21.0,4.1,3.48,0.37,8.876130166,146.0838822,100.0,0.0,4.0,0.0,4.859,1,18.5793618
23.0,6.55,3.92,2.43,6.986269382,93.85784364,100.0,2.0,3.0,1.0,4.326,1,27.22348877
27.0,11.08,5.98,3.55,7.56205886,303.0807887,88.54,1.0,1.0,1.0,10.175,2,20.23382041
32.0,3.04,2.28,1.38,7.783846341,161.3934594,100.0,2.0,4.0,0.0,4.506,1,38.33699106
19.0,9.2,3.16,5.84,4.0380727,194.332133,100.0,3.0,6.0,1.0,6.208,1,56.51008212
27.0,8.87,3.14,1.48,4.94643629,232.6500959,91.82,4.0,1.0,1.0,8.731,1,23.75523546
18.0,2.96,2.05,2.77,6.700949782,148.6262627,100.0,0.0,3.0,0.0,3.549,1,34.39032133
16.0,11.23,6.65,5.31,6.234640676,165.9822073,100.0,3.0,6.0,1.0,4.462,2,25.86967066
30.0,7.68,5.95,3.86,6.04022508,213.163549,100.0,2.0,4.0,1.0,6.802,1,5.766823014
23.0,5.64,4.79,5.91,7.839311711,46.55322853,100.0,0.0,5.0,0.0,2.287,1,84.75261321
23.0,9.57,5.1,7.69,4.15554388,95.5410036,100.0,4.0,6.0,1.0,4.838,2,46.97669222
20.0,4.57,3.01,0.93,7.991098339,299.8297608,89.61,1.0,3.0,0.0,7.646,1,13.5448576
25.0,8.94,3.771381605,5.68,4.119787547,195.5966812,100.0,4.0,6.0,1.0,6.946,1,31.91993471
36.0,2.4,2.13,1.84,4.98778072,65.01248076,100.0,3.0,4.0,0.0,1.868,1,32.5588943
27.0,10.39,8.3,3.32,5.830918403,88.65671763,83.61,0.0,1.0,1.0,6.519,2,0.990827879
36.0,6.48,5.49,0.26,8.386605185,279.4570893,77.61,2.0,2.0,1.0,8.742,2,-4.07826602
15.0,7.0,3.79,1.09,5.182197611,235.3510801,89.42,3.0,4.0,0.0,5.462,1,-0.5540372
18.0,4.21,3.21,2.56,7.593602305,178.6519459,100.0,1.0,3.0,0.0,4.437,1,29.78163475
27.0,8.77,4.03,2.74,7.28307999,162.3285131,100.0,0.0,2.0,1.0,6.843,1,36.179356595
37.0,9.72,4.13,7.2,5.949340885,14.99051034,100.0,2.0,9.0,1.0,3.18,1,68.3728083
27.0,6.73,5.83,5.93,6.932483214,165.9822073,100.0,0.0,5.0,1.0,5.462,2,29.60527685
27.0,8.18,2.55,7.78,8.540570764,15.46305134,100.0,1.0,8.0,1.0,2.276,1,111.5246874
16.0,6.56,5.77,4.79,7.045367044,68.60042742,100.0,2.0,1.0,1.0,2.963,2,25.25306386
23.0,10.94,4.26,1.93,5.140965213,77.76936435,94.64,4.0,2.0,1.0,6.611,1,-4.3979974
38.0,10.47,3.771381605,2.62,7.544648193,44.04316765,100.0,0.0,3.0,1.0,3.184,2,30.37278953
22.0,10.42,4.85,2.56,6.683274099,299.4056652,92.29,0.0,3.0,1.0,10.282,1,-4.849253734
21.0,10.01,5.11,2.61,3.97587104,88.61712151,91.15,3.0,1.0,1.0,5.762,2,0.872539782
18.0,6.11,2.63,5.38,4.709573858,170.0096339,100.0,3.0,7.0,1.0,4.921,1,69.05672618
32.0,6.45,2.8,4.25,5.025374716,224.1138781,100.0,2.0,2.0,0.0,3.515,1,36.16129169
17.0,6.06,3.08,3.08,4.837553437,134.4352501,100.0,2.0,4.0,1.0,4.326,1,14.22332414
20.0,10.26,7.12,1.19,5.794747855,241.2051886,73.75,4.0,4.0,1.0,10.033,1,5.139834015
26.0,4.28,1.32,0.18,6.065711159,118.3340922,100.0,2.0,2.0,0.0,4.246,0,23.43110153
26.0,7.24,2.45,1.75,6.205489173,204.3945586,100.0,3.0,4.0,1.0,7.035,1,26.90937156
35.0,10.06,3.62,0.86,8.092340101,240.2847327,100.0,2.0,2.0,1.0,9.712,1,-5.985976983
22.0,8.295,3.05,6.28,6.751543656,210.2528697,100.0,2.0,6.0,0.0,2.601,1,80.01154971
36.0,8.42,6.64,0.9,7.572210845,129.2450818,83.92,2.0,3.0,1.0,6.76,2,7.834512285
36.0,4.46,3.71,5.79,7.288647751,183.0622856,100.0,0.0,7.0,0.0,4.053,1,67.04101128
15.0,3.09,1.38,3.09,3.923889491,273.0750101,100.0,2.0,3.0,0.0,6.358,0,32.2712038
18.0,9.94,6.41,0.59,6.627892023,207.2343006,73.92,0.0,2.0,1.0,8.833,1,-8.15860866
35.0,2.99,2.28,6.5,8.056703399,20.59490551,100.0,1.0,7.0,0.0,0.005,1,82.32021175
25.0,4.71,2.23,4.64,6.517502160499999,107.3239973,100.0,2.0,3.0,0.0,3.763,1,50.95562446
17.0,10.55,5.75,1.89,5.118836817,251.3837642,89.86,2.0,2.0,1.0,9.688,2,0.190032379
27.0,5.46,3.35,7.16,5.38417536,233.2909248,100.0,2.0,5.0,0.0,5.342,1,67.79116697
39.0,11.73,4.47,0.36,5.561603811,194.003149,91.86,4.0,3.0,1.0,9.777,1,7.322051772
31.0,11.8,3.72,1.61,5.598622757,165.9822073,91.95,3.0,2.0,1.0,11.357,1,28.70275538
36.0,4.68,3.771381605,6.02,4.768323251,270.3892392,100.0,2.0,7.0,0.0,6.054,0,67.2382974
36.0,2.41,1.63,5.68,5.221280384,165.9822073,100.0,2.0,6.0,0.0,0.741,0,75.23863959
24.0,9.05,3.11,2.31,7.338726602,51.39620447,100.0,1.0,1.0,1.0,4.572,1,19.57976205
27.0,6.51,2.69,0.5,6.685735925,223.5269519,94.95,2.0,4.0,1.0,7.445,1,8.647551769
26.0,3.01,1.51,6.86,7.472458796,166.3267385,100.0,2.0,7.0,0.0,3.367,0,85.6659981
29.0,9.08,3.15,2.51,6.469468675,116.3766376,100.0,2.0,1.0,1.0,5.687,1,26.29099485
35.0,2.31,0.96,1.57,6.585697124,205.681094,100.0,2.0,1.0,0.0,4.684,0,32.60019734
24.0,10.7,9.06,4.13,5.857894415,177.6051023,88.37,3.0,3.0,1.0,7.491,2,2.119432016
28.0,3.39,1.06,7.28,6.517502160499999,85.13122936,100.0,0.0,9.0,0.0,1.531,0,105.8134792
27.0,3.27,2.26,0.35,4.3975079,22.39940809,100.0,2.0,1.0,0.0,2.11,1,1.471309132
19.0,3.76,2.0,6.13,6.258617639,307.339058,100.0,2.0,6.0,0.0,6.021,1,58.94559702
20.0,11.6,8.16,4.58,7.41071181,264.087898,92.3,2.0,2.0,1.0,9.046,2,36.179356595
38.0,8.93,5.83,3.4,4.717646157,158.148573,90.88,3.0,3.0,1.0,6.625,2,4.006718508
16.0,10.01,4.35,5.95,5.267711962,248.8509768,100.0,2.0,5.0,1.0,8.8,1,40.74941807
36.0,5.98,4.83,7.73,4.635616278,224.0074148,100.0,4.0,5.0,0.0,5.611,1,57.65241261
31.0,5.36,3.19,1.83,4.749766834,52.40913248,100.0,2.0,3.0,0.0,2.611,1,16.13666739
18.0,4.34,3.44,1.15,5.877414374,105.6502591,100.0,2.0,2.0,0.0,3.865,1,6.094598896
28.0,6.81,3.7,7.3,6.517502160499999,25.05785975,100.0,1.0,6.0,1.0,1.715,1,68.54054344
24.0,7.52,6.7,5.35,6.285551896,190.580107,94.19,4.0,9.0,1.0,5.575,2,11.86697197
17.0,8.32,6.34,3.5,6.517502160499999,240.9304819,90.44,0.0,2.0,1.0,7.95,2,1.487443017
39.0,4.57,4.02,4.59,7.108195206,198.1663284,100.0,0.0,3.0,0.0,4.908,1,54.24714787
17.0,11.49,6.99,5.96,6.946509421,295.3815097,97.39,1.0,5.0,1.0,9.597,2,28.74312793
29.0,3.7,2.16,6.18,8.332837871,270.4234879,100.0,2.0,6.0,0.0,5.696,1,77.89724505
27.0,11.66,8.78,7.36,8.352858435,158.1807143,100.0,0.0,6.0,1.0,7.342,2,56.70800816
31.0,2.15,1.78,3.41,8.111615432,60.56135261,100.0,2.0,2.0,0.0,1.992,0,36.179356595
26.0,6.81,5.98,2.35,8.905679794,60.46279525,100.0,2.0,2.0,1.0,3.92,2,19.72746872
36.0,5.33,2.64,5.12,5.852910805,73.01017772,100.0,2.0,5.0,0.0,2.749,1,54.38892738
34.0,6.49,5.06,3.33,7.086920471,305.7692869,90.47,0.0,1.0,1.0,8.186,2,18.77232542
38.0,7.71,3.29,4.1412097370000005,8.627364592,35.20904921,100.0,0.0,1.0,1.0,3.427,1,54.09773612
25.0,6.36,3.99,3.36,7.083118977,4.139208992,100.0,1.0,2.0,1.0,2.632,1,44.48496376
39.0,6.15,2.51,1.22,8.301074365,134.3840385,100.0,1.0,3.0,1.0,5.269,1,26.72533231
18.0,13.995,4.74,3.76,4.036155803,228.2411116,83.21,2.0,4.0,1.0,5.777,1,10.94450472
20.0,8.86,7.61,5.53,5.495864092,115.9445369,95.86,0.0,5.0,1.0,5.131,2,36.179356595
15.0,10.33,4.0,6.39,8.855802704,217.1996263,100.0,1.0,6.0,1.0,7.468,1,53.27856703
34.0,4.5,3.06,3.95,5.081539146,242.6061428,100.0,4.0,3.0,0.0,5.685,1,23.30415882
37.0,8.1,5.31,1.32,6.517502160499999,135.4727336,98.51,2.0,4.0,1.0,5.694,2,12.8709489
30.0,7.85,2.92,3.32,4.908023979,218.0621709,99.9,2.0,1.0,1.0,7.449,1,20.00380656
29.0,5.7,3.771381605,6.29,7.285768801,135.7329472,100.0,2.0,9.0,0.0,3.643,1,77.76808673
31.0,6.86,4.38,3.3,9.369126313,165.9822073,97.46,0.0,4.0,1.0,7.86,1,30.67072472
22.0,5.14,2.12,5.57,5.879197172,98.33483123,100.0,2.0,7.0,0.0,2.499,1,36.179356595
26.0,3.42,2.67,4.06,3.675193817,263.394546,100.0,3.0,3.0,0.0,5.932,1,28.86806258
36.0,4.14,3.771381605,1.93,4.396867149,94.97325031,94.78,2.0,4.0,0.0,3.451,1,5.044448597
35.0,3.06,1.31,6.37,8.864893341,235.8741625,100.0,0.0,5.0,0.0,3.919,0,95.73779837
24.0,8.83,3.64,0.67,8.009998836,281.2268503,91.46,2.0,2.0,1.0,9.834,1,-2.06410655
29.0,8.61,4.93,4.2,4.225874142,268.1321936,85.75,2.0,1.0,1.0,8.145,1,22.16835127
23.0,11.51,8.62,1.67,5.20540975,186.6476668,100.0,2.0,4.0,1.0,9.014,2,-0.802598877
16.0,9.3,4.36,0.54,8.846382894,7.171655885,100.0,2.0,1.0,1.0,5.008,1,21.55628668
19.0,2.52,0.79,4.02,8.118067138,53.37881662,100.0,1.0,4.0,0.0,0.874,0,74.44494475
20.0,10.84,6.77,4.0,5.268558502,99.78818689,92.88,3.0,2.0,1.0,6.04,2,18.32827835
21.0,10.63,9.29,5.66,5.439153738,139.2667172,93.97,3.0,9.0,1.0,6.117,2,9.650679082
35.0,6.43,3.44,5.96,7.886881892,165.4989778,100.0,1.0,5.0,1.0,4.587,1,65.65692163
39.0,7.0,4.34,5.82,6.348267745,48.54305369,100.0,0.0,8.0,1.0,3.164,1,73.02549432
15.0,11.76,10.36,3.28,8.363387928,101.4517829,78.65,0.0,1.0,1.0,7.056,2,-1.561996648
37.0,7.32,5.25,5.05,5.830104141,162.4927709,100.0,2.0,9.0,1.0,5.585,2,3.576311171
21.0,11.05,8.08,4.62,7.723161792,122.1564447,96.41,1.0,2.0,1.0,5.979,2,8.576864713
34.0,2.83,1.8,3.37,6.720373177,252.9366475,100.0,1.0,1.0,0.0,5.544,0,39.77288673
39.0,3.91,3.46,4.78,8.481012458,267.3524162,100.0,2.0,1.0,0.0,5.921,1,74.82775102
26.0,6.41,4.57,7.58,5.532906144,44.40844154,100.0,4.0,7.0,1.0,1.471,1,70.04207725
30.0,7.85,6.57,1.54,4.782019747,233.0673603,72.66,4.0,3.0,1.0,7.983,2,-3.637898423
30.0,10.16,7.31,7.25,5.703679533,264.7142024,100.0,4.0,5.0,1.0,8.445,2,14.64239927
25.0,11.88,8.8,4.1412097370000005,7.140230553,166.8258321,71.42,0.0,2.0,1.0,8.971,2,-0.82638397
35.0,5.89,2.79,2.47,6.573799383,71.29024149,100.0,2.0,1.0,0.0,3.504,1,48.60588912
18.0,2.47,1.19,2.31,5.448646846,130.7729529,100.0,2.0,3.0,0.0,3.442,0,24.49755913
27.0,10.01,7.71,5.01,6.717383475,61.25055087,99.14,2.0,8.0,1.0,4.302,1,0.931888088
21.0,8.04,3.771381605,1.05,4.291870462,193.4849269,86.01,4.0,3.0,1.0,7.485,1,18.18032642
18.0,3.99,2.54,7.06,4.831432171,57.57278393,100.0,4.0,7.0,0.0,0.897,1,79.2671672
27.0,6.95,3.12,6.63,5.692980844,161.0491261,100.0,3.0,9.0,1.0,4.866,1,58.51940977
33.0,9.42,7.44,5.22,7.020650532,202.9217631,91.69,0.0,8.0,1.0,7.644,2,15.41931442
23.0,9.7,3.55,3.67,7.004983127,23.50319895,100.0,1.0,1.0,1.0,4.549,1,41.89189223
25.0,7.0,5.58,7.46,8.221553416,149.6039367,100.0,0.0,9.0,1.0,4.402,1,59.7118011
22.0,5.05,3.34,6.65,9.314357724,98.21812419,100.0,0.0,7.0,0.0,2.21,1,73.78759888
15.0,11.74,4.84,3.99,6.257562776,89.82268377,100.0,1.0,2.0,1.0,6.353,1,28.51932436
37.0,8.63,5.4,5.61,7.820281414,130.037282,100.0,2.0,5.0,1.0,4.772,2,45.72157577
39.0,6.08,2.85,4.54,4.248558259,83.68254776,100.0,4.0,1.0,1.0,2.918,1,73.40279123
38.0,4.8,2.37,4.7,4.541507655,163.0289278,100.0,4.0,1.0,0.0,4.19,1,65.84698185
22.0,9.31,4.76,2.65,5.11713371,36.92511999,91.83,3.0,3.0,1.0,4.32,1,15.87278893
27.0,4.42,1.49,3.7,6.161314342,273.0120771,100.0,0.0,1.0,0.0,7.06,0,57.11652808
36.0,3.72,3.32,0.62,5.623078197,73.97530699,93.57,4.0,4.0,0.0,2.874,1,-4.390080967
18.0,7.3,2.33,2.86,5.568790065,88.33169896,100.0,2.0,4.0,1.0,4.972,1,33.75513203
22.0,4.9,3.42,4.1412097370000005,7.482247881,258.8658833,100.0,0.0,8.0,0.0,6.279,1,57.26111569
17.0,7.0,3.771381605,7.63,5.388972542,159.8437213,100.0,3.0,6.0,1.0,5.136,1,52.36117195
23.0,3.18,2.19,7.7,6.517502160499999,215.7505977,100.0,0.0,8.0,0.0,3.34,1,82.9801761
16.0,8.55,4.39,4.45,5.996215223,120.5168631,100.0,2.0,4.0,1.0,5.7,1,35.28032545
16.0,4.83,3.4,4.85,4.46779994,116.1694974,100.0,2.0,4.0,0.0,3.6,1,61.3185677
27.0,2.0,1.48,1.49,5.202571735,276.9523567,100.0,4.0,1.0,0.0,5.913,0,24.36517889
29.0,3.27,2.34,5.56,4.408734328,120.5013887,100.0,3.0,5.0,0.0,2.187,1,69.63581979
27.0,17.01,4.18,0.57,6.517502160499999,125.0675997,90.78,3.0,2.0,1.0,7.059,1,9.928181182
26.0,10.67,3.771381605,2.28,7.469764226,260.9276433,85.1,1.0,2.0,1.0,10.411,2,4.044709092
18.0,4.34,2.03,5.35,6.517502160499999,116.7101332,100.0,0.0,5.0,0.0,5.462,1,67.00898841
22.0,9.78,3.1,2.48,5.456720832,165.9822073,97.41,4.0,3.0,1.0,9.606,1,17.34804149
23.0,8.09,4.44,0.4,6.328319514,199.9450828,94.12,2.0,2.0,1.0,7.805,1,-1.539961489
37.0,11.71,6.56,6.65,8.288980151,34.90879464,100.0,1.0,9.0,1.0,4.3,2,60.14965862
19.0,5.74,3.33,2.48,5.291359575,48.53064751,100.0,2.0,3.0,0.0,2.926,1,7.412796223
38.0,8.81,6.37,0.5,4.641710844,115.9176444,83.9,2.0,1.0,1.0,6.715,2,7.800467426
34.0,2.64,1.28,0.6,6.99618749,311.0317214,99.36,2.0,2.0,0.0,6.9,0,18.00368412
32.0,5.96,2.92,4.1412097370000005,6.070333203,238.1408466,100.0,1.0,1.0,0.0,5.462,1,9.831625762
25.0,11.64,3.91,1.42,6.691784886,114.759323,99.25,2.0,3.0,1.0,7.694,1,22.79215886
29.0,7.39,5.26,6.19,6.945188372,114.8580935,100.0,2.0,8.0,1.0,4.078,2,72.65005294
36.0,4.88,3.13,4.1412097370000005,5.117378776,165.9822073,100.0,3.0,1.0,0.0,5.462,1,2.838066167
23.0,3.2,1.63,6.44,6.475215265,75.91800896,100.0,2.0,7.0,0.0,1.288,0,93.8559933
31.0,9.04,6.54,1.39,5.422354855,23.35078074,78.84,2.0,3.0,1.0,5.083,2,4.236636387
26.0,8.45,5.26,3.94,8.208557021,301.751576,94.84,1.0,2.0,1.0,8.823,2,32.7225889
21.0,5.74,3.34,5.5,8.335524982,3.209107844,100.0,2.0,6.0,0.0,1.8,1,68.77985065
24.0,11.51,6.98,5.22,5.319280395,14.77393926,100.0,2.0,9.0,1.0,4.689,2,-4.219726451
39.0,2.22,1.51,4.81,4.41274353,41.34317614,100.0,4.0,4.0,1.0,0.427,0,65.72791889
39.0,5.04,3.51,7.4,4.560218177,38.36532219,100.0,2.0,7.0,0.0,0.92,1,63.25230932
24.0,7.0,5.31,1.83,4.63971993,200.3173268,74.33,2.0,1.0,1.0,9.276,2,7.067009495
27.0,5.21,2.0,3.95,5.365008253,122.5170852,100.0,3.0,1.0,0.0,3.86,1,33.46848542
33.0,4.52,1.78,7.07,6.818932561,278.4568569,100.0,1.0,6.0,0.0,5.519,0,36.179356595
25.0,7.34,5.02,0.62,8.894560759,266.3378294,92.54,0.0,4.0,1.0,8.744,2,8.180178003
27.0,10.24,8.43,0.45,6.548425765,231.6501655,62.92,2.0,2.0,1.0,9.265,2,-1.698223071
35.0,7.0,1.65,1.87,4.776579474,552.0289003,100.0,4.0,4.0,0.0,5.462,0,34.54706553
22.0,11.43,4.59,5.06,4.769691759,139.0813749,100.0,3.0,7.0,1.0,7.257,1,38.79879448
22.0,9.95,7.5,2.08,4.25489263,169.0402565,73.32,2.0,4.0,1.0,8.271,2,-1.888055915
18.0,3.81,3.05,1.52,4.429618558,127.3414668,91.95,3.0,3.0,0.0,3.809,1,25.01299548
29.0,9.12,7.55,3.67,7.686887948,32.53631208,100.0,0.0,4.0,1.0,4.439,2,8.915602001
25.0,5.85,3.88,4.91,6.517502160499999,92.95894766,100.0,1.0,2.0,0.0,3.092,1,39.55736843
25.0,6.02,4.91,1.99,8.544130149,44.99430726,100.0,0.0,2.0,1.0,3.353,1,46.88667016
15.0,9.83,3.04,2.41,7.34779034,164.7290266,97.11,1.0,1.0,1.0,7.492,1,21.74648178
31.0,11.63,4.24,4.91,6.530874705,88.20146119,100.0,2.0,1.0,1.0,6.102,1,48.31187601
29.0,3.27,1.16,7.57,5.594074616,284.8015586,100.0,3.0,7.0,0.0,4.784,0,76.06026916
34.0,6.21,4.52,5.4,7.073311455,194.9955102,100.0,1.0,8.0,1.0,5.105,1,38.91122417
20.0,6.81,2.33,6.26,6.000976437,132.5725987,100.0,1.0,9.0,1.0,4.107,1,61.61361857
38.0,5.76,3.44,2.93,5.10768077,136.5687831,100.0,4.0,1.0,0.0,5.021,1,36.179356595
36.0,5.63,3.29,2.18,5.423474673,331.7707868,89.01,4.0,2.0,0.0,7.961,1,33.4456499
39.0,2.52,1.23,3.63,8.596687835,235.3956215,100.0,2.0,3.0,0.0,4.311,0,56.89486867
29.0,8.86,7.29,6.46,5.153441396,27.17522835,100.0,4.0,7.0,1.0,3.272,2,25.51543971
23.0,6.36,2.56,3.65,5.996529251,295.6148058,100.0,0.0,2.0,1.0,7.985,1,47.11738178
28.0,3.95,2.02,6.77,4.993393524,190.5972686,100.0,4.0,5.0,0.0,3.864,1,69.25728217
32.0,10.16,7.77,7.91,4.484341742,126.2333764,94.89,2.0,6.0,1.0,5.067,2,51.94364856
31.0,10.03,3.19,0.58,4.396149934,269.1264393,96.51,3.0,2.0,1.0,10.161,1,-1.064627738
32.0,6.86,4.83,0.36,6.033128994,16.72756346,85.38,3.0,3.0,1.0,4.062,1,8.615083186
19.0,4.98,3.93,1.2,7.495627054,130.5881135,100.0,0.0,3.0,0.0,5.01,1,23.5516933
34.0,8.38,7.2,3.07,6.18536391,187.3023438,95.09,2.0,1.0,1.0,6.709,2,-4.417597644
27.0,4.88,4.03,1.05,7.742087079,98.48720505,100.0,2.0,1.0,0.0,3.885,1,5.055097224
23.0,4.36,2.14,6.97,7.152703934,164.6683865,100.0,1.0,9.0,0.0,3.389,1,103.2199742
25.0,9.31,3.771381605,0.19,4.657212878,63.17476946,80.66,4.0,1.0,1.0,5.878,2,-6.453189622
38.0,2.4,3.771381605,4.1412097370000005,6.580195087,55.03040953,100.0,1.0,1.0,0.0,1.221,0,52.95977344
36.0,2.95,1.34,1.48,6.517502160499999,249.5954298,100.0,1.0,4.0,0.0,6.351,0,55.99844218
15.0,2.07,0.74,7.45,7.773098672,221.6266727,100.0,1.0,5.0,0.0,3.24,0,79.97757004
32.0,3.53,1.73,5.36,6.551273801,18.94592168,100.0,2.0,7.0,0.0,0.717,0,84.23995946
20.0,7.0,2.22,4.1412097370000005,7.858518854,179.4768281,100.0,0.0,1.0,0.0,5.462,1,86.71458472
16.0,11.96,6.08,7.78,3.62937584,165.6504704,100.0,2.0,6.0,1.0,7.146,2,40.16591718
29.0,4.89,3.12,3.98,6.517502160499999,22.92834475,100.0,1.0,3.0,0.0,2.011,1,49.66576712
35.0,3.49,1.95,1.87,5.053933152,132.2234903,100.0,4.0,3.0,0.0,3.624,0,2.95215278
28.0,7.0,2.54,1.55,6.454632531,269.6018833,94.16,1.0,1.0,0.0,5.462,1,35.23889786
19.0,11.36,10.02,1.78,5.683333931,117.6113508,66.69,3.0,4.0,1.0,7.226,2,3.92433816
20.0,7.2,3.44,5.67,6.517502160499999,257.7137072,100.0,2.0,5.0,1.0,6.959,1,56.36555115
20.0,8.475,3.82,0.32,5.883340153,321.9106415,100.0,2.0,4.0,0.0,5.809,1,7.58820018
36.0,10.73,5.92,0.41,6.794743385,32.33815329,90.98,2.0,3.0,1.0,6.362,2,0.833864819
32.0,7.0,2.0,4.87,8.252398037,92.71453231,100.0,2.0,2.0,0.0,3.734,1,56.36173959
28.0,5.35,3.18,5.14,7.689928644,24.08463297,100.0,2.0,6.0,0.0,1.853,1,66.04479413
24.0,4.07,3.21,5.32,8.326681148,91.9487951,100.0,2.0,7.0,0.0,2.619,1,65.76252321
28.0,5.78,2.08,2.98,4.816544477,172.5138865,100.0,3.0,2.0,0.0,5.676,1,35.59519275
27.0,5.17,1.77,6.45,8.124048688,251.042571,100.0,1.0,6.0,0.0,6.09,0,95.03642982
17.0,8.77,3.44,4.27,6.936965417,104.0617008,100.0,1.0,2.0,1.0,5.104,1,47.12348711
20.0,4.9,3.72,0.84,6.570708174,175.9335302,95.18,1.0,3.0,0.0,6.258,1,0.85018339
22.0,7.77,5.71,6.38,9.162960753,285.8567483,100.0,0.0,5.0,1.0,7.331,2,51.12711902
26.0,2.66,1.7,7.62,4.983697594,223.7605313,100.0,2.0,8.0,0.0,3.724,0,74.10718889
27.0,3.91,2.27,0.48,5.365136856,181.0335166,87.55,4.0,2.0,0.0,5.351,1,15.55728235
25.0,6.07,5.06,3.13,6.37302675,208.047065,91.49,2.0,1.0,1.0,6.056,2,14.14611884
26.0,11.37,8.64,3.9,7.648594155,23.90217471,90.92,0.0,1.0,1.0,5.295,2,23.48411238
15.0,5.77,4.54,1.17,6.517502160499999,192.028112,89.91,0.0,1.0,0.0,5.854,1,5.343512268
31.0,8.64,6.81,4.1412097370000005,6.628063961,47.50534867,99.15,1.0,5.0,1.0,3.978,2,45.7986617
30.0,4.55,3.12,2.27,6.662406722,122.0389749,100.0,0.0,4.0,0.0,3.514,1,30.91327486
25.0,3.27,1.88,6.26,6.790112306,128.0812409,100.0,2.0,7.0,0.0,2.177,0,67.65201612
27.0,2.59,2.12,5.37,7.583140657,145.9405768,100.0,1.0,9.0,0.0,2.864,1,74.76701002
32.0,5.05,3.771381605,4.78,4.33959928,95.34460318,100.0,2.0,4.0,0.0,2.931,1,15.1935101
25.0,3.58,1.13,1.54,7.264104354,237.3970426,100.0,2.0,1.0,0.0,5.848,0,26.64921144
26.0,3.74,1.24,1.77,8.37879359,231.316164,100.0,2.0,2.0,0.0,5.979,0,26.34823477
20.0,9.61,8.41,0.38,6.441653791,97.31686537,72.29,0.0,2.0,1.0,6.651,2,-3.186047613
23.0,2.16,1.01,1.93,5.190834731,111.9898576,100.0,2.0,2.0,0.0,3.141,0,48.49573065
30.0,7.58,6.25,2.76,6.517502160499999,286.8559331,86.38,3.0,1.0,1.0,8.402,2,-0.001026886
18.0,5.79,3.771381605,6.67,7.682124667,156.8913911,100.0,0.0,6.0,0.0,3.934,1,67.24681224
17.0,7.07,2.63,2.93,5.552203339,218.2960775,100.0,3.0,3.0,1.0,6.976,1,5.4316142
30.0,7.63,2.66,6.04,6.252151213,27.79445165,100.0,4.0,6.0,1.0,2.883,1,49.43179397
38.0,5.13,2.02,3.52,5.682945043,107.5613841,100.0,2.0,2.0,0.0,3.909,1,57.61302236
39.0,4.95,2.23,6.28,6.158451632,251.5328836,100.0,1.0,9.0,0.0,5.871,1,73.98946773
26.0,9.33,5.53,7.81,7.197463798,42.54751902,100.0,0.0,9.0,1.0,3.322,2,66.77783493
25.0,10.71,7.72,1.92,7.29594074,275.084196,73.32,1.0,3.0,1.0,10.279,2,5.528250208
19.0,3.93,3.5,6.9,6.022563208,214.3057254,100.0,4.0,5.0,0.0,4.395,1,38.06034713
39.0,2.98,1.68,4.97,7.254567226,73.3273681,100.0,2.0,3.0,0.0,1.739,0,89.25679238
32.0,10.98,6.71,6.54,7.128562427,247.8228324,100.0,2.0,6.0,1.0,8.208,2,19.77752825
27.0,5.5,3.37,5.21,5.157350562,115.4672092,100.0,4.0,9.0,0.0,4.007,1,43.38410494
37.0,7.51,4.68,3.39,4.412421726,63.91812212,94.35,4.0,2.0,1.0,4.038,1,24.91521023
37.0,5.6,3.42,1.82,8.903167402,114.7689945,100.0,0.0,1.0,0.0,4.014,1,17.9552141
20.0,3.26,1.0,0.56,7.364583876,43.33244354,100.0,2.0,1.0,0.0,2.382,0,47.08689959
36.0,7.89,2.38,4.28,7.586707167,184.7911798,100.0,0.0,3.0,1.0,6.461,1,53.97455156
32.0,7.25,2.6,7.92,4.318796047,277.9077399,100.0,4.0,9.0,1.0,6.529,1,71.34774815
20.0,4.03,1.45,4.1412097370000005,8.35972637,294.723446,100.0,2.0,5.0,0.0,6.105,0,77.47273952
27.0,6.52,4.71,2.62,7.569321327,285.9109598,94.26,2.0,4.0,1.0,7.834,1,25.18903349
26.0,9.97,4.22,6.62,7.935065403,31.16567162,100.0,2.0,5.0,1.0,3.419,1,95.6405321
33.0,7.9,6.61,6.15,8.75349798,25.59348857,100.0,0.0,7.0,1.0,2.885,2,45.28435668
16.0,2.97,2.55,2.25,9.022845002,287.7393758,100.0,0.0,1.0,0.0,6.33,1,51.82176957
31.0,7.48,6.62,0.11,8.039266765,280.0466469,80.54,0.0,3.0,1.0,9.067,2,-0.439932307
25.0,9.03,7.8,0.95,3.53986106,148.2587186,71.76,4.0,4.0,1.0,7.67,2,-8.026366571
25.0,9.93,4.6,4.1412097370000005,8.609331516,135.4839768,100.0,1.0,1.0,1.0,5.462,1,69.72255126
35.0,8.29,5.02,6.69,4.438144706,253.6065926,100.0,4.0,5.0,1.0,6.958,2,25.44503053
30.0,3.53,1.43,2.36,7.84979256,165.9822073,100.0,2.0,3.0,1.0,5.462,0,54.13431303
16.0,9.1,7.13,2.28,5.194367397,202.9446383,75.65,3.0,3.0,1.0,8.026,2,36.179356595
16.0,8.77,7.31,6.34,6.716416797,280.6172567,100.0,0.0,8.0,1.0,7.503,2,36.179356595
37.0,2.24,1.82,7.5,4.003175093,152.6241585,100.0,3.0,9.0,0.0,1.97,0,79.88775694
22.0,6.12,3.43,6.23,7.992646195,43.57561386,100.0,1.0,9.0,1.0,1.891,1,71.3126075
27.0,5.33,4.03,4.84,4.310639993,123.6260789,100.0,2.0,2.0,0.0,3.873,1,37.35073527
24.0,8.69,3.12,1.94,6.719390137,279.9228002,91.66,2.0,1.0,1.0,9.423,1,-0.455298389
22.0,4.16,1.35,4.21,8.250055102,272.5407888,100.0,2.0,1.0,0.0,6.777,0,70.173944
18.0,7.91,5.95,1.87,7.745308506,89.14074283,91.57,2.0,3.0,1.0,5.234,2,-8.874502575
29.0,11.13,6.18,6.46,3.571006128,244.8657314,100.0,2.0,8.0,1.0,8.487,1,35.99490238
15.0,9.98,8.96,3.1,6.179458749,41.12241307,82.87,1.0,1.0,1.0,5.12,2,0.960591625
25.0,11.21,4.02,6.67,4.043301387,254.7404591,100.0,4.0,5.0,1.0,8.884,1,48.55198619
21.0,11.79,9.59,3.05,7.599526768,261.9214779,69.17,0.0,3.0,1.0,10.12,2,0.568430098
31.0,2.11,1.24,6.59,9.213810818,38.62147644,100.0,2.0,7.0,0.0,-0.182,0,90.43270367
34.0,8.23,6.55,2.67,6.272626366,57.7409952,95.55,0.0,1.0,1.0,4.574,2,22.00119062
38.0,6.13,4.84,3.52,5.182195428,171.8708713,96.73,4.0,4.0,1.0,5.249,1,6.353770038
32.0,10.6,9.01,4.92,5.937279997,5.255278095,97.69,4.0,1.0,1.0,4.504,2,7.310249463
36.0,4.52,2.16,0.56,9.364125393,122.8461972,100.0,1.0,4.0,0.0,4.332,1,48.51365148
36.0,11.81,10.27,7.59,5.67937116,285.7149159,75.08,2.0,5.0,1.0,9.588,2,18.29485772
27.0,8.14,3.18,4.1412097370000005,7.077012954,262.3684231,100.0,1.0,3.0,1.0,5.462,1,41.38538029
23.0,9.94,3.47,4.06,5.93753621,246.9163254,100.0,1.0,3.0,1.0,9.112,1,38.22724372
19.0,2.86,1.6,6.72,8.128294396,105.9355547,100.0,1.0,7.0,0.0,1.214,0,80.29156797
24.0,3.83,3.05,6.93,8.532645604,103.5650446,100.0,1.0,5.0,0.0,2.396,1,76.27895751
18.0,9.58,5.6,4.18,5.891275605,173.6431892,96.44,3.0,1.0,1.0,7.116,2,16.12595454
19.0,2.22,1.77,4.1412097370000005,7.62328164,183.4866205,100.0,0.0,9.0,0.0,2.684,0,95.64636124
24.0,10.17,7.5,0.52,7.484986413,36.83982089,100.0,1.0,2.0,1.0,5.569,2,5.285096913
25.0,2.14,0.91,0.91,6.517502160499999,229.1440538,100.0,1.0,2.0,0.0,5.577,0,21.21730763
35.0,8.57,7.45,4.77,4.553459175,194.7404448,95.49,3.0,3.0,1.0,6.934,2,9.736478961
38.0,5.65,1.9,2.83,6.040642411,247.5011845,100.0,2.0,4.0,0.0,6.536,0,38.72446394
24.0,8.11,6.8,3.71,4.087008762,111.2279871,89.03,3.0,3.0,1.0,5.442,2,2.278156987
22.0,8.96,4.32,2.62,7.642790563,227.26571,100.0,1.0,3.0,1.0,8.314,1,13.32718029
16.0,5.42,3.25,3.24,4.693780592,253.2913634,100.0,3.0,1.0,0.0,6.758,1,13.52083172
37.0,3.08,1.7,6.58,4.265308706,221.9529075,100.0,2.0,5.0,0.0,4.206,0,68.64225568
22.0,2.7,1.09,4.75,6.030547689,226.6928118,100.0,4.0,2.0,0.0,4.225,0,93.17790859
30.0,7.89,4.06,7.98,4.330174541,264.9344076,100.0,4.0,9.0,1.0,5.462,1,46.54287846
36.0,7.21,3.0,6.3,6.760242131,286.268591,100.0,2.0,5.0,1.0,7.375,1,66.49117234
19.0,9.42,3.98,2.19,6.40113004,281.2230945,82.66,0.0,1.0,1.0,8.773,1,0.78108138
39.0,7.0,2.93,2.11,7.571986706,298.3797116,100.0,2.0,4.0,0.0,5.462,1,9.855693286
17.0,6.22,3.69,2.69,10.02978044,210.1759824,100.0,2.0,3.0,1.0,6.083,1,47.64264325
26.0,5.98,4.66,6.75,7.84151446,188.114039,100.0,0.0,5.0,0.0,4.465,1,63.25355055
27.0,2.26,1.45,0.22,4.760666064,60.57582658,100.0,3.0,2.0,0.0,2.844,1,24.0915609
27.0,5.36,4.48,1.84,8.619118353,238.9292254,92.6,2.0,2.0,0.0,7.188,1,0.950902767
24.0,11.76,8.02,7.24,6.517502160499999,92.76373231,100.0,4.0,7.0,1.0,5.168,2,40.30530491
18.0,7.0,7.66,5.12,7.047147198,182.8002985,91.71,2.0,6.0,0.0,5.462,2,28.48043122
23.0,5.29,3.771381605,1.81,5.594539205,38.1254935,100.0,2.0,4.0,0.0,3.202,1,26.05192553
36.0,7.88,4.49,1.75,4.944764978,296.9699903,89.49,3.0,3.0,1.0,8.975,1,1.177228889
38.0,10.47,7.47,6.9,8.116171134,270.4937297,100.0,0.0,9.0,1.0,8.565,2,39.58140571
37.0,6.41,2.19,7.15,4.972053658,20.3689496,100.0,3.0,9.0,1.0,1.7,1,90.83746253
16.0,2.18,1.78,2.05,6.807281583,182.5565927,100.0,2.0,2.0,0.0,4.035,0,29.21251275
33.0,2.75,2.11,3.36,5.846877751,54.76427935,100.0,2.0,2.0,0.0,1.327,1,44.05579205
15.0,7.1,3.17,6.68,7.530778531,165.9822073,100.0,1.0,7.0,1.0,3.066,1,70.26074423
27.0,11.69,8.89,6.17,7.744766293,193.8199666,82.95,1.0,9.0,1.0,7.594,2,24.54357775
21.0,8.93,2.75,6.51,5.544111986,165.9822073,100.0,2.0,7.0,1.0,8.212,1,72.26850452
31.0,2.71,1.17,4.15,7.166835998,248.8181809,100.0,2.0,4.0,0.0,5.09,0,66.9046038
27.0,3.89,1.32,7.29,7.490449707,213.7609363,100.0,1.0,5.0,0.0,3.998,0,83.31539265
34.0,9.71,7.46,2.61,6.942954757,115.3741151,86.73,0.0,2.0,1.0,6.612,2,13.58317573
34.0,10.41,7.84,1.25,7.48689811,291.3958556,69.46,2.0,4.0,1.0,10.37,2,1.287965484
35.0,8.18,6.45,5.67,6.783788294,132.9056311,100.0,2.0,8.0,1.0,4.969,2,49.94079629
17.0,8.44,2.55,4.31,3.960691321,140.8923705,100.0,3.0,4.0,1.0,5.907,1,29.23960365
17.0,2.28,1.37,4.1412097370000005,7.390960375,131.8083021,100.0,2.0,6.0,1.0,1.928,0,70.25756939
31.0,10.29,7.44,0.65,6.209870638,122.1396342,73.49,2.0,2.0,1.0,7.65,2,0.608645326
21.0,9.88,3.89,6.75,6.582991721,260.832766,100.0,0.0,6.0,1.0,7.895,1,42.5731115
28.0,4.59,3.17,2.35,8.82954898,259.1791699,100.0,1.0,3.0,0.0,6.63,1,44.46702832
31.0,9.09,3.19,5.24,4.376212406,254.9291022,91.04,2.0,6.0,1.0,8.033,1,42.06411478
32.0,4.15,1.7,0.32,5.709541925,212.2223668,94.47,3.0,1.0,0.0,6.179,0,14.98321116
27.0,2.4,1.41,4.88,4.309339788,165.9822073,100.0,2.0,4.0,0.0,5.462,0,56.49515101
34.0,4.01,2.78,5.74,3.769857898,206.2502999,100.0,4.0,8.0,0.0,3.983,1,53.02513153
34.0,3.79,1.47,2.95,5.501507827,233.5389365,100.0,3.0,4.0,0.0,5.59,0,40.72900503
27.0,5.38,3.771381605,1.72,9.361004113,40.60737032,100.0,1.0,3.0,0.0,3.094,1,36.179356595
32.0,6.18,2.61,4.3,5.607759211,195.9663946,100.0,2.0,1.0,1.0,5.74,1,46.85851685
18.0,7.09,3.14,6.67,7.242472368,56.81621725,100.0,2.0,7.0,1.0,2.804,1,81.99773451
15.0,6.77,2.95,2.59,4.864276838,89.20484451,100.0,4.0,4.0,1.0,4.428,1,5.956710276
32.0,4.71,2.53,2.02,7.826044582,257.49448,100.0,2.0,1.0,0.0,6.569,1,44.42279573
15.0,2.29,1.59,2.23,8.900530097,246.6229073,100.0,2.0,1.0,0.0,5.416,0,54.19656782
27.0,8.05,4.53,7.59,5.782297887,270.7008678,100.0,2.0,6.0,1.0,6.788,1,89.5780564
34.0,5.96,4.56,2.87,8.10682145,312.8670434,95.02,0.0,3.0,0.0,7.859,1,22.18499302
34.0,4.99,3.65,0.03,9.08919212,273.8612933,95.29,1.0,4.0,0.0,7.946,1,4.411165613
37.0,10.67,4.01,6.25,6.420600364,178.4444376,100.0,2.0,8.0,1.0,7.1,1,64.76539547
24.0,9.47,3.12,5.59,5.238307898,11.9047569,100.0,3.0,7.0,1.0,3.558,1,25.64922128
25.0,10.58,8.75,1.03,7.206262274,76.90334832,72.89,2.0,2.0,1.0,6.301,2,5.030115514
23.0,6.95,2.42,7.88,7.979939924,88.54616252,100.0,0.0,7.0,1.0,2.851,1,98.00524655
23.0,3.31,1.29,4.86,4.421952273,281.3182802,100.0,3.0,4.0,0.0,5.657,0,45.63582424
19.0,8.96,2.81,4.01,6.183901509,80.86180878,100.0,1.0,2.0,1.0,4.837,1,28.26317535
15.0,4.06,2.75,3.06,5.638106623,136.5604501,100.0,3.0,3.0,0.0,3.872,1,40.39341347
27.0,6.41,4.16,7.19,6.105947875,218.9631785,100.0,3.0,9.0,1.0,5.148,1,42.55061576
36.0,2.65,2.36,1.95,8.050047661,51.07491508,100.0,0.0,3.0,0.0,2.08,1,52.03223651
16.0,10.25,8.53,2.29,6.798943081,208.0576739,73.58,1.0,4.0,1.0,8.638,2,2.984139017
38.0,3.26,1.78,0.98,5.893470458,271.8890732,98.58,2.0,2.0,0.0,7.016,0,9.240307165
27.0,11.03,5.77,6.07,6.824107214,223.1848106,100.0,0.0,6.0,1.0,7.514,2,44.03968074
23.0,10.64,5.09,4.76,4.7491482,57.22441267,100.0,4.0,2.0,1.0,5.192,2,19.68196904
18.0,6.65,2.6,4.87,4.796280141,176.2460624,100.0,4.0,2.0,1.0,5.104,1,79.03124428
19.0,9.44,3.61,1.75,7.123804692,296.2384993,96.23,2.0,2.0,1.0,9.495,1,11.84672687
25.0,8.19,3.11,5.21,6.301116972,241.9977945,100.0,0.0,5.0,1.0,7.232,1,52.46099289
38.0,10.03,3.7,6.12,5.490614507,218.0170055,100.0,4.0,7.0,1.0,7.079,1,67.56056778
33.0,6.32,2.81,2.86,4.624558192,155.6320915,100.0,2.0,4.0,1.0,5.582,1,32.91587146
35.0,9.86,4.77,6.41,6.762748229,49.75758833,100.0,1.0,8.0,1.0,4.087,1,57.31033341
17.0,7.0,5.81,2.79,8.121651259,148.2383136,92.46,1.0,2.0,0.0,5.462,2,29.32377571
26.0,11.41,7.38,6.07,7.953901191,166.3980504,100.0,1.0,9.0,1.0,7.324,2,39.64303536
33.0,6.86,6.12,0.27,5.069785082,70.34204286,87.5,3.0,1.0,1.0,4.689,2,7.806414304
33.0,6.63,3.47,4.41,7.134383277,189.1287793,100.0,2.0,1.0,1.0,5.732,1,44.65265073
27.0,7.0,5.66,7.76,8.188596334,181.628233,100.0,1.0,8.0,1.0,6.537,2,77.24425108
21.0,10.22,5.06,7.85,6.101602286,270.7918731,100.0,1.0,7.0,1.0,8.395,2,59.69059494
29.0,7.54,3.09,2.25,7.936307465,165.9822073,100.0,1.0,1.0,1.0,5.462,1,32.13540966
37.0,3.8,1.47,3.53,8.689353502,165.9822073,100.0,2.0,4.0,0.0,5.462,0,36.03532197
21.0,6.68,5.79,0.5,4.549961889,208.6762299,84.25,3.0,1.0,1.0,7.39,2,-4.384933394
22.0,11.68,10.42,6.99,5.005511671,161.9325384,78.61,2.0,6.0,1.0,7.003,2,12.54600435
19.0,14.295,3.771381605,4.55,4.839099255,386.4508592,100.0,3.0,2.0,1.0,7.06,1,44.45126209
35.0,10.11,3.771381605,3.08,5.228676874,47.57384797,100.0,2.0,1.0,1.0,4.891,1,16.46383573
28.0,2.33,1.29,0.9,8.782037862,62.34781476,100.0,1.0,2.0,0.0,2.635,0,51.2660933
18.0,10.02,2.75,7.57,6.517502160499999,247.434025,100.0,2.0,8.0,1.0,3.409,1,101.1280398
37.0,8.47,4.39,4.24,4.144788565,21.30405675,100.0,2.0,1.0,1.0,3.483,1,26.0327218
24.0,10.3,3.89,2.26,6.250356512,198.5903608,92.55,0.0,3.0,1.0,8.392,1,13.55416842
34.0,2.49,1.43,2.8,7.02564902,223.2183634,100.0,1.0,1.0,0.0,5.462,0,42.55934345
27.0,15.78,4.87,2.17,5.992342494,482.1723734,100.0,3.0,1.0,1.0,9.569,1,9.373138271
32.0,7.48,3.82,4.81,6.517502160499999,144.7208848,100.0,2.0,4.0,1.0,5.057,1,44.38584134
34.0,3.97,1.42,7.44,9.405541543,279.7968945,100.0,2.0,7.0,0.0,5.533,0,88.95120631
27.0,5.17,2.88,6.85,5.167267135,106.2888247,100.0,4.0,9.0,0.0,2.53,1,81.23538541
22.0,4.82,3.771381605,3.68,4.171606668,177.2759005,99.92,2.0,1.0,0.0,4.886,1,35.12478361
23.0,7.31,3.64,6.61,4.5848102,208.4710789,100.0,2.0,6.0,1.0,5.812,1,33.12892631
30.0,2.52,2.08,3.38,5.477848028,222.7514102,100.0,2.0,1.0,0.0,4.386,1,63.47693414
33.0,3.59,2.89,2.02,5.777412897,195.8439571,98.37,4.0,4.0,0.0,5.449,1,7.184952536
30.0,10.13,8.83,7.87,6.378205839,305.5587964,88.02,2.0,6.0,1.0,8.284,2,15.59327683
21.0,3.33,2.58,2.43,6.355915117,217.2338457,98.49,2.0,3.0,0.0,5.136,1,35.39266571
28.0,4.33,3.01,2.59,7.345929654,140.0852534,100.0,1.0,3.0,0.0,3.888,1,48.72388782
28.0,6.53,5.32,7.92,6.211878149,189.1734862,100.0,2.0,5.0,1.0,3.849,2,57.0301913
39.0,7.17,2.48,1.07,5.27916869,120.3063714,100.0,3.0,3.0,1.0,5.584,1,8.177947078
18.0,9.64,5.57,6.08,8.034330461,93.50819782,100.0,2.0,6.0,1.0,4.656,2,57.91873818
29.0,6.47,5.78,7.49,8.424980847,165.9294947,100.0,1.0,8.0,1.0,3.928,2,89.63373749
17.0,9.9,7.54,4.09,4.90503921,224.4169694,85.28,2.0,4.0,1.0,8.563,2,6.607583623
19.0,8.18,7.18,0.02,6.130094287,128.2448616,75.6,3.0,4.0,1.0,6.544,2,-0.794287295
15.0,3.13,2.4,3.0,7.149409582,194.391614,100.0,2.0,2.0,0.0,4.085,1,38.31681751
17.0,3.56,2.94,0.89,5.621592639,134.972951,99.88,3.0,1.0,0.0,4.173,1,3.955411397
29.0,6.37,4.61,3.33,5.594546094,103.9046783,100.0,2.0,4.0,1.0,3.666,1,24.65321653
38.0,5.97,4.52,6.32,6.008003914,152.7409465,100.0,1.0,9.0,0.0,3.889,1,36.179356595
22.0,9.44,5.8,3.51,5.249416029,220.6911473,99.35,3.0,4.0,1.0,8.387,2,5.642145927
18.0,7.81,6.67,3.46,4.880388032,151.2416329,87.02,4.0,3.0,1.0,5.707,2,10.77421535
16.0,5.88,4.67,4.45,5.787148363,9.4993909,100.0,0.0,4.0,0.0,2.045,1,58.58779155
38.0,3.71,2.99,4.65,8.404046741,118.6462263,100.0,2.0,2.0,0.0,2.68,1,72.87245503
38.0,4.27,3.01,6.85,7.694845706,165.9822073,100.0,2.0,7.0,0.0,5.462,1,87.65404385
24.0,7.76,3.75,2.47,8.640042402,113.1765839,100.0,2.0,4.0,1.0,5.899,1,31.33512854
18.0,6.23,2.0,6.57,4.365076823,103.314758,100.0,4.0,9.0,1.0,2.744,1,75.96595082
17.0,7.15,6.16,4.53,5.054890152,220.9371833,86.46,2.0,2.0,1.0,6.876,2,14.37874444
16.0,3.71,2.42,4.1412097370000005,7.951406448,259.5967364,100.0,2.0,4.0,0.0,6.455,1,34.69613603
39.0,8.63,4.13,2.36,7.073126258,252.4778742,92.71,1.0,2.0,1.0,8.687,1,40.42735982
31.0,10.53,4.1,2.89,5.889712885,87.31734467,100.0,2.0,2.0,1.0,6.338,1,11.55357119
37.0,4.58,3.65,4.98,4.51880479,49.2423637,100.0,3.0,4.0,0.0,1.656,1,42.14419544
35.0,6.92,5.55,1.85,5.677868023,89.58340278,89.46,2.0,3.0,1.0,5.305,2,-0.505602961
38.0,11.76,9.28,7.36,5.941394773,251.5244804,88.29,2.0,9.0,1.0,9.072,2,33.14586188
34.0,5.33,3.66,4.6,4.877502291,140.7529837,100.0,2.0,3.0,1.0,4.125,1,24.43415939
37.0,7.95,4.13,7.36,8.417252941,235.2361107,100.0,1.0,8.0,1.0,6.447,1,85.49483438
27.0,2.9,1.4,0.37,4.671433932,260.6705471,95.6,4.0,4.0,0.0,6.959,0,36.179356595
19.0,8.06,2.46,2.74,8.920962775,133.9305007,100.0,0.0,1.0,1.0,6.048,1,57.54548505
35.0,2.9,2.32,0.18,8.229038358,266.2886872,97.55,1.0,4.0,0.0,6.816,1,10.24835779
23.0,11.59,4.09,2.18,5.601514152,190.1076214,95.04,1.0,1.0,1.0,8.681,1,6.52080373
39.0,9.16,6.21,6.9,7.059457324,144.8336093,100.0,2.0,5.0,1.0,5.87,2,67.58368456
39.0,9.88,5.95,0.29,7.136533554,59.71559358,82.63,2.0,4.0,1.0,6.533,2,-9.967996036
36.0,9.04,5.57,3.49,5.898897247,14.62431755,93.51,3.0,4.0,1.0,3.933,2,11.52452291
20.0,7.9,6.76,0.94,6.281640302,174.9540104,82.72,4.0,4.0,1.0,7.528,2,-6.266520008
27.0,7.0,2.07,4.1412097370000005,6.89823584,135.9563697,100.0,1.0,3.0,1.0,5.462,1,38.92247719
39.0,10.58,8.08,6.71,7.806704029,281.4584654,89.48,1.0,8.0,1.0,8.537,2,38.00356896
24.0,11.57,3.83,4.98,6.387308584,77.73113277,100.0,1.0,4.0,1.0,5.871,1,47.41750175
22.0,6.99,2.26,5.89,6.517502160499999,61.45711572,100.0,0.0,6.0,1.0,3.008,1,72.97535733
21.0,11.32,6.32,2.79,6.424043227,90.25230923,87.8,2.0,4.0,1.0,6.643,2,7.9032345
21.0,7.83,2.65,7.56,6.821608172,114.8158022,100.0,2.0,7.0,1.0,3.927,1,82.4919769
20.0,7.38,5.71,5.67,5.683475906,165.9822073,100.0,2.0,8.0,1.0,2.989,2,38.10191067
35.0,6.54,4.04,3.37,6.054546628,187.0119054,100.0,0.0,2.0,1.0,5.759,1,24.17983387
34.0,4.09,1.3,3.41,9.030791912,251.9218838,100.0,0.0,2.0,0.0,6.202,0,51.68428898
17.0,2.04,0.66,7.35,6.985270879,89.3280388,100.0,0.0,6.0,0.0,5.462,0,112.152143
33.0,4.42,2.95,4.61,8.196974469,128.4642129,100.0,1.0,4.0,0.0,3.387,1,54.56202997
36.0,7.1,5.56,5.65,7.399449812,72.83226229,100.0,0.0,6.0,1.0,3.595,2,36.179356595
29.0,5.8,3.26,3.34,7.090862587,58.98074812,100.0,0.0,1.0,0.0,2.978,1,61.67136662
18.0,6.48,4.1,1.79,6.837551205,277.2509421,93.94,1.0,2.0,1.0,8.103,1,-5.012994884
26.0,7.0,9.21,5.79,3.540085442,49.15051422,89.77,3.0,6.0,1.0,5.268,2,21.97722867
20.0,5.5,3.66,4.1412097370000005,9.191247729,137.7199482,100.0,2.0,1.0,0.0,5.462,1,49.52522964
27.0,6.52,2.84,4.01,4.031181518,256.3624923,100.0,4.0,3.0,1.0,6.877,1,30.9312494
18.0,3.34,2.23,4.99,5.854518232,177.8086503,100.0,4.0,4.0,0.0,5.462,1,59.82275679
27.0,3.72,1.68,1.67,4.382848031,567.809242,95.91,3.0,3.0,0.0,6.599,0,3.180903398
23.0,9.75,7.22,6.35,3.945236171,92.0027463,91.73,2.0,5.0,1.0,4.55,2,17.71892295
19.0,7.71,5.19,7.59,7.915987398,127.5457347,100.0,2.0,7.0,1.0,4.218,2,65.66515884
27.0,14.415,8.47,7.13,6.649154959,492.8349588,100.0,1.0,8.0,1.0,7.466,2,15.21164979
37.0,3.5,1.46,2.57,7.853413176,288.939139,100.0,1.0,2.0,0.0,6.939,0,34.93601391
32.0,7.72,6.72,3.25,5.349779378,90.08922377,88.65,4.0,3.0,1.0,4.625,2,24.9723378
19.0,4.54,2.83,6.47,4.787650971,165.9822073,100.0,3.0,7.0,0.0,5.462,1,63.52536286
39.0,4.28,3.01,4.76,5.663326198,281.1967279,100.0,3.0,4.0,0.0,6.472,1,58.38045214
30.0,2.12,0.76,4.38,6.580335712,152.1225916,100.0,1.0,1.0,0.0,2.746,0,85.22726146
33.0,3.3,1.74,7.41,7.372619423,282.7974641,100.0,0.0,5.0,0.0,5.147,0,98.59058696
27.0,5.09,3.88,4.29,6.306455611,165.9822073,100.0,1.0,2.0,0.0,5.798,1,36.94034162
39.0,3.17,2.3,4.12,6.424704732,241.3853347,100.0,2.0,2.0,0.0,4.969,1,43.96159701
30.0,11.86,3.84,0.34,9.361670487,68.46583614,100.0,0.0,2.0,1.0,7.228,1,24.70713593
29.0,5.09,3.2,0.56,5.346820428,54.66922938,100.0,2.0,4.0,0.0,3.597,1,4.740754924
36.0,3.3,1.16,0.06,6.26841476,260.9098044,99.33,1.0,2.0,0.0,6.952,0,18.41175164
18.0,3.99,3.58,7.31,5.93054607,233.0136277,100.0,1.0,9.0,0.0,4.082,1,76.46518274
21.0,7.88,6.61,3.27,4.656121904,245.0986087,82.29,4.0,2.0,1.0,8.219,2,0.340480035
30.0,2.64,0.83,3.75,5.160552807,212.1769937,100.0,4.0,3.0,0.0,4.575,0,50.05466628
38.0,10.62,8.66,6.76,4.033089273,136.9542769,96.58,3.0,8.0,1.0,6.082,2,13.35871741
27.0,11.61,9.89,4.87,9.238128482,201.9604766,82.34,2.0,4.0,1.0,8.784,2,3.215530629
35.0,4.47,2.29,4.88,7.384819884,126.7860395,100.0,2.0,4.0,0.0,3.271,1,49.26044857
36.0,6.5,4.76,4.1412097370000005,8.047086539,261.8997257,95.63,1.0,3.0,1.0,5.462,1,10.72725537
35.0,2.22,1.25,6.67,6.133522053,94.68459235,100.0,2.0,5.0,0.0,1.069,0,92.03461616
22.0,8.41,5.83,1.33,7.160132701,183.5193261,84.82,1.0,4.0,1.0,7.486,2,-2.903592442
31.0,6.14,3.1,0.43,7.743660684,158.7918628,93.66,2.0,1.0,1.0,5.701,1,3.145493632
30.0,4.7,2.32,1.53,9.093470056,88.96508293,100.0,2.0,3.0,0.0,3.411,1,29.34305624
37.0,4.07,2.26,2.14,4.567274709,232.1691854,99.69,3.0,3.0,0.0,5.533,1,1.77651226
24.0,8.54,3.31,2.26,6.297881014,74.66035227,100.0,3.0,1.0,1.0,5.012,1,10.36812489
27.0,6.16,4.92,4.1412097370000005,7.919401473,87.29392245,100.0,2.0,3.0,1.0,5.462,1,57.4480087
16.0,3.8,1.94,1.74,8.552734765,248.5334889,100.0,1.0,3.0,0.0,6.578,0,24.25242551
23.0,8.89,4.8,5.41,8.863981382,113.9854431,100.0,2.0,5.0,1.0,5.202,1,48.30331999
31.0,7.65,6.4,0.73,6.644516794,167.3284461,83.53,1.0,4.0,1.0,7.086,2,5.614853779
25.0,10.59,6.33,1.18,5.56658535,75.91840373,83.12,3.0,2.0,1.0,6.501,2,3.235191472
24.0,3.17,1.99,4.07,3.995918735,286.5008684,96.41,4.0,2.0,0.0,6.244,0,33.74768266
36.0,9.86,8.62,7.38,8.723651119,272.715541,100.0,1.0,5.0,1.0,8.276,2,43.94935841
39.0,8.74,7.27,6.88,6.426370053,233.1230474,95.69,0.0,8.0,1.0,6.706,2,38.97720383
31.0,7.0,1.27,7.75,4.82368018,219.8920863,100.0,2.0,7.0,0.0,5.462,0,86.74763071
18.0,8.95,5.23,5.2,8.349734268,95.50802708,100.0,1.0,7.0,1.0,5.255,2,36.179356595
30.0,6.42,5.67,5.41,4.731143844,219.6380996,98.02,2.0,8.0,1.0,5.607,2,11.04284609
34.0,11.45,5.99,5.0,6.989032518,287.2521979,100.0,2.0,2.0,1.0,10.045,2,41.79397388
29.0,3.42,1.79,4.98,7.524574785,60.50099049,100.0,0.0,3.0,0.0,1.296,0,66.30257582
39.0,8.43,3.52,1.18,6.517502160499999,85.61184383,96.22,3.0,2.0,1.0,5.981,1,-0.460383281
35.0,5.82,2.15,4.35,5.742341499,202.2723819,100.0,3.0,1.0,0.0,5.145,1,58.32194297
19.0,11.57,8.61,4.1412097370000005,4.779524441,170.9133709,85.19,3.0,4.0,1.0,5.462,2,11.75519362
20.0,5.3,4.04,3.54,6.731794092,14.37425743,100.0,0.0,3.0,0.0,2.128,1,72.58328858
31.0,11.62,10.24,4.19,6.656776544,123.1452855,79.67,1.0,2.0,1.0,7.073,2,4.149150911
15.0,11.01,8.41,1.03,4.042763201,153.6582252,70.7,2.0,1.0,1.0,7.716,2,-4.826510483
39.0,4.7,2.1,2.88,9.26226754,118.9100786,100.0,2.0,4.0,0.0,4.146,1,47.9951598
33.0,10.04,3.25,0.51,6.641139233,32.48326711,99.02,3.0,4.0,1.0,5.447,1,-3.499940235
18.0,11.96,10.66,7.84,5.842560538,85.40272639,89.42,3.0,9.0,1.0,5.208,2,15.15532934
31.0,4.53,2.28,0.95,4.648228042,287.3072735,96.3,3.0,1.0,0.0,7.68,1,0.72312762
23.0,6.37,3.1,2.07,5.192151215,102.4294945,100.0,2.0,2.0,1.0,4.984,1,21.10838067
38.0,10.8,6.07,7.13,9.199575413,142.5088316,100.0,2.0,8.0,1.0,3.101,2,72.71836631
16.0,4.95,3.22,3.86,5.226948396,199.0792335,100.0,4.0,2.0,0.0,5.197,1,39.6319742
22.0,2.15,0.92,1.09,6.765100292,203.2877173,100.0,1.0,2.0,0.0,5.068,0,36.28491329
27.0,4.2,3.5,3.07,8.527416163,235.9560503,100.0,1.0,2.0,0.0,5.999,1,41.73587511
21.0,4.82,4.32,0.93,6.781327205,216.322722,88.61,1.0,2.0,0.0,6.311,1,18.67374908
20.0,9.66,2.27,1.6,5.033515369,305.9729711,100.0,3.0,1.0,1.0,5.68,1,32.51081208
15.0,7.0,3.03,0.42,8.32300807,165.9822073,100.0,2.0,1.0,0.0,5.462,1,13.89608023
29.0,10.73,5.73,3.51,7.947204303,94.68668409,100.0,1.0,3.0,1.0,6.072,2,36.179356595
37.0,9.05,5.56,6.45,4.93099856,85.08703432,100.0,2.0,7.0,1.0,4.13,2,28.78520378
21.0,2.85,2.42,4.69,7.188137946,230.2363591,100.0,1.0,2.0,0.0,4.718,1,67.73591811
39.0,8.5,7.51,4.85,8.822320066,139.8311193,100.0,1.0,3.0,1.0,5.475,2,21.62701601
31.0,8.54,3.91,1.6,6.529788993,0.0,100.0,0.0,3.0,1.0,4.37,1,31.22422543
16.0,11.56,4.94,2.75,7.663260612,276.8625044,99.06,0.0,3.0,1.0,10.715,1,5.035284974
23.0,2.03,0.71,6.76,9.351361362,78.06864578,100.0,1.0,5.0,0.0,1.087,0,93.17200487
23.0,4.48,2.85,0.7,7.386846789,183.1107393,100.0,1.0,3.0,0.0,5.35,1,14.91660156
27.0,11.28,3.48,6.86,4.576388155,133.6279411,100.0,2.0,9.0,1.0,6.322,1,49.80545765
20.0,11.32,6.19,3.87,5.49045696,135.1042114,85.01,3.0,1.0,1.0,7.579,2,30.00665683
20.0,9.21,3.17,6.7,6.667302072,26.22864522,100.0,0.0,8.0,1.0,3.275,1,57.93501535
34.0,9.66,5.25,2.54,5.404263007,206.0436555,85.18,2.0,2.0,1.0,8.568,2,36.179356595
34.0,2.91,0.94,2.71,8.673879707,220.9575385,100.0,2.0,1.0,1.0,5.682,0,65.9053704
35.0,7.14,5.72,6.01,6.508785893,91.9363361,100.0,2.0,9.0,1.0,3.467,2,29.41532879
17.0,4.32,1.84,6.28,6.326578283,39.56870529,100.0,1.0,9.0,0.0,0.736,1,61.90167914
31.0,3.81,1.89,1.84,8.123741661,12.95680139,100.0,0.0,3.0,0.0,1.793,0,49.05325411
27.0,10.1,8.3,7.78,6.675484092,294.4012301,94.0,1.0,7.0,1.0,8.276,2,45.47044426
26.0,3.35,2.5,0.68,6.381410427,225.4484826,99.1,2.0,2.0,0.0,5.911,1,-1.385643024
30.0,6.69,2.89,0.55,4.242298795,240.9048762,88.93,4.0,1.0,1.0,8.36,1,7.04076663
29.0,11.39,3.771381605,4.76,6.718157731,109.6463807,100.0,2.0,4.0,1.0,6.507,1,50.16735991
27.0,3.86,2.82,5.78,8.45837194,39.74126016,100.0,1.0,8.0,0.0,1.036,1,77.97776112
37.0,11.78,6.3,4.1412097370000005,7.288452975,97.5617541,100.0,1.0,6.0,1.0,5.703,2,36.179356595
15.0,11.94,9.07,3.24,5.410701816,79.33107773,82.0,3.0,4.0,1.0,6.398,2,2.52207961
31.0,7.56,4.29,0.2,4.668763053,69.50946936,100.0,4.0,2.0,1.0,4.96,1,-2.888966618
17.0,3.7,1.88,4.82,7.779379446,223.6951725,100.0,2.0,2.0,0.0,4.864,0,71.96779203
29.0,5.16,2.94,2.32,6.517502160499999,77.70712593,100.0,0.0,4.0,0.0,3.424,1,71.17801441
18.0,6.24,4.67,3.46,6.07811971,74.19063958,100.0,4.0,3.0,1.0,3.642,1,25.88327169
27.0,5.09,4.28,3.91,7.395797317,217.7827105,100.0,0.0,3.0,0.0,5.112,1,43.43165647
32.0,4.81,1.59,0.52,5.825907514,166.1100097,100.0,2.0,1.0,0.0,6.109,0,15.67687593
31.0,11.72,7.2,3.89,6.686201893,219.4438581,93.18,2.0,2.0,1.0,9.213,2,10.13233048
33.0,3.53,1.13,3.41,8.408472655,120.1253521,100.0,0.0,4.0,0.0,3.342,0,45.37695566
25.0,9.33,5.42,5.7,4.224114353,35.70169587,100.0,3.0,5.0,1.0,3.795,2,35.78048557
34.0,2.0,1.66,5.17,6.392128053,240.8519267,100.0,2.0,7.0,0.0,4.489,0,58.17847724
17.0,7.96,4.11,1.48,4.692371984,295.0650129,80.19,4.0,4.0,1.0,9.416,1,2.170253287
22.0,11.16,9.59,1.65,5.581240812,206.5850076,62.76,3.0,3.0,1.0,8.905,2,-1.747187563
28.0,4.88,3.31,2.01,7.015857116,30.01050358,100.0,1.0,2.0,0.0,2.437,1,36.38758475
15.0,3.86,3.32,1.43,3.45433969,97.01925559,94.49,3.0,4.0,0.0,3.081,1,10.15462905
28.0,8.52,6.43,4.1412097370000005,7.882132648,244.0463091,100.0,2.0,4.0,1.0,5.462,2,33.06794111
16.0,9.13,3.31,7.96,4.99637059,255.7373244,100.0,2.0,6.0,1.0,7.257,1,76.3546519
37.0,13.32,3.9,5.22,7.38167547,46.8772061,100.0,0.0,7.0,1.0,3.314,1,69.57007069
18.0,5.19,2.78,4.85,5.215770853,161.893528,100.0,2.0,2.0,0.0,4.4,1,26.15886925
38.0,4.52,3.771381605,3.28,6.956244754,268.7902256,100.0,2.0,3.0,0.0,6.256,0,34.28627971
33.0,11.56,6.9,2.5,6.950597569,5.865849218,90.82,0.0,2.0,1.0,5.59,2,7.07042637
20.0,11.23,3.771381605,7.29,8.255243004,203.7706404,100.0,0.0,9.0,1.0,7.668,2,42.16760001
27.0,6.57,5.74,7.75,8.74893534,150.2497513,100.0,0.0,8.0,1.0,3.88,2,72.22640993
15.0,10.46,5.86,3.97,4.916779607,59.58205348,100.0,4.0,4.0,1.0,5.379,2,24.71590213
31.0,6.52,5.03,2.32,3.691349184,125.6829521,93.84,3.0,4.0,1.0,5.084,2,15.59184967
22.0,6.24,5.4,6.16,7.305671327,285.9513099,100.0,0.0,7.0,1.0,6.932,2,35.49129741
33.0,3.57,2.95,1.06,6.747349984,282.9677828,95.94,2.0,2.0,0.0,6.907,1,36.179356595
35.0,6.26,2.66,6.12,4.315303343,52.38717473,100.0,4.0,4.0,1.0,2.214,1,46.48674498
15.0,7.37,4.4,6.55,5.213351001,15.7935889,100.0,2.0,8.0,1.0,2.28,1,57.80490733
19.0,2.23,1.13,1.0,7.035719328,246.832966,100.0,1.0,4.0,0.0,5.595,0,17.65932004
30.0,6.44,3.48,4.1412097370000005,8.629728554,175.6873605,100.0,2.0,2.0,1.0,5.462,1,91.49642205
20.0,9.81,5.07,7.88,8.482709993,38.4741056,100.0,0.0,7.0,1.0,3.201,2,95.94275401
22.0,8.8,7.0,7.49,4.887987763,65.54317713,100.0,3.0,5.0,1.0,3.113,2,32.90740297
27.0,7.0,4.77,3.97,6.517502160499999,8.788970919,100.0,2.0,1.0,1.0,3.884,1,21.9774886
30.0,11.1,6.82,1.97,4.26611432,203.2286425,71.29,4.0,4.0,1.0,9.619,2,1.299903609
17.0,2.18,1.94,4.66,6.23271011,169.272949,100.0,1.0,2.0,0.0,2.932,0,41.44157804
33.0,7.57,2.54,3.36,7.590380777,114.0554247,100.0,1.0,4.0,1.0,5.457,1,50.31689593
26.0,9.87,5.85,1.65,8.055648725,229.6795246,87.0,0.0,2.0,1.0,9.18,2,0.954532646
30.0,7.41,5.66,3.39,6.976093911,99.4228362,100.0,1.0,4.0,1.0,4.688,1,15.42088563
25.0,5.24,2.05,5.31,4.514080688,216.1792273,100.0,4.0,7.0,0.0,5.427,1,42.06877344
24.0,3.36,2.24,0.57,6.178768903,107.0960424,96.61,2.0,2.0,0.0,3.229,1,9.910442465
39.0,10.88,4.83,2.67,8.363340655,296.6783836,92.74,0.0,3.0,1.0,9.999,1,20.25542251
34.0,6.71,5.51,0.14,5.133422679,192.8038734,75.39,3.0,2.0,1.0,6.573,2,5.461403394
18.0,10.78,5.35,6.0,4.854685307,159.6420016,100.0,4.0,9.0,1.0,6.79,2,29.00552957
26.0,7.86,3.91,5.13,6.517502160499999,123.8259463,100.0,2.0,8.0,1.0,4.691,1,63.91904699
37.0,8.74,5.76,0.5,7.675194954,133.5085132,87.34,0.0,3.0,1.0,6.96,2,10.50684576
16.0,10.04,4.12,7.72,9.402642132,187.404849,100.0,2.0,6.0,1.0,6.784,1,88.1078543
38.0,8.59,4.05,4.1412097370000005,6.150512537,267.4465957,79.47,3.0,3.0,1.0,9.521,1,36.179356595
36.0,5.98,3.29,4.72,6.69719009,234.5968863,100.0,2.0,3.0,0.0,5.974,1,52.80996471
33.0,7.14,3.66,6.21,6.346719242,316.0075284,100.0,2.0,7.0,1.0,7.647,1,68.34424989
39.0,10.03,6.17,6.3,8.669600263,165.9822073,100.0,2.0,7.0,1.0,5.462,2,54.13282417
19.0,7.0,3.771381605,0.27,7.473402823,242.5780276,93.09,0.0,1.0,0.0,5.462,1,0.042598293
22.0,5.88,3.76,7.25,6.891279522,260.3847141,100.0,2.0,5.0,0.0,6.325,1,58.21194649
21.0,2.96,2.05,7.35,4.658617972,183.8861163,100.0,4.0,7.0,0.0,5.462,1,95.26606578
28.0,11.15,5.4,4.49,7.923126054,132.3538863,100.0,1.0,3.0,1.0,6.548,2,32.75119645
38.0,2.91,1.09,3.86,4.69414886,236.1870892,100.0,1.0,2.0,0.0,4.877,0,43.40573633
37.0,8.48,6.41,0.36,4.015842386,42.34558062,74.41,3.0,3.0,1.0,5.232,2,-4.927634737
17.0,6.13,4.97,4.5,4.070234971,321.8747102,96.91,3.0,2.0,1.0,7.415,1,-5.48503828
32.0,6.06,2.75,4.1412097370000005,7.460651702,140.0871738,100.0,2.0,2.0,1.0,4.426,1,54.88022617
30.0,8.8,4.79,6.18,6.169751296,47.76560294,100.0,4.0,5.0,1.0,3.346,1,57.07408571
37.0,2.67,1.6,3.23,8.322508787,233.0848783,100.0,0.0,4.0,0.0,5.086,0,58.55030247
33.0,7.94,4.92,5.47,7.078946978,129.7088211,100.0,2.0,5.0,1.0,4.789,1,61.8099641
33.0,9.72,6.76,0.81,4.654929053,122.5328859,74.53,2.0,3.0,1.0,7.237,2,-3.010425958
32.0,10.28,3.34,1.06,7.724043134,213.041605,99.79,0.0,1.0,1.0,9.582,1,27.2540888
34.0,3.71,2.72,1.12,5.37079544,142.8039136,92.47,4.0,2.0,0.0,4.299,1,36.179356595
30.0,7.0,3.7,0.36,6.42746348,293.8321431,96.9,2.0,4.0,0.0,5.462,1,2.558240611
22.0,8.56,4.97,4.33,7.772803281,118.0646903,100.0,1.0,3.0,1.0,5.281,1,26.04134628
15.0,10.82,8.62,6.35,7.887685054,229.9551613,98.07,2.0,6.0,1.0,7.645,1,39.01934934
31.0,6.85,3.91,4.88,5.5195269,142.3694061,100.0,0.0,3.0,1.0,5.221,1,44.60499072
26.0,7.42,2.89,4.6,6.517502160499999,57.0071877,100.0,1.0,3.0,1.0,3.27,1,36.179356595
35.0,11.19,9.97,5.44,7.681330834,22.7425284,94.13,2.0,5.0,1.0,4.463,2,6.308222003
25.0,11.0,9.17,2.72,5.54074769,297.4022081,74.82,1.0,3.0,1.0,10.304,2,3.804809242
19.0,6.48,4.94,2.9,6.77557067,256.1217225,97.05,2.0,1.0,1.0,7.35,1,18.92450034
26.0,4.74,2.59,2.51,6.873102818,168.6355654,100.0,2.0,2.0,0.0,4.437,1,10.86849745
31.0,5.93,2.43,5.7,3.7521876,194.9943181,100.0,2.0,9.0,0.0,5.515,1,36.179356595
20.0,5.88,5.09,1.29,8.193345324,159.3306092,95.14,0.0,2.0,0.0,5.033,2,21.49023964
15.0,4.87,3.02,0.1,8.504419494,206.7225226,100.0,1.0,4.0,0.0,6.765,1,8.703940808
19.0,4.69,3.81,4.77,5.154193304,89.32642082,100.0,4.0,2.0,0.0,2.534,1,42.87191907
39.0,10.61,5.36,7.54,9.559706027,100.6199319,100.0,2.0,5.0,1.0,5.023,2,101.5374067
28.0,4.05,1.35,4.88,4.896500662,418.8395674,100.0,4.0,4.0,0.0,3.766,0,34.53739432
19.0,8.78,7.83,6.26,8.222767966,63.27390662,100.0,2.0,5.0,1.0,3.072,2,36.179356595
36.0,3.73,2.29,5.38,5.115936416,219.173523,100.0,2.0,5.0,0.0,4.231,1,79.45411131
38.0,5.45,2.1,3.98,7.541104018,283.3813328,100.0,2.0,4.0,0.0,7.331,1,62.97026053
15.0,3.93,1.13,5.75,5.922268091,382.3252504,100.0,1.0,8.0,0.0,3.205,0,75.58386775
32.0,4.7,2.77,6.59,7.086357783,285.8374997,100.0,2.0,5.0,0.0,6.273,1,65.717583
30.0,9.68,3.15,1.8,6.517502160499999,198.5748257,100.0,1.0,1.0,1.0,8.8,1,-0.507333415
23.0,10.85,6.27,2.69,5.683562661,78.65279171,86.38,2.0,2.0,1.0,6.198,2,0.018084932
33.0,4.22,2.33,1.79,4.617414042,181.70596,99.97,4.0,3.0,0.0,5.673,1,9.597780822
36.0,6.64,5.1,3.62,8.294281997,90.60417101,100.0,0.0,4.0,1.0,4.114,2,38.74837948
19.0,6.7,3.44,7.08,5.117065441,101.7194573,100.0,3.0,7.0,1.0,3.486,1,66.67348307
16.0,10.74,9.55,2.76,7.695001675,74.64164764,73.63,2.0,4.0,1.0,6.262,2,-3.038420535
29.0,9.63,3.93,3.0,7.400873983,9.818683063,100.0,2.0,2.0,1.0,4.335,1,50.71904919
21.0,7.13,4.67,6.88,8.459870038,197.5182859,100.0,1.0,8.0,1.0,5.441,1,69.36030668
18.0,8.71,3.08,4.12,4.352042319,150.819477,98.91,2.0,3.0,1.0,6.339,1,39.57085751
15.0,10.47,7.75,4.28,8.340876684,80.4906941,97.49,2.0,2.0,1.0,5.211,2,20.35671632
27.0,2.1,1.88,6.89,4.896306236,228.0945076,100.0,4.0,8.0,0.0,2.843,0,62.333882
34.0,6.03,4.77,3.92,7.025650981,216.6303645,100.0,0.0,2.0,1.0,6.839,1,43.34368776
36.0,11.07,7.01,5.45,7.778073529,272.8155722,97.02,1.0,9.0,1.0,9.0,2,29.89215751
21.0,9.4,5.55,0.69,6.517502160499999,104.7085182,82.79,0.0,1.0,1.0,6.733,2,-3.079853369
29.0,7.43,5.95,1.43,5.194287003,70.82058668,92.39,2.0,3.0,1.0,4.546,2,17.25584386
37.0,7.3,6.29,3.24,6.70144111,59.92199275,100.0,0.0,4.0,1.0,3.598,2,22.18045705
28.0,5.48,4.9,3.96,6.25731958,317.339721,89.43,1.0,4.0,0.0,7.372,1,19.24514452
37.0,7.21,3.88,4.1412097370000005,8.490133117,165.9822073,100.0,2.0,5.0,1.0,5.462,1,70.09304671
33.0,8.55,7.65,7.77,6.517502160499999,246.5377944,87.89,3.0,5.0,1.0,7.284,2,56.58511117
36.0,6.18,2.43,4.1412097370000005,8.483249536,63.86347845,100.0,1.0,8.0,1.0,2.427,1,63.06487272
38.0,9.14,4.13,2.52,6.517502160499999,214.8392195,100.0,0.0,3.0,1.0,8.374,1,13.33786632
34.0,10.61,3.75,7.71,9.491321787,134.4469124,100.0,0.0,9.0,1.0,5.852,1,75.12740003
38.0,3.55,1.64,5.51,7.8895879,240.2784921,100.0,1.0,7.0,0.0,5.482,0,76.57424278
32.0,6.52,4.96,3.14,7.890139917,184.5377674,100.0,1.0,1.0,1.0,5.718,1,36.179356595
24.0,6.08,4.94,5.61,5.020622036,96.20328078,100.0,2.0,9.0,1.0,3.017,1,39.63283278
23.0,8.87,3.771381605,0.13,6.503810664,255.712556,66.59,0.0,2.0,1.0,9.596,2,0.580344863
39.0,4.5,3.05,1.17,3.797807244,211.4469806,100.0,3.0,3.0,0.0,5.619,1,17.21924922
22.0,8.4,5.11,6.64,4.901233591,253.4455203,100.0,3.0,5.0,1.0,7.388,2,51.65268127
24.0,10.77,7.81,5.16,6.930861454,91.7928817,98.64,2.0,6.0,1.0,5.197,2,39.9312942
31.0,6.18,3.3,2.91,7.454614529,211.4412379,97.92,0.0,3.0,1.0,6.337,1,19.90646706
16.0,11.11,8.94,4.1412097370000005,4.384151505,165.9822073,72.36,2.0,4.0,1.0,5.462,2,1.509651319
20.0,11.93,3.771381605,7.24,7.655850957,226.5845701,97.02,1.0,9.0,1.0,7.953,2,34.16720401
19.0,3.06,2.2,5.05,6.923487343,114.181207,100.0,2.0,7.0,0.0,2.615,1,57.68333487
23.0,4.33,2.69,3.19,4.811265414,268.446543,100.0,3.0,3.0,0.0,6.888,1,16.38603354
19.0,11.5,9.56,4.1412097370000005,7.001072325,165.9822073,59.38,1.0,3.0,1.0,5.462,2,4.259542547
32.0,11.58,5.22,2.35,7.139352309,255.3426611,92.68,1.0,4.0,1.0,10.205,2,29.68372999
34.0,2.98,1.58,7.83,4.286106913,156.4276217,100.0,2.0,5.0,0.0,2.701,0,82.7057666
23.0,2.15,1.65,3.5,7.740917755,165.9822073,100.0,0.0,1.0,0.0,1.605,0,28.49144461
31.0,3.61,2.15,3.77,6.995376841,107.6054711,100.0,2.0,4.0,0.0,2.554,1,40.6918391
31.0,11.96,9.97,3.99,8.054340979,269.5698962,100.0,1.0,1.0,1.0,9.723,2,8.494091854
26.0,3.8,1.93,7.07,6.176312553,183.6662193,100.0,2.0,6.0,0.0,3.239,0,36.179356595
21.0,7.03,3.67,4.83,7.979381428,241.5260236,100.0,2.0,4.0,1.0,7.266,1,45.4980759
17.0,10.48,8.73,5.55,4.318293302,165.9822073,83.42,4.0,7.0,1.0,5.462,2,21.05378301
24.0,2.2,1.27,3.12,6.524807567,201.1349954,100.0,1.0,2.0,0.0,3.924,0,50.09544155
16.0,8.04,4.9,0.23,6.006130971,281.6711709,75.49,4.0,2.0,1.0,9.571,1,3.866850151
39.0,4.77,2.38,7.45,8.513861942,7.659084027,100.0,0.0,8.0,0.0,0.71,1,76.31578425
17.0,10.62,4.95,7.59,7.832609949,115.2530006,100.0,2.0,9.0,1.0,5.373,1,71.8853908
30.0,4.83,3.35,7.59,4.351892067,25.35910891,100.0,3.0,6.0,0.0,0.758,1,55.23965709
16.0,8.87,3.3,7.55,3.951302148,317.4560407,100.0,2.0,7.0,1.0,7.99,1,57.25828683
38.0,8.74,7.23,6.52,5.453207375,109.7594088,100.0,2.0,5.0,1.0,4.214,2,21.97825647
24.0,4.21,3.23,5.48,4.361342823,171.0472102,100.0,3.0,7.0,0.0,3.541,1,48.38631842
20.0,2.35,0.97,6.76,6.646123357,272.0854799,100.0,1.0,9.0,0.0,4.707,0,71.8971144
36.0,6.09,4.36,4.8,6.667166408,20.51271276,100.0,2.0,2.0,1.0,2.085,1,56.93709444
25.0,4.89,3.24,4.1412097370000005,8.233377359,277.9498823,97.11,1.0,4.0,0.0,5.462,1,36.179356595
37.0,10.09,4.14,3.13,9.048573931,165.9822073,100.0,0.0,3.0,1.0,6.466,1,32.84889237
21.0,10.0,4.64,7.77,7.247604142,167.9085391,100.0,2.0,7.0,1.0,6.069,1,67.24139831
29.0,6.57,3.58,2.81,3.560189478,297.7740157,94.65,2.0,3.0,1.0,7.982,1,7.319313076
20.0,8.07,5.81,6.94,6.289080668,164.72136,100.0,3.0,5.0,1.0,5.313,2,53.22525812
34.0,8.04,5.49,0.75,6.284818086,168.1969457,79.94,1.0,4.0,1.0,7.015,2,0.909948522
23.0,10.27,6.36,2.67,6.497677795,243.7668784,85.35,0.0,1.0,1.0,9.734,2,-4.526583882
36.0,6.25,4.76,2.81,6.408680301,237.6565535,100.0,2.0,3.0,1.0,7.342,1,14.22636473
34.0,4.75,3.59,0.41,8.747640009,154.4700025,100.0,0.0,2.0,0.0,5.272,1,13.93732406
26.0,4.65,3.12,0.95,8.592553569,59.3657413,100.0,0.0,3.0,0.0,3.36,1,33.06444765
27.0,7.36,5.68,1.55,4.440555503,71.56491035,92.43,3.0,2.0,1.0,5.475,2,11.10652926
34.0,6.49,3.25,6.7,4.974673388,255.5857651,100.0,4.0,9.0,1.0,6.595,1,63.05476698
17.0,6.4,5.3,4.1412097370000005,8.214545081,29.69123872,98.21,2.0,1.0,1.0,3.827,2,8.106313578
29.0,2.91,1.95,2.39,7.730782844,211.8758634,100.0,0.0,3.0,0.0,4.718,0,47.62577744
16.0,9.19,7.29,0.08,6.517502160499999,275.1722521,59.44,2.0,1.0,1.0,10.391,2,2.287680874
35.0,4.14,2.6,5.57,7.70085001,187.3865736,100.0,2.0,5.0,0.0,3.499,1,63.07876145
16.0,5.955,1.71,4.96,7.236355729,489.8443487,100.0,0.0,4.0,0.0,5.617,0,59.42084638
36.0,6.13,3.83,5.16,6.778131202,200.6487324,100.0,0.0,9.0,1.0,5.697,1,52.24460166
17.0,4.28,2.24,3.0,6.517502160499999,237.2343373,100.0,3.0,2.0,0.0,5.86,1,36.179356595
20.0,7.84,5.63,1.67,8.480308582,85.88856765,98.57,1.0,3.0,1.0,5.079,2,-2.206259473
29.0,5.71,3.34,5.76,6.517502160499999,203.3956011,100.0,2.0,7.0,0.0,4.787,1,63.83157448
24.0,6.49,5.2,6.49,4.748500945,56.37252944,100.0,4.0,9.0,1.0,2.438,2,28.58571303
23.0,7.37,5.21,1.11,7.390815645,204.5813319,88.66,2.0,4.0,1.0,8.032,2,36.179356595
15.0,4.04,2.87,3.89,7.461421471,0.0,100.0,2.0,1.0,0.0,1.613,1,51.92005737
30.0,3.56,1.53,1.99,8.483601655,270.4224269,100.0,2.0,4.0,0.0,6.643,0,36.179356595
20.0,10.8,9.62,1.34,5.26749751,133.0811676,74.15,3.0,4.0,1.0,6.858,2,7.805574941
23.0,6.34,5.1,5.87,8.754486113,138.8332748,100.0,0.0,5.0,1.0,4.609,2,36.179356595
18.0,6.12,4.73,4.3,4.785965986,33.42530413,96.51,4.0,4.0,1.0,2.49,1,25.0832811
16.0,7.0,1.18,1.73,7.039100623,111.7769058,100.0,2.0,3.0,0.0,2.941,0,30.61559386
18.0,6.98,4.34,2.48,7.28425649,242.2350908,100.0,1.0,2.0,1.0,7.806,1,21.36331247
15.0,7.54,2.88,7.73,6.320667472,92.04295462,100.0,0.0,8.0,1.0,3.591,1,82.99451632
33.0,7.59,4.73,6.79,6.002290239,59.30884215,100.0,0.0,5.0,1.0,3.158,1,56.89418714
39.0,9.07,3.51,7.04,8.192379365,272.3054117,100.0,2.0,9.0,1.0,7.703,1,74.65327049
24.0,3.77,2.38,3.68,6.891353817,137.1999271,100.0,0.0,1.0,0.0,3.421,1,51.27111576
35.0,4.52,3.12,4.99,6.306276169,20.74333154,100.0,1.0,4.0,0.0,1.303,1,73.56400389
29.0,10.11,5.4,3.01,4.574076699,49.66117037,93.12,2.0,3.0,1.0,5.272,2,2.297028724
36.0,11.47,6.87,0.62,4.439236429,57.93759526,70.77,4.0,2.0,1.0,6.869,2,-1.690937811
33.0,3.36,2.77,3.21,4.766006759,82.35870277,100.0,3.0,2.0,0.0,3.097,1,26.13901677
30.0,6.98,2.55,4.75,9.2761385,188.7841264,100.0,0.0,3.0,1.0,5.905,1,76.32971769
35.0,4.14,3.21,2.3,7.362371128,165.9822073,100.0,2.0,3.0,0.0,5.462,1,31.37531673
38.0,3.9,1.05,6.78,8.562584022,367.6618899,100.0,0.0,6.0,0.0,3.466,0,96.49609076
36.0,5.26,1.69,1.21,4.095438362,270.1266035,100.0,3.0,4.0,0.0,7.327,0,12.93034424
18.0,3.44,1.42,2.94,7.709470026,253.6101834,100.0,1.0,2.0,0.0,5.462,0,47.08107872
16.0,9.1,6.91,1.0,3.944798119,132.7959579,79.01,2.0,3.0,1.0,7.15,2,-4.741912446
39.0,7.34,3.99,3.24,7.908754581,227.4164369,100.0,2.0,4.0,1.0,6.638,1,49.02749463
27.0,3.44,2.83,0.32,6.442480456,149.7705458,94.32,2.0,4.0,1.0,5.464,1,4.346913042
15.0,2.09,1.28,2.18,4.295741701,128.9847403,99.98,4.0,2.0,0.0,3.171,0,30.59699961
31.0,10.08,3.16,3.21,6.463390012,42.9343369,100.0,2.0,1.0,1.0,5.057,1,16.94440467
27.0,3.76,2.74,3.83,5.497850984,62.93862457,100.0,3.0,3.0,0.0,2.071,1,51.28608289
18.0,8.06,2.95,4.35,7.762120888,209.7622898,100.0,2.0,3.0,1.0,6.685,1,54.27228372
21.0,5.37,4.15,2.2,6.517502160499999,103.4066529,100.0,0.0,2.0,0.0,4.285,1,28.03770186
31.0,7.85,3.15,4.18,7.285308119,91.96785709,100.0,2.0,3.0,1.0,4.151,1,57.65270585
23.0,5.16,2.62,4.07,6.517502160499999,257.0289034,100.0,1.0,4.0,0.0,6.459,1,50.74909294
18.0,4.305,2.17,2.53,6.517502160499999,167.6335718,100.0,1.0,4.0,0.0,2.536,1,36.179356595
33.0,4.23,3.69,6.64,5.669654332,126.080183,100.0,0.0,6.0,0.0,2.943,1,65.61081115
15.0,3.88,2.03,4.1412097370000005,7.811110608,61.54560019,100.0,1.0,2.0,0.0,5.462,1,69.47850195
27.0,6.28,5.01,2.66,7.053827978,297.4637267,97.81,2.0,2.0,1.0,8.182,2,-2.144969774
18.0,8.58,3.56,4.1412097370000005,4.7462551,163.4635175,100.0,2.0,4.0,1.0,5.462,1,48.24934072
23.0,4.64,3.64,6.76,8.011507012,203.0776074,100.0,1.0,9.0,0.0,4.652,1,99.07847167
27.0,2.12,1.47,7.86,5.227178244,212.4951598,100.0,3.0,9.0,0.0,3.262,0,91.11498414
28.0,7.19,3.771381605,5.54,5.463756798,290.3720493,100.0,2.0,8.0,1.0,7.773,1,63.54813486
24.0,8.06,3.88,3.03,4.267141859,155.1694938,100.0,3.0,2.0,1.0,6.261,1,2.339664386
20.0,11.63,4.41,2.25,3.967978993,139.4919453,90.6,3.0,4.0,1.0,8.2,1,21.38893276
30.0,7.89,4.18,4.1412097370000005,4.110768555,165.9822073,100.0,3.0,4.0,1.0,3.052,1,36.179356595
20.0,6.71,2.83,7.85,4.257117455,124.3410279,100.0,3.0,9.0,1.0,3.44,1,71.53140518
31.0,7.73,5.31,5.01,5.991445376,165.9822073,100.0,1.0,5.0,1.0,5.462,2,25.98616598
24.0,11.28,10.11,7.05,5.301041872,92.87588685,100.0,3.0,7.0,1.0,5.705,2,7.941678574
32.0,10.28,3.16,2.63,4.541740757,48.61855072,100.0,2.0,4.0,1.0,4.811,1,29.45407428
36.0,5.23,3.27,3.26,7.73598884,83.30520222,100.0,1.0,3.0,0.0,3.257,1,36.84467787
32.0,4.37,2.82,7.25,5.515304703,261.6162642,100.0,2.0,6.0,0.0,4.63,1,72.46080926
17.0,4.63,3.93,6.05,4.225668421,257.9488971,100.0,2.0,7.0,0.0,5.84,1,47.41979184
34.0,7.04,4.25,7.85,6.266285494,227.1649924,100.0,1.0,8.0,1.0,5.385,1,61.22465496
35.0,14.16,5.91,6.2,5.432821391,201.1033124,100.0,4.0,9.0,1.0,4.36,2,28.89317563
39.0,7.03,4.1,3.59,5.449769062,62.44935844,100.0,4.0,4.0,1.0,3.438,1,17.17167611
29.0,2.68,1.24,4.25,6.500943937,23.73093535,100.0,2.0,1.0,0.0,0.465,0,81.06036235
29.0,9.24,3.08,7.2,7.177489726,205.1054531,100.0,1.0,9.0,1.0,6.8,1,88.5344681
18.0,10.06,5.48,4.41,6.983157088,54.21830512,100.0,0.0,2.0,1.0,4.987,2,32.4046189
23.0,4.89,1.62,2.04,8.63289171,69.90886753,100.0,0.0,1.0,0.0,3.153,0,46.56756989
33.0,8.64,5.45,3.48,6.293950201,241.2250384,96.72,2.0,2.0,1.0,8.096,2,15.58291098
38.0,6.27,3.04,4.13,5.352536726,102.4464307,100.0,1.0,1.0,1.0,3.896,1,16.25393216
31.0,10.89,3.771381605,0.77,5.295433879,305.074792,69.24,2.0,1.0,1.0,11.194,2,-11.62476911
25.0,10.45,3.98,4.1412097370000005,8.051600402,203.3417673,100.0,1.0,5.0,1.0,7.6,1,58.37522289
39.0,7.25,6.23,0.87,4.580935784,31.1837423,84.26,2.0,1.0,1.0,4.524,2,-1.78816767
23.0,8.92,7.46,3.24,5.990310257,103.1298958,94.24,2.0,1.0,1.0,5.528,2,-2.852765746
24.0,7.0,4.48,6.44,6.5891122,202.3832163,100.0,2.0,7.0,0.0,5.462,1,54.86344016
32.0,7.0,3.52,3.74,7.429449199,41.69645379,100.0,2.0,3.0,1.0,2.918,1,51.12969527
34.0,5.13,3.43,6.74,8.652208366,254.1108418,100.0,1.0,9.0,0.0,6.483,1,47.80599196
27.0,9.54,3.41,2.74,8.374583898,280.8166415,100.0,0.0,1.0,1.0,9.488,1,60.62738965
27.0,4.2,2.15,7.66,4.673117227,302.6922583,100.0,3.0,5.0,0.0,5.622,1,90.23746986
21.0,5.89,2.65,1.68,5.351175123,165.9822073,98.36,2.0,1.0,0.0,5.462,1,11.40651851
31.0,10.66,9.05,0.31,7.687909729,161.0106975,72.82,2.0,3.0,1.0,9.217,2,-4.645323519
35.0,9.24,7.5,6.98,6.217230575,165.9822073,100.0,2.0,8.0,1.0,5.462,2,54.66416757
37.0,6.04,3.91,6.02,6.335009487,37.67905589,100.0,1.0,8.0,1.0,1.894,1,46.69074272
29.0,4.15,2.54,1.86,7.179614816,165.9822073,100.0,1.0,4.0,0.0,3.237,1,53.52152364
34.0,5.56,4.77,7.88,7.629785609,211.4538489,100.0,2.0,6.0,0.0,4.536,1,73.70456551
29.0,4.84,4.16,4.02,8.77458745,104.4133245,100.0,1.0,2.0,0.0,2.854,1,54.01367536
15.0,3.76,3.31,7.61,6.075267894,66.59210895,100.0,1.0,9.0,0.0,0.797,1,88.44195526
39.0,9.43,3.54,4.04,6.097150338,39.71267113,100.0,2.0,4.0,1.0,4.443,1,31.92594693
28.0,4.52,3.771381605,3.77,7.219747153,306.1280792,100.0,1.0,3.0,0.0,7.049,0,60.51661604
19.0,9.81,4.62,3.59,8.573778561,479.7265059,100.0,2.0,1.0,1.0,6.993,1,26.86719603
25.0,5.86,3.771381605,2.68,6.342106859,253.1264513,95.96,2.0,2.0,0.0,6.846,1,34.01308499
30.0,11.82,3.68,4.27,7.338716791,259.7927555,100.0,1.0,2.0,1.0,9.449,1,46.51180199
16.0,5.91,1.99,3.62,9.01837895,72.56278565,100.0,2.0,4.0,0.0,3.469,0,58.30728017
22.0,2.8,2.33,0.29,6.790422388,96.65595034,98.22,1.0,1.0,0.0,3.753,1,25.70652818
25.0,2.9,2.38,2.08,6.082239309,183.9686559,100.0,3.0,3.0,0.0,4.906,1,30.31796153
27.0,7.91,4.07,1.7,7.758148044,163.8255697,94.84,1.0,2.0,1.0,6.765,1,5.114428955
17.0,7.99,3.771381605,6.94,7.533089711,108.8493364,100.0,1.0,7.0,1.0,3.793,1,48.82888701
15.0,6.19,4.06,4.79,5.068759777,8.630649199,100.0,3.0,3.0,1.0,2.058,1,50.77151387
25.0,6.32,4.95,4.1412097370000005,6.363899319,174.7375414,100.0,2.0,4.0,1.0,5.462,1,62.14948427
27.0,2.54,1.41,7.65,7.159810298,20.41646467,100.0,1.0,6.0,0.0,-0.305,0,107.5411796
32.0,7.17,2.64,5.15,6.730185643,267.3476068,100.0,0.0,5.0,1.0,7.28,1,45.02806241
30.0,7.05,3.95,7.86,6.517502160499999,24.02143038,100.0,2.0,8.0,1.0,1.927,1,92.43030197
37.0,3.5,2.01,2.49,6.407145537,80.10000523,100.0,2.0,3.0,0.0,2.563,1,39.96608332
27.0,3.04,1.92,1.49,8.801427288,223.9728211,100.0,0.0,2.0,0.0,5.473,0,44.23153036
27.0,3.24,1.18,3.23,4.980006063,138.7115886,100.0,3.0,2.0,0.0,3.331,0,47.60755611
20.0,3.01,2.69,3.77,4.437345016,213.7842697,100.0,2.0,3.0,0.0,4.814,1,39.13422049
33.0,8.1,3.62,7.16,6.51754922,53.48126097,100.0,1.0,6.0,1.0,2.902,1,79.31114414
18.0,3.96,1.66,4.48,6.505870869,165.9822073,100.0,2.0,4.0,0.0,4.896,0,60.4739374
27.0,4.51,2.78,2.34,6.428889268,118.2977412,100.0,3.0,4.0,0.0,4.053,1,28.27160667
38.0,3.74,2.33,5.94,5.141364356,135.3300609,100.0,4.0,8.0,0.0,2.988,1,40.55382788
28.0,11.58,6.53,4.05,7.659092055,127.1883644,98.04,2.0,2.0,1.0,7.015,2,31.39566001
17.0,10.55,8.05,1.3,5.787213657,190.7520238,79.68,4.0,2.0,1.0,8.525,2,1.397139188
24.0,4.3,2.62,4.61,6.805854685,114.6757896,100.0,2.0,3.0,0.0,3.567,1,39.70852967
20.0,5.28,3.52,7.29,8.567296343,268.1534277,100.0,0.0,5.0,0.0,5.633,1,80.65275554
15.0,4.1,3.01,6.74,7.205681639,140.5072658,100.0,0.0,7.0,0.0,2.308,1,71.02912087
37.0,6.92,2.18,4.69,6.128427015,221.1663364,100.0,3.0,3.0,1.0,6.593,1,62.48534431
38.0,2.2,1.41,3.02,7.602315886,165.5390565,100.0,2.0,2.0,0.0,3.554,0,31.40296107
28.0,8.71,7.23,0.7,6.211317458,222.7084327,74.53,0.0,3.0,1.0,8.385,2,1.266299267
22.0,7.23,2.24,3.76,8.039917438,150.6408461,100.0,0.0,3.0,1.0,5.707,1,65.98948701
33.0,16.485,5.97,6.02,8.641572139,546.6424803,100.0,1.0,6.0,1.0,9.509,2,26.91029327
28.0,3.64,3.11,2.88,5.883895852,193.5670335,100.0,4.0,2.0,0.0,5.356,1,43.26018835
24.0,10.04,5.14,1.88,4.537178884,177.8460831,79.91,3.0,4.0,1.0,8.076,1,-1.823406242
31.0,9.92,5.71,7.45,4.937797696,129.60163,100.0,3.0,5.0,1.0,5.285,2,37.23327465
23.0,3.27,2.91,6.57,6.383192101,282.5391552,100.0,3.0,8.0,0.0,5.304,1,49.63570117
20.0,5.99,2.51,5.11,7.34938188,242.2093679,100.0,1.0,8.0,1.0,6.042,1,36.179356595
25.0,3.7,1.25,1.09,7.367362501,160.4187424,100.0,2.0,3.0,0.0,4.883,0,23.38717609
39.0,4.55,3.71,1.16,5.679424448,270.0733125,90.37,4.0,1.0,0.0,7.427,1,-4.011517067
21.0,4.63,3.8,0.83,7.278880933,229.6000505,100.0,0.0,2.0,0.0,6.426,1,16.4232901
31.0,7.56,4.41,4.93,8.823035942,216.4017439,100.0,0.0,2.0,1.0,6.401,1,56.94239407
15.0,7.0,3.72,0.92,7.460741538,173.1674517,99.76,0.0,4.0,1.0,6.459,1,5.560868566
36.0,11.48,9.2,6.74,6.517502160499999,111.5480702,86.21,3.0,5.0,1.0,6.258,2,1.879628431
19.0,3.26,2.42,7.94,6.896923932,120.61705,100.0,1.0,6.0,0.0,1.288,1,98.53083513
27.0,11.74,5.39,2.93,6.730067841,90.43039051,95.61,1.0,2.0,1.0,6.971,2,32.30549694
27.0,4.31,1.34,3.63,8.493719378,284.962343,100.0,0.0,4.0,0.0,5.462,0,56.55108646
38.0,9.73,5.72,5.69,6.037581391,53.129925,100.0,2.0,5.0,1.0,4.038,2,37.40091709
35.0,5.39,4.39,7.5,6.384826436,64.65841726,100.0,2.0,9.0,0.0,1.845,1,99.56532249
16.0,3.43,2.87,7.15,7.239733164,148.3382207,100.0,2.0,6.0,0.0,2.11,1,87.84787994
25.0,10.58,3.771381605,0.46,6.714535368,279.7286249,68.16,1.0,1.0,1.0,10.292,2,-4.572628441
20.0,5.09,4.21,1.35,7.604249572,165.9822073,98.54,2.0,1.0,0.0,5.462,1,36.179356595
22.0,8.59,5.57,6.04,3.683977647,118.0758655,100.0,3.0,6.0,1.0,4.463,2,33.12274058
18.0,7.66,4.34,5.51,7.317865809,115.9906403,100.0,2.0,5.0,1.0,4.477,1,72.62702639
32.0,6.72,5.14,1.07,3.902252113,174.7157011,86.35,2.0,4.0,1.0,6.419,2,-2.24265592
25.0,6.96,5.18,4.02,5.830421279,36.54879871,100.0,2.0,3.0,1.0,2.774,2,25.74873699
19.0,9.32,5.81,6.25,7.602831375,30.73395183,100.0,1.0,5.0,1.0,3.605,2,57.58174046
29.0,2.88,1.01,1.75,4.569162193,215.7198693,100.0,3.0,4.0,0.0,5.695,0,48.47457702
32.0,8.68,7.43,6.97,5.269822816,12.11106531,100.0,3.0,8.0,1.0,2.869,2,32.57672691
16.0,10.96,6.28,0.42,7.673301962,206.4571138,82.72,1.0,4.0,1.0,9.574,2,-2.842896761
36.0,3.87,1.34,6.26,6.68522282,498.7412075,100.0,0.0,5.0,0.0,4.292,0,76.49380106
25.0,3.41,2.31,4.93,3.984147676,190.5996411,100.0,2.0,3.0,0.0,3.946,1,52.22122898
39.0,7.0,6.46,2.52,6.875291971,124.3825856,88.76,0.0,3.0,0.0,5.462,2,18.40843879
27.0,6.37,2.72,5.77,5.053097869,148.2763027,100.0,2.0,7.0,1.0,4.794,1,58.64092884
18.0,6.04,3.771381605,6.26,5.335031848,63.93931349,100.0,2.0,9.0,1.0,2.242,1,68.5235915
36.0,3.37,1.6,7.47,5.955335348,287.2819993,100.0,1.0,6.0,0.0,4.724,0,86.56299139
21.0,7.07,2.91,4.1412097370000005,4.174941368,126.3867661,94.6,4.0,2.0,1.0,5.462,1,30.27278491
25.0,3.27,1.78,5.49,9.365780034,260.8995162,100.0,1.0,6.0,0.0,5.168,0,87.58857309
36.0,6.77,5.0,4.82,5.015706111,134.3019356,100.0,3.0,2.0,1.0,4.419,2,20.8998379
38.0,9.64,8.48,4.2,7.506404431,185.7502461,93.69,2.0,1.0,1.0,7.28,2,9.172209433
18.0,4.58,3.6,7.12,8.746676221,47.77396424,100.0,0.0,7.0,0.0,1.374,1,82.50324914
29.0,6.81,5.89,0.03,8.764940517,274.6642158,88.83,0.0,2.0,1.0,8.856,2,2.473641617
15.0,11.92,3.771381605,2.26,6.530893774,243.6932947,100.0,1.0,1.0,1.0,9.762,1,16.35679238
37.0,8.87,3.04,4.31,8.76720035,238.808625,100.0,0.0,3.0,1.0,7.422,1,62.00457318
17.0,10.41,6.61,4.1412097370000005,8.547322541,208.3436609,85.57,0.0,4.0,1.0,5.462,2,7.236308016
28.0,6.15,2.92,7.26,5.269815853,258.7870471,100.0,3.0,7.0,1.0,6.277,1,63.85564889
27.0,9.68,7.71,5.18,7.017060097,127.7352106,96.38,2.0,5.0,1.0,5.746,2,40.82918735
32.0,2.41,1.69,3.82,3.883586489,40.5811894,100.0,3.0,1.0,0.0,1.219,0,43.60398247
39.0,3.23,2.85,6.52,6.87322644,235.6073478,100.0,2.0,7.0,0.0,4.759,1,86.95904932
27.0,4.03,1.83,3.61,7.030454117,152.3600674,100.0,0.0,1.0,0.0,3.992,0,45.29463343
20.0,6.02,3.56,4.47,4.835019656,240.800657,100.0,4.0,1.0,1.0,7.089,1,12.89089077
20.0,10.46,6.28,0.02,7.552569968,208.1161281,79.1,0.0,3.0,1.0,9.004,2,-11.00293873
35.0,5.46,2.42,2.93,4.563336419,213.0176756,100.0,2.0,3.0,0.0,6.371,1,43.63618376
30.0,8.55,5.59,1.11,7.85402546,124.1633586,91.21,2.0,1.0,1.0,7.182,2,-2.968906682
19.0,9.09,5.14,5.52,3.8312761,33.29070346,100.0,2.0,9.0,1.0,3.649,2,25.01150141
31.0,7.86,4.46,3.83,7.893435446,165.9822073,100.0,2.0,3.0,1.0,5.462,1,26.2295841
27.0,5.57,2.88,2.41,4.630662803,78.67811576,100.0,3.0,1.0,0.0,3.722,1,22.82023045
35.0,7.77,2.41,3.74,5.225084276,227.1596074,100.0,4.0,2.0,1.0,7.743,1,31.14947302
32.0,5.42,3.32,1.68,7.135787283,187.5244809,100.0,1.0,3.0,0.0,6.086,1,32.70320899
21.0,2.84,1.42,7.4,4.730920233,36.42683617,100.0,4.0,7.0,0.0,-0.02,0,90.21304944
17.0,11.93,3.59,0.43,7.017220296,325.6536975,89.8,0.0,1.0,1.0,11.736,1,36.179356595
27.0,3.27,1.59,6.92,8.999735542,237.8220385,100.0,2.0,6.0,0.0,4.459,0,62.36792854
29.0,2.72,1.27,4.09,4.687276932,257.2762755,100.0,3.0,3.0,0.0,5.462,0,48.81250505
34.0,7.0,5.78,4.95,7.773662961,117.4148059,100.0,0.0,4.0,1.0,6.31,2,50.36734276
33.0,5.02,1.9,2.42,4.644865217,250.6940913,100.0,3.0,4.0,0.0,6.704,0,26.30668652
17.0,8.5,5.14,7.73,4.469880696,63.13537055,100.0,2.0,8.0,1.0,3.071,2,52.45118788
18.0,5.29,3.78,2.25,5.021142441,47.92619896,100.0,4.0,2.0,0.0,3.65,1,9.309203563
19.0,5.91,4.01,4.71,9.428798782,78.27421264,100.0,2.0,1.0,0.0,3.442,1,43.12156258
15.0,4.62,3.61,7.95,4.645171091,228.9079478,100.0,3.0,7.0,0.0,4.145,1,85.32930053
18.0,5.43,3.1,7.05,7.875845966,138.880769,100.0,1.0,7.0,0.0,3.44,1,81.24084654
26.0,6.11,3.74,4.29,8.12878605,149.9792819,100.0,1.0,2.0,1.0,4.648,1,52.69305032
38.0,9.2,7.23,7.92,6.187054584,42.99057412,100.0,4.0,4.0,1.0,3.144,2,48.58213236
24.0,7.12,3.96,5.61,7.881903263,95.66439599,100.0,1.0,7.0,1.0,5.462,1,52.10907748
37.0,11.44,8.25,1.67,7.470585374,310.5785199,77.34,0.0,4.0,1.0,11.119,2,-4.952962911
39.0,2.42,3.771381605,3.24,6.217863993,92.94055658,100.0,4.0,2.0,0.0,1.818,0,40.1029293
35.0,7.03,3.87,2.68,4.567155905,173.0463386,87.2,4.0,3.0,1.0,6.451,1,36.179356595
34.0,7.84,5.93,2.75,6.371575892,105.5584833,100.0,0.0,4.0,1.0,5.135,2,3.844764138
38.0,11.2,4.53,6.08,8.470191809,33.6962458,100.0,1.0,6.0,1.0,4.276,1,84.13872934
39.0,2.49,1.25,4.67,8.974895783,194.6334157,100.0,2.0,3.0,0.0,3.504,0,82.74408546
27.0,7.73,3.771381605,0.3,4.543096434,209.0946065,85.56,2.0,1.0,1.0,8.195,1,9.765317227
37.0,10.54,5.43,7.02,4.67413635,192.2268183,100.0,4.0,6.0,1.0,7.084,2,46.13238623
28.0,4.42,1.94,2.37,8.769633766,174.0434789,100.0,1.0,4.0,0.0,4.999,1,50.64801169
37.0,10.76,6.97,7.98,4.041264941,301.2240233,100.0,3.0,9.0,1.0,8.926,2,37.65622517
19.0,2.19,1.71,7.63,7.593992558,105.8675007,100.0,0.0,6.0,0.0,1.226,0,95.31582639
18.0,9.32,3.771381605,7.52,4.538797315,83.92049864,96.76,2.0,5.0,1.0,4.384,2,25.40153907
28.0,11.33,5.88,6.49,8.257865656,199.9983863,100.0,2.0,6.0,1.0,7.978,2,56.39484919
24.0,8.57,7.66,1.76,8.540472815,97.0863513,87.91,1.0,2.0,1.0,5.462,2,11.89020898
31.0,6.39,4.19,4.26,5.842659241,123.510191,100.0,2.0,4.0,1.0,3.637,1,23.52749589
24.0,2.45,1.32,1.79,4.564961121,264.1059019,100.0,2.0,1.0,0.0,5.368,0,13.57467242
21.0,11.2,8.97,2.08,6.522857627,167.0397121,80.56,2.0,3.0,1.0,8.256,2,3.462120384
30.0,6.7,4.94,4.89,5.569701593,63.43944676,100.0,3.0,2.0,1.0,3.063,1,59.2266144
27.0,2.29,1.72,0.33,5.911248136,236.1339421,98.82,0.0,2.0,0.0,5.666,0,7.924244296
31.0,7.0,3.72,7.76,6.774255242,81.32455463,100.0,1.0,8.0,0.0,5.462,1,87.82130207
35.0,6.82,3.96,7.35,4.992848936,165.9822073,100.0,3.0,5.0,1.0,2.145,1,56.98430772
23.0,3.24,2.65,3.05,5.937546826,54.93723286,100.0,3.0,2.0,0.0,2.025,1,30.57099363
20.0,6.21,2.49,4.12,8.312894593,496.1301695,100.0,2.0,1.0,0.0,5.954,1,64.58844132
33.0,2.64,1.87,3.73,6.706858519,140.7929411,100.0,2.0,1.0,0.0,2.921,0,38.52391985
27.0,7.74,5.05,4.1412097370000005,6.004539437,175.8070743,100.0,3.0,9.0,1.0,5.152,2,67.04932308
17.0,8.22,6.62,5.51,8.472613274,117.7729391,100.0,1.0,6.0,1.0,4.497,2,42.5428388
21.0,7.06,3.32,2.22,8.063167668,97.50812838,100.0,0.0,2.0,1.0,4.384,1,18.05549304
36.0,10.17,6.56,3.57,7.897671192,229.8651981,93.59,1.0,1.0,1.0,8.734,2,17.72555886
23.0,10.61,3.97,3.43,5.517456384,269.6154561,100.0,3.0,2.0,1.0,9.056,1,25.6791773
36.0,8.16,5.83,7.67,4.365681713,275.4145523,94.77,2.0,8.0,1.0,6.999,2,45.58374151
19.0,2.13,1.57,1.4,7.367276628,119.5515321,100.0,2.0,3.0,0.0,3.005,0,55.48583611
24.0,8.95,2.92,0.72,8.533228612,279.140127,97.29,0.0,2.0,1.0,9.479,1,10.83928915
37.0,6.18,4.36,7.04,7.56671693,211.1517062,100.0,0.0,7.0,1.0,5.418,1,36.179356595
31.0,7.66,4.2,7.17,4.626019284,39.79789288,100.0,3.0,5.0,1.0,2.799,1,85.25774475
26.0,8.49,3.18,6.97,6.885599867,258.2878126,100.0,0.0,6.0,1.0,7.454,1,69.66606149
37.0,5.5,3.04,4.09,8.074417701,142.0291255,100.0,2.0,1.0,0.0,4.463,1,54.16309921
30.0,11.17,4.65,5.28,5.261163436,138.8509233,100.0,4.0,8.0,1.0,7.081,1,41.15881372
17.0,3.34,1.83,4.51,4.626209801,74.13178881,100.0,3.0,3.0,0.0,1.977,0,41.56286376
39.0,8.72,4.63,0.56,6.517502160499999,278.8288841,85.52,2.0,1.0,1.0,10.052,1,12.28447011
36.0,2.04,1.52,4.77,8.573588561,52.71591018,100.0,0.0,3.0,0.0,0.549,0,75.64672629
23.0,7.0,8.6,0.11,4.570896876,242.1288534,54.48,2.0,2.0,1.0,10.492,2,5.884423354
29.0,3.13,2.08,2.6,6.475925427,77.82833786,100.0,0.0,1.0,0.0,2.365,1,31.95968577
19.0,2.95,0.93,7.46,7.699123403,57.03767803,100.0,1.0,8.0,0.0,0.697,0,107.2675253
27.0,5.33,4.58,2.43,6.995865631,152.8851142,100.0,2.0,2.0,0.0,5.296,1,21.09109882
27.0,5.74,4.09,7.52,6.683380119,66.53186771,100.0,0.0,5.0,0.0,2.154,1,58.31706825
28.0,4.14,1.33,4.1412097370000005,7.60899756,79.96492525,100.0,2.0,3.0,0.0,2.57,0,37.11907752
34.0,7.85,6.21,2.52,4.129043717,149.6617282,81.66,2.0,3.0,1.0,6.449,2,36.179356595
29.0,6.43,2.7,5.03,4.975732301,268.5127526,100.0,3.0,8.0,1.0,7.086,1,55.02728417
30.0,2.34,1.52,6.09,7.297819608,107.6320721,100.0,0.0,9.0,0.0,1.323,0,91.91804275
37.0,7.8,3.02,4.01,4.449804182,100.7844152,100.0,3.0,2.0,0.0,2.077,1,43.41628593
27.0,10.1,5.57,7.06,7.212549962,66.92286102,100.0,2.0,5.0,1.0,4.112,2,63.53886756
31.0,8.9,7.42,0.32,7.067908208,84.28166266,84.38,1.0,3.0,1.0,6.354,2,-11.60622466
37.0,9.25,5.2,7.38,4.683479592,218.3120596,100.0,3.0,7.0,1.0,6.651,2,47.66514573
22.0,8.98,3.1,1.57,7.68224772,172.5051397,91.75,0.0,4.0,1.0,7.719,1,31.42192759
35.0,5.11,4.44,7.07,6.778234896,240.6520562,100.0,0.0,9.0,0.0,4.894,1,60.04085892
27.0,3.0,2.56,3.21,5.640296968,240.173965,100.0,4.0,1.0,0.0,5.137,1,9.296792873
19.0,4.72,3.35,6.66,6.517502160499999,267.4927143,100.0,0.0,6.0,0.0,5.902,1,57.44852228
20.0,10.32,5.99,5.37,8.598529115,154.1425458,100.0,1.0,9.0,1.0,6.229,2,54.32372424
26.0,11.8,3.771381605,1.41,6.315919532,250.3869447,96.21,2.0,3.0,1.0,10.517,1,2.985805299
32.0,6.94,5.37,7.34,7.021763386,119.3711153,100.0,1.0,9.0,1.0,3.188,2,46.88342146
36.0,2.1,0.73,1.96,4.576881825,88.55388664,96.52,2.0,1.0,0.0,2.762,0,30.03711159
36.0,7.0,1.16,1.95,4.800885212,109.9652201,99.17,3.0,3.0,0.0,3.455,0,23.42613064
15.0,5.22,3.25,6.51,4.406465684,84.73006647,100.0,4.0,9.0,0.0,2.157,1,62.11369192
31.0,7.79,3.09,0.85,7.9538638,147.5647163,100.0,2.0,3.0,1.0,6.38,1,15.66313169
25.0,2.75,0.84,1.78,5.365936809,113.9525233,100.0,3.0,1.0,0.0,3.601,0,27.03354778
24.0,11.43,6.33,4.03,4.989333087,41.79608996,100.0,3.0,4.0,1.0,5.646,2,22.92320156
33.0,5.65,2.16,6.64,7.599557146,176.6466653,100.0,1.0,6.0,0.0,4.913,1,96.5203468
28.0,11.13,4.41,1.18,4.827919969,275.2129068,100.0,3.0,1.0,1.0,10.431,1,27.83885239
24.0,9.81,3.4,4.38,5.075516882,61.19139499,100.0,4.0,1.0,1.0,4.991,1,21.05225356
29.0,9.55,4.04,5.69,6.340232543,159.8084918,100.0,0.0,8.0,1.0,5.988,1,60.49841164
33.0,8.07,5.89,6.88,5.961798365,119.9589352,100.0,2.0,6.0,1.0,4.411,1,38.31100585
18.0,8.27,6.49,7.48,6.678317293,238.2315465,99.09,2.0,7.0,1.0,6.851,2,49.32591141
16.0,8.38,4.79,6.28,6.173152654,221.3452121,100.0,4.0,7.0,1.0,6.906,1,62.07858279
23.0,8.29,5.01,5.22,6.117357521,78.91445592,99.9,2.0,7.0,1.0,4.659,1,36.179356595
24.0,7.54,3.771381605,3.47,8.453522748,311.9441307,100.0,1.0,2.0,1.0,8.589,1,42.11809186
25.0,11.86,4.05,0.9,8.603069571,26.06743949,100.0,2.0,4.0,1.0,6.58,1,25.9480635
28.0,9.32,4.24,5.68,8.025710259,86.25076478,100.0,1.0,8.0,1.0,4.776,1,41.16646316
21.0,9.77,6.12,7.94,8.812808398,110.8124695,100.0,1.0,8.0,1.0,4.783,2,69.21124765
37.0,10.72,7.97,5.89,6.815937973,104.1737673,100.0,2.0,8.0,1.0,5.493,2,28.35836276
27.0,4.16,2.76,0.13,7.681600572,39.90198001,100.0,0.0,2.0,0.0,2.541,1,9.560467851
36.0,2.84,1.52,3.97,6.68374201,115.4683367,100.0,2.0,2.0,0.0,2.409,0,69.25624757
33.0,6.83,2.53,4.92,7.680890318,91.80739001,100.0,2.0,1.0,1.0,3.919,1,54.19755964
36.0,7.14,5.49,5.52,6.433596273,231.7615691,99.85,1.0,8.0,1.0,6.734,2,41.39592584
29.0,10.29,3.771381605,5.76,4.495726315,85.63379121,100.0,2.0,8.0,1.0,5.457,2,33.21147692
38.0,6.44,3.771381605,4.46,8.393614329,103.3248909,100.0,1.0,3.0,1.0,3.902,1,44.5331277
22.0,7.71,4.69,1.79,8.019113318,195.4352469,94.91,2.0,4.0,1.0,6.738,1,16.51006754
25.0,7.27,5.4,7.54,8.182800141,48.65662254,100.0,1.0,8.0,1.0,2.653,2,60.46210655
23.0,2.38,2.01,5.57,5.606144601,234.6930067,100.0,2.0,5.0,0.0,4.139,1,41.1800775
29.0,8.15,6.95,1.89,5.132546283,109.804693,82.21,2.0,3.0,1.0,5.308,2,0.7642739
27.0,10.28,6.38,2.58,5.175647941,278.1687286,81.77,3.0,1.0,1.0,10.006,2,-6.318173548
15.0,3.58,2.17,7.38,6.009197069,53.88896677,100.0,0.0,5.0,0.0,1.116,1,77.62170303
33.0,7.94,3.65,7.1,4.859048186,91.02440254,100.0,3.0,9.0,1.0,3.36,1,57.72479423
17.0,11.91,6.84,3.24,5.841616844,246.733443,90.91,3.0,2.0,1.0,5.598,1,-1.079354705
24.0,3.64,2.09,0.31,5.551995065,153.0291322,98.83,4.0,4.0,0.0,4.947,1,3.051075793
22.0,3.23,1.22,0.39,5.11322337,86.0578751,98.71,3.0,1.0,0.0,2.998,0,12.14786008
29.0,11.8,6.6,2.27,7.869152132,40.22362557,90.83,0.0,1.0,1.0,5.839,2,-3.135178556
24.0,7.0,2.23,5.03,8.236341576,31.78971135,100.0,2.0,7.0,0.0,2.141,1,88.32333753
15.0,4.27,2.57,4.1412097370000005,3.78515609,57.68497415,100.0,2.0,4.0,0.0,1.274,1,49.09663226
32.0,3.71,2.36,5.07,6.623582256,244.7076694,100.0,0.0,7.0,0.0,5.334,1,68.73078555
16.0,8.68,4.36,5.74,4.100418852,219.4917655,98.8,4.0,9.0,1.0,6.718,1,31.28133117
33.0,8.09,2.77,0.15,4.513461219,60.52500206,89.2,2.0,2.0,1.0,5.44,1,25.78565777
27.0,8.44,7.31,0.84,7.680326482,165.9822073,83.99,0.0,1.0,1.0,5.462,2,-1.232944142
36.0,2.88,2.2,2.88,6.890769624,193.6385692,100.0,1.0,2.0,0.0,4.436,1,51.25346801
15.0,10.94,8.79,1.24,7.603436603,236.4251054,63.62,2.0,3.0,1.0,9.858,2,4.195214111
16.0,5.89,3.06,0.6,6.188148686,291.5642612,91.62,0.0,1.0,0.0,8.405,1,-3.535678882
30.0,7.0,3.88,5.13,8.127367688,268.027494,100.0,2.0,5.0,0.0,6.506,1,36.179356595
27.0,6.62,3.91,6.52,4.756497896,284.4219254,100.0,4.0,5.0,1.0,7.134,1,39.57333635
27.0,5.9,2.48,6.02,5.402058767,97.49114552,100.0,3.0,7.0,0.0,3.024,1,94.65266174
30.0,10.64,3.99,6.54,4.676876024,233.5622017,100.0,2.0,7.0,1.0,8.218,1,50.03264291
31.0,11.29,5.72,5.33,7.647582549,91.62049842,100.0,1.0,7.0,1.0,6.266,2,45.17431336
27.0,5.03,1.92,4.1412097370000005,4.731118688,131.6298412,100.0,3.0,2.0,1.0,5.462,0,73.35384722
21.0,10.64,9.56,2.17,4.293437814,192.4615244,60.49,3.0,2.0,1.0,8.309,2,-2.840117706
38.0,9.82,3.24,7.94,6.815333786,218.0947402,100.0,2.0,7.0,1.0,6.868,1,88.06474592
31.0,11.31,6.39,1.47,4.356760853,239.9718165,70.73,4.0,2.0,1.0,9.374,2,-7.240887851
21.0,4.46,2.55,1.72,4.583175705,95.77192768,100.0,3.0,3.0,0.0,3.554,1,28.86981176
27.0,7.77,3.73,2.31,4.044964119,165.9822073,96.16,3.0,2.0,1.0,5.462,1,15.5697805
19.0,4.75,3.05,7.8,6.517502160499999,30.31315452,100.0,3.0,5.0,0.0,1.035,1,63.54612608
27.0,10.24,3.99,7.91,7.180061453,124.7942682,100.0,1.0,8.0,1.0,5.507,1,80.59366762
17.0,7.0,1.58,6.36,5.99114918,379.1990498,100.0,2.0,7.0,0.0,5.462,0,80.40458388
21.0,7.65,3.82,5.03,5.637402671,165.9822073,100.0,3.0,8.0,1.0,7.796,1,44.22515135
31.0,8.085,3.53,4.16,4.873617616,468.4998638,100.0,4.0,1.0,0.0,6.727,1,37.62793347
21.0,5.23,3.81,7.76,8.127224993,130.382709,100.0,1.0,8.0,0.0,2.787,1,96.17793392
35.0,8.45,7.04,5.56,6.755800842,195.1170538,90.07,1.0,9.0,1.0,6.897,2,14.32798935
15.0,10.51,8.42,7.56,7.058635265,147.269975,98.96,2.0,9.0,1.0,5.767,2,38.12505308
31.0,8.09,5.38,2.53,5.94445446,101.9891513,89.63,2.0,4.0,1.0,5.306,2,36.65372647
31.0,10.53,5.61,2.67,5.303493141,310.4781134,83.75,4.0,2.0,1.0,10.244,2,-4.498359438
25.0,4.65,2.8,6.84,8.421676232,211.0496569,100.0,1.0,9.0,0.0,4.393,1,76.29618118
39.0,7.2,5.48,1.2,6.683168029,305.0312884,84.91,1.0,4.0,1.0,9.14,2,0.903529454
17.0,6.51,5.38,7.57,4.816450226,75.98998072,100.0,4.0,5.0,1.0,2.404,2,70.9721335
29.0,7.0,0.77,4.06,5.625703556,97.67457288,100.0,1.0,4.0,0.0,5.462,0,51.50355761
35.0,7.57,4.02,4.1412097370000005,5.245477741,164.7912178,100.0,4.0,7.0,1.0,4.622,1,83.45936562
25.0,8.62,6.6,2.69,4.581915495,148.3826353,84.86,4.0,4.0,1.0,6.283,2,0.900819517
30.0,7.92,4.43,5.73,8.427089992,83.65631907,100.0,2.0,7.0,1.0,3.761,1,53.70397116
39.0,9.36,4.67,3.86,8.316636469,215.9910369,100.0,2.0,2.0,1.0,7.622,1,49.17971768
36.0,7.71,4.22,4.1412097370000005,5.018774729,92.72640981,100.0,2.0,8.0,1.0,4.172,1,52.95020261
23.0,2.67,1.77,4.03,6.024227985,197.0771024,100.0,2.0,3.0,0.0,3.666,0,47.07678976
27.0,3.16,2.84,7.74,7.843714089,268.2363534,100.0,2.0,6.0,0.0,4.198,1,67.10634913
38.0,7.96,4.74,5.54,5.474820888,263.8593165,100.0,3.0,5.0,1.0,7.378,1,28.39123233
15.0,4.75,2.02,2.01,6.606644519,45.97686747,100.0,0.0,1.0,0.0,2.372,1,35.86300519
39.0,2.8,1.11,7.28,7.464206934,197.3262503,100.0,1.0,7.0,0.0,3.096,0,99.11696904
36.0,6.3,2.05,4.1412097370000005,7.070921559,297.8835195,100.0,1.0,1.0,1.0,8.045,1,9.812855684
30.0,7.54,4.79,2.97,7.4424284,153.9047944,100.0,0.0,1.0,1.0,5.879,1,9.356751811
23.0,5.29,3.32,0.82,7.500971882,18.86471201,100.0,0.0,1.0,0.0,5.462,1,15.73826518
27.0,9.2,3.89,7.2,8.648934051,285.7416509,100.0,2.0,8.0,1.0,7.8,1,87.4942742
26.0,8.44,6.05,2.29,5.907422403,222.8298643,81.95,2.0,1.0,1.0,7.913,2,3.158004348
33.0,5.33,3.97,2.07,7.610293488,201.2725216,100.0,1.0,3.0,0.0,5.462,1,19.22437807
36.0,9.55,4.35,7.36,3.764857362,122.9357243,100.0,3.0,7.0,1.0,5.487,1,56.68482417
23.0,7.0,4.3,6.44,6.058996286,218.9892623,100.0,2.0,8.0,0.0,5.462,1,50.44975903
21.0,8.37,7.49,1.13,3.874453604,67.83465386,76.63,2.0,4.0,1.0,5.106,2,-0.446028397
28.0,7.53,3.95,6.15,7.984386244,32.69742012,100.0,2.0,6.0,1.0,2.5,1,72.59045453
33.0,2.11,1.6,4.1412097370000005,3.986688922,256.3660747,100.0,2.0,5.0,0.0,3.745,0,82.74565669
33.0,8.97,3.771381605,0.63,7.766829784,219.447738,92.34,1.0,3.0,1.0,8.996,2,-3.901806663
16.0,5.76,4.47,6.6,7.412860198,216.1932373,100.0,0.0,8.0,0.0,5.5,1,59.6162832
23.0,11.43,8.7,4.38,6.517502160499999,223.8303384,75.46,0.0,4.0,1.0,9.121,2,2.961605788
27.0,10.18,7.13,5.35,7.56043999,96.66765254,100.0,2.0,6.0,1.0,4.845,2,42.74705323
29.0,7.88,6.41,3.94,7.724353473,205.1295331,100.0,0.0,3.0,1.0,6.398,2,31.08409484
17.0,4.52,3.9,5.58,7.596020107,215.8290189,100.0,2.0,6.0,0.0,4.826,1,33.0890004
25.0,4.04,2.62,0.27,4.284657743,141.7912538,90.99,3.0,4.0,0.0,5.219,1,18.37636323
35.0,5.4,2.39,6.1,8.760533977,203.6977596,100.0,1.0,6.0,0.0,4.43,1,76.32125345
28.0,6.77,3.65,0.27,6.933573372,213.4780173,89.66,2.0,1.0,1.0,7.284,1,0.427570199
39.0,7.44,3.74,3.64,6.061196239,100.8297999,100.0,2.0,2.0,0.0,2.288,1,36.179356595
22.0,7.0,4.94,1.21,5.326653998,112.4259618,100.0,3.0,1.0,1.0,5.462,1,-4.878325533
32.0,3.65,1.48,6.59,6.984446184,133.8123653,100.0,2.0,7.0,0.0,2.448,0,92.60334971
33.0,11.78,3.9,2.51,7.931000258,296.1807716,95.9,2.0,1.0,1.0,10.917,1,48.27983589
30.0,3.08,2.19,3.63,4.734860068,61.53950411,100.0,3.0,2.0,0.0,1.851,1,38.27033638
16.0,11.32,5.1,3.43,4.43728671,41.60441107,98.08,4.0,2.0,1.0,5.311,2,36.179356595
22.0,11.14,6.68,6.18,8.066913723,162.6991404,100.0,0.0,7.0,1.0,6.656,2,38.93682519
36.0,7.25,5.42,3.85,3.864628553,162.2372617,86.23,2.0,4.0,1.0,5.65,2,23.23781007
20.0,9.25,3.771381605,6.31,8.866002487,250.0712713,100.0,2.0,6.0,1.0,7.952,2,34.79676476
26.0,6.36,2.23,4.1412097370000005,5.891540532,75.12654137,98.21,2.0,1.0,1.0,5.462,1,10.85186205
29.0,8.3,3.41,1.53,7.165821051,269.8904696,84.54,1.0,1.0,1.0,8.751,1,4.366957261
39.0,5.41,2.33,4.41,4.922793447,83.03503467,100.0,4.0,2.0,0.0,3.202,1,43.68679684
22.0,5.01,2.28,7.58,7.890764902,120.5247554,100.0,0.0,5.0,0.0,2.511,1,94.28576006
18.0,7.78,4.97,0.6,7.685329999,140.8074531,89.21,1.0,3.0,1.0,6.73,1,3.378092699
29.0,7.0,3.771381605,4.1412097370000005,8.555309799,28.83858061,100.0,2.0,3.0,0.0,5.462,1,6.100700474
34.0,7.8,3.29,1.25,7.790446363,38.7569822,100.0,1.0,4.0,1.0,4.645,1,38.23229143
39.0,4.87,1.66,5.13,4.549049068,130.4424598,100.0,4.0,5.0,0.0,3.796,0,67.23517589
31.0,5.67,2.28,3.19,5.65694027,153.3492258,100.0,4.0,1.0,0.0,5.018,1,38.03740736
27.0,2.84,2.53,6.6,6.92982457,106.3771678,100.0,1.0,7.0,0.0,1.82,1,62.46284628
32.0,2.52,3.771381605,0.58,7.48817554,270.0406327,98.46,1.0,1.0,0.0,6.306,0,13.41504452
16.0,4.53,3.72,1.57,8.274147648,165.9822073,100.0,2.0,2.0,0.0,7.074,1,14.45284427
27.0,2.74,2.22,2.4,6.517502160499999,59.21124156,100.0,2.0,2.0,0.0,1.57,1,36.179356595
27.0,3.04,1.85,5.01,7.555169274,222.4774698,100.0,2.0,6.0,0.0,4.577,0,73.34059547
36.0,10.13,7.33,5.48,8.745336077,111.8183013,100.0,1.0,8.0,1.0,5.781,2,35.67234849
29.0,2.39,0.99,0.99,4.491068258,163.1798887,95.56,3.0,1.0,0.0,4.018,0,23.52195957
34.0,8.59,6.12,7.55,9.104134351,207.0129707,100.0,1.0,9.0,1.0,6.15,2,57.54528544
24.0,4.73,2.19,2.73,6.125707163,165.9822073,100.0,0.0,3.0,0.0,5.462,1,36.15626995
17.0,10.72,8.57,5.71,7.625326099,149.0429027,88.84,2.0,9.0,1.0,6.387,2,36.179356595
33.0,6.85,2.4,4.19,5.005436642,186.0761658,100.0,3.0,4.0,1.0,5.708,1,35.46322085
17.0,7.0,3.87,1.78,5.59574485,300.2249642,85.7,4.0,2.0,0.0,5.462,1,6.072401301
36.0,7.18,2.58,6.77,4.876260726,198.1976344,100.0,2.0,9.0,1.0,5.319,1,54.508909
28.0,5.82,4.82,6.55,8.939312654,68.91950879,100.0,2.0,9.0,0.0,2.425,1,36.179356595
22.0,7.64,3.69,3.17,7.679869665,103.2783118,100.0,1.0,3.0,1.0,4.929,1,35.56102086
37.0,7.0,2.18,4.71,4.231246633,14.2458486,100.0,3.0,2.0,0.0,5.462,1,56.41813932
18.0,7.0,7.09,2.06,8.883993657,582.3279442,100.0,0.0,2.0,1.0,10.867,2,1.038936883
34.0,6.26,3.25,5.52,7.586411973,228.0726364,100.0,2.0,9.0,1.0,5.814,1,77.2018323
25.0,5.48,3.77,2.47,8.478009297,161.6050712,100.0,2.0,1.0,0.0,5.419,1,25.02975146
25.0,7.0,7.9,6.75,4.058563088,163.6600344,91.3,2.0,5.0,1.0,6.305,2,18.84316202
25.0,5.64,1.83,1.74,6.038405835,272.2059216,100.0,4.0,4.0,0.0,7.638,0,33.07340228
16.0,10.33,8.79,0.12,6.517502160499999,255.8578372,51.88,2.0,4.0,1.0,5.462,2,-7.565235664
31.0,6.54,4.35,2.15,4.950946909,157.2326439,99.61,2.0,2.0,1.0,6.005,1,11.58970924
23.0,9.2,7.22,1.53,6.6482016,238.205138,77.06,2.0,2.0,1.0,8.721,2,1.249082818
16.0,7.0,1.63,4.07,5.971590269,271.8644833,100.0,0.0,3.0,0.0,5.462,1,42.77392567
38.0,10.46,6.1,1.63,4.781312426,293.0672653,75.64,4.0,4.0,1.0,10.001,1,3.445370569
29.0,9.36,7.69,6.11,5.172874309,167.7382426,96.69,4.0,7.0,1.0,6.047,2,28.1742041
27.0,4.12,2.26,1.93,8.451113195,142.376175,100.0,2.0,1.0,0.0,4.261,1,42.35366686
39.0,7.0,2.14,5.66,6.517502160499999,166.8584272,100.0,2.0,7.0,0.0,4.007,1,60.32683467
18.0,5.16,1.61,4.63,5.513599054,128.4213254,100.0,4.0,4.0,0.0,4.071,0,68.32913931
22.0,11.76,4.65,7.89,7.224882046,270.9409184,100.0,2.0,5.0,1.0,8.733,1,68.49707309
23.0,4.57,3.13,8.0,7.875397782,228.1618227,100.0,1.0,9.0,0.0,4.505,1,76.63958786
19.0,6.56,4.79,6.96,7.296787887,38.50672551,100.0,0.0,7.0,1.0,1.912,1,100.3093186
30.0,2.3,1.49,6.08,8.210290779,30.1525161,100.0,2.0,7.0,0.0,0.026,0,86.33751641
27.0,5.97,2.3,3.09,3.67167441,165.9822073,100.0,3.0,4.0,0.0,5.462,1,36.7298045
21.0,7.71,4.37,6.03,5.358512877,345.2751077,100.0,4.0,6.0,1.0,8.026,1,60.82244916
34.0,11.53,5.92,7.65,7.873286101,74.19865372,100.0,1.0,8.0,1.0,5.462,2,60.20409868
31.0,7.17,4.28,0.19,8.271273549,264.0003424,87.34,2.0,4.0,1.0,9.068,1,-3.033909258
17.0,7.0,8.38,4.3,7.073959791,171.0501534,81.43,0.0,2.0,1.0,7.045,2,-4.229928948
19.0,7.47,5.72,4.1412097370000005,3.748755651,45.63696459,97.39,3.0,3.0,1.0,5.462,2,2.450981207
27.0,2.41,0.84,4.46,6.48929163,71.26859911,100.0,4.0,2.0,0.0,1.147,0,72.21971882
27.0,5.15,4.3,3.73,3.973658635,52.22261012,98.7,3.0,3.0,0.0,2.776,1,36.179356595
21.0,7.76,4.52,4.61,7.96606421,44.63109842,100.0,1.0,4.0,1.0,3.197,1,67.12155541
23.0,11.51,8.59,4.41,4.463118668,129.2214316,88.4,3.0,3.0,1.0,6.952,2,1.179550585
20.0,10.59,4.07,7.68,4.358058142,9.912899734,100.0,2.0,5.0,1.0,3.431,1,74.04547785
31.0,4.28,3.01,4.42,6.702342117,132.5471211,100.0,2.0,2.0,0.0,3.274,1,41.42201352
30.0,4.2,1.86,6.77,6.517502160499999,117.5746914,100.0,2.0,7.0,0.0,2.349,0,81.32732391
37.0,4.01,2.26,2.56,5.986036263,152.2770853,100.0,2.0,4.0,0.0,4.277,1,15.62961945
17.0,11.22,3.48,3.5,5.470508279,327.6055326,91.74,1.0,4.0,1.0,10.36,1,12.33112405
35.0,10.53,4.12,3.76,8.123483646,221.3348971,100.0,0.0,1.0,1.0,8.537,1,52.98627204
18.0,9.75,3.46,2.23,6.189409152,237.5736149,100.0,3.0,1.0,1.0,5.462,1,8.010623495
24.0,5.93,2.63,3.04,7.207155969,228.7578373,100.0,1.0,3.0,0.0,6.093,1,50.04179777
19.0,10.56,3.771381605,4.79,5.424230353,328.0475448,100.0,4.0,3.0,1.0,5.463,1,36.5939585
35.0,6.64,4.75,4.64,5.750599818,65.09293994,100.0,3.0,1.0,1.0,3.048,1,38.76066569
36.0,4.53,1.44,5.09,7.179530829,166.6937696,100.0,1.0,7.0,0.0,3.898,0,67.76120935
24.0,7.05,4.73,2.81,6.383678041,143.349749,100.0,1.0,1.0,1.0,5.062,1,25.98811545
26.0,2.3,0.88,2.53,7.461856135,230.7635609,100.0,2.0,4.0,0.0,5.491,0,48.51467627
24.0,3.32,2.88,4.1412097370000005,7.448596394,88.52203908,100.0,1.0,2.0,0.0,2.253,1,49.7682054
27.0,10.87,9.35,1.06,7.362132291,55.31321201,79.96,2.0,3.0,1.0,6.157,2,9.316427011
25.0,9.52,4.14,2.02,6.679785653,101.6816265,99.07,1.0,3.0,1.0,6.954,1,19.2299168
36.0,6.23,3.771381605,0.34,6.236372916,75.32382941,99.8,0.0,3.0,1.0,3.993,1,4.897878111
30.0,7.17,2.27,0.58,7.361273332,38.60387184,100.0,0.0,1.0,1.0,4.471,1,40.78436716
22.0,5.7,4.9,1.95,4.59259687,140.2846788,82.36,2.0,1.0,0.0,5.305,1,36.179356595
27.0,7.0,5.78,0.16,6.276658841,229.5223944,83.48,3.0,3.0,1.0,9.197,2,1.754657883
39.0,9.84,3.21,1.96,6.815611196,157.0747932,100.0,0.0,4.0,1.0,7.512,1,23.41689217
22.0,9.63,4.87,5.24,4.048555939,108.2339511,100.0,2.0,7.0,1.0,5.143,1,37.3478453
27.0,9.23,3.771381605,0.49,7.001536118,77.26170202,100.0,1.0,4.0,1.0,6.348,1,17.39524104
16.0,4.05,2.17,3.49,7.689327811,165.9822073,100.0,0.0,1.0,0.0,5.462,1,50.63134207
26.0,5.38,3.78,7.3,8.592447036,157.4393133,100.0,2.0,9.0,0.0,2.84,1,109.7159668
24.0,6.7,3.9,6.33,8.617065632,154.029234,100.0,1.0,9.0,1.0,4.331,1,68.19615432
26.0,5.31,2.82,2.44,6.517502160499999,171.2072822,95.48,4.0,1.0,0.0,4.983,1,29.55342763
25.0,9.55,3.55,7.4,6.600730285,241.0114724,100.0,1.0,6.0,1.0,7.455,1,77.0197567
29.0,5.29,2.36,2.64,5.784077662,215.1810525,95.97,4.0,1.0,0.0,6.233,1,19.20918881
30.0,3.38,1.22,0.58,5.936588421,65.58167486,100.0,4.0,1.0,0.0,2.636,0,29.32588414
31.0,5.99,4.7,7.95,7.387131336,145.5216437,100.0,0.0,5.0,0.0,3.75,1,99.32016108
16.0,11.8,4.5,6.96,4.400247745,237.1791348,100.0,2.0,5.0,1.0,8.352,1,43.27534281
32.0,4.26,2.8,3.73,5.361751148,224.4586874,99.32,3.0,3.0,0.0,5.271,1,29.42518545
26.0,8.12,4.11,5.33,8.869404927,54.98619563,100.0,2.0,7.0,1.0,3.961,1,65.82073486
33.0,6.33,2.76,5.37,6.517502160499999,100.0539766,100.0,1.0,6.0,1.0,3.674,1,60.03505481
37.0,2.71,1.85,1.56,6.629180171,135.8311034,100.0,1.0,3.0,0.0,3.167,0,30.98680846
32.0,6.88,3.95,1.6,8.504862029,220.641113,100.0,0.0,3.0,1.0,7.26,1,22.57491778
31.0,9.02,4.87,3.76,8.619669104,221.3184939,100.0,2.0,3.0,1.0,7.602,1,28.75585407
20.0,7.13,4.68,7.29,4.588881839,191.2191541,100.0,4.0,8.0,1.0,4.638,1,40.1168233
39.0,10.72,6.38,0.08,6.076903096,165.9822073,94.27,2.0,3.0,1.0,5.462,2,4.1595322
29.0,4.89,2.36,6.26,6.44865918,268.5983693,100.0,2.0,5.0,0.0,5.767,1,68.72828733
17.0,2.86,1.82,0.46,5.652581527,170.5899895,100.0,4.0,3.0,0.0,4.652,0,1.666844701
20.0,11.37,7.98,3.83,8.166611949,158.050561,87.93,0.0,4.0,1.0,7.716,2,-5.368579555
17.0,5.78,1.83,5.1,6.451406594,23.57020105,100.0,2.0,5.0,0.0,2.0,0,69.79306147
15.0,7.76,4.5,5.49,3.881378513,272.4413745,89.8,3.0,8.0,1.0,7.693,1,54.66816102
27.0,9.92,3.32,0.47,5.633963186,57.67154947,91.06,4.0,3.0,1.0,6.819,1,0.718716658
35.0,5.24,2.16,4.1412097370000005,5.28429771,216.573025,100.0,2.0,4.0,0.0,6.195,1,34.38170638
28.0,9.16,5.83,4.1412097370000005,8.617360514,243.3093467,100.0,0.0,1.0,1.0,5.462,2,32.15475297
27.0,3.35,2.75,0.53,7.223477975,49.12103395,100.0,0.0,1.0,0.0,3.076,1,26.66215786
18.0,4.91,4.07,1.08,6.14979819,146.2250816,98.18,0.0,3.0,0.0,5.071,1,19.55443743
21.0,3.45,1.18,5.31,7.787327706,278.8658897,100.0,1.0,6.0,0.0,5.752,0,60.42254289
36.0,10.11,5.58,4.17,7.229681314,271.9438307,94.56,1.0,4.0,1.0,9.544,2,36.179356595
24.0,4.23,2.75,1.29,7.912076159,38.09194964,100.0,1.0,4.0,0.0,2.688,1,23.58725329
21.0,9.17,3.771381605,4.28,5.910844269,83.98162646,100.0,0.0,2.0,1.0,5.041,1,36.27091935
35.0,11.43,8.68,7.3,8.877107952,212.1076615,100.0,0.0,8.0,1.0,8.045,2,40.88157666
29.0,7.28,5.43,0.12,9.40128359,275.6493134,86.14,2.0,4.0,1.0,9.424,2,36.179356595
27.0,7.4,6.23,5.14,9.256458787,186.9369958,100.0,0.0,4.0,1.0,6.038,2,36.179356595
18.0,6.61,2.02,0.59,7.015463024,212.229724,98.0,0.0,1.0,1.0,7.868,1,21.87129459
37.0,5.26,2.26,0.05,8.461233355,168.1211854,100.0,2.0,2.0,0.0,6.195,1,28.42298346
37.0,6.76,5.38,1.21,6.517502160499999,241.3639574,92.09,2.0,3.0,1.0,8.277,2,5.288902273
20.0,12.045,3.771381605,3.38,9.210546701,527.7385518,97.49,0.0,3.0,1.0,8.441,2,31.16907943
38.0,11.86,9.92,6.42,8.467934958,167.1670965,95.92,2.0,6.0,1.0,8.164,2,6.08408618
34.0,11.38,3.8,2.25,8.236621483,280.1257778,98.34,2.0,2.0,1.0,10.615,1,35.62429432
19.0,10.62,6.99,5.01,8.466809808,149.0062367,100.0,2.0,7.0,1.0,6.787,2,31.49761501
34.0,16.335,6.99,3.29,5.209199143,77.31034596,98.08,1.0,4.0,1.0,4.898,2,3.322733097
26.0,6.68,2.15,1.87,4.840391084,56.26287455,100.0,4.0,2.0,1.0,4.019,1,42.62839665
15.0,8.57,5.21,4.11,5.802133752,145.2766439,100.0,2.0,2.0,1.0,6.092,2,38.27112947
22.0,10.95,7.29,6.38,6.517502160499999,180.1315606,100.0,1.0,8.0,1.0,7.501,2,39.88733662
15.0,5.93,2.46,6.66,6.517502160499999,269.0277161,100.0,2.0,6.0,0.0,6.667,1,60.08647571
19.0,11.62,5.39,6.77,5.883828513,47.04880174,100.0,1.0,5.0,1.0,4.639,2,62.24061351
36.0,6.16,4.21,2.71,6.966652314,38.87765503,100.0,0.0,1.0,1.0,3.087,1,30.93239047
20.0,8.01,4.65,6.35,7.138394665,19.95023011,100.0,1.0,7.0,1.0,2.54,1,44.91692143
35.0,9.1,7.41,1.7,8.76965405,159.5471554,88.19,2.0,1.0,1.0,7.58,2,7.317057229
17.0,11.51,5.82,4.1412097370000005,6.900646874,31.30767277,100.0,0.0,1.0,1.0,5.462,2,52.3714892
29.0,4.45,2.05,7.59,7.036064257,122.7939204,100.0,0.0,5.0,0.0,2.468,1,97.13484157
19.0,9.46,8.43,0.11,7.085706684,290.8161666,70.02,0.0,4.0,1.0,10.517,2,2.150631834
38.0,7.21,6.1,3.52,7.714449854,265.4276801,92.67,2.0,2.0,1.0,7.569,2,11.83835512
28.0,4.69,1.49,5.18,5.244678069,227.7573854,100.0,2.0,6.0,0.0,5.931,0,71.04950285
32.0,9.77,7.45,5.61,5.59556561,67.43866659,93.39,2.0,5.0,1.0,5.022,2,10.1406454
30.0,7.52,2.75,1.41,8.823337857,114.8862627,100.0,2.0,4.0,1.0,5.477,1,44.89262489
20.0,8.61,2.72,7.78,7.111047149,44.58552341,100.0,0.0,9.0,1.0,5.462,1,92.15973473
39.0,5.23,2.43,4.92,7.177951843,100.7988462,100.0,1.0,1.0,0.0,3.339,1,75.3039496
38.0,6.81,3.14,1.31,5.937326177,26.80042114,100.0,2.0,3.0,1.0,3.792,1,20.69815702
28.0,8.17,6.47,0.16,5.005002224,219.3356102,73.73,2.0,4.0,1.0,8.657,2,3.496872437
38.0,6.05,4.39,6.27,6.671546252,104.9908082,100.0,1.0,6.0,1.0,3.204,1,50.13386307
22.0,3.98,3.54,0.64,4.397640122,137.6931003,90.56,4.0,3.0,0.0,4.698,1,-2.735410461
21.0,11.62,8.45,1.13,6.092468515,69.3397021,80.04,1.0,3.0,1.0,6.871,2,-7.717763508
22.0,7.11,3.92,4.6,6.080014194,13.72550784,100.0,2.0,2.0,1.0,2.915,1,27.60224628
27.0,9.34,3.771381605,4.83,6.517502160499999,165.9822073,100.0,0.0,4.0,1.0,5.462,2,28.32332311
20.0,7.0,5.5,5.5,7.062991269,169.1619075,100.0,2.0,6.0,0.0,5.462,2,52.72669367
32.0,5.55,4.03,3.15,8.290915922,66.97983611,100.0,1.0,2.0,0.0,2.77,1,42.30345803
16.0,6.07,4.6,6.19,7.407865665,163.0549288,100.0,2.0,7.0,1.0,4.378,1,46.2286201
22.0,6.09,5.26,7.79,8.683871315,84.77264726,100.0,2.0,9.0,1.0,1.208,2,94.53672895
25.0,7.44,2.74,2.17,6.517502160499999,192.6607922,100.0,2.0,4.0,1.0,6.589,1,39.72729486
15.0,7.43,5.37,5.62,7.777125862,123.3107173,100.0,1.0,6.0,1.0,4.529,2,33.26609103
36.0,6.97,5.65,7.43,4.869097261,140.1217048,100.0,4.0,8.0,1.0,4.016,2,54.8963097
20.0,3.35,2.92,5.49,4.919502559,171.7528163,100.0,3.0,9.0,0.0,3.148,1,47.70317852
30.0,6.96,2.97,5.45,6.675915537,50.98990635,100.0,0.0,8.0,1.0,2.805,1,58.33051712
34.0,3.69,2.22,1.79,5.640584971,194.9737432,100.0,2.0,4.0,0.0,5.008,1,20.40344661
26.0,3.26,2.31,4.28,6.517502160499999,91.27415195,100.0,2.0,2.0,0.0,2.026,1,66.07509124
25.0,11.33,5.08,4.5,6.252384714,86.40377967,100.0,1.0,1.0,1.0,5.815,2,43.47893197
24.0,8.05,5.32,5.6,8.066722073,75.2193166,100.0,1.0,8.0,1.0,4.645,1,45.9869758
17.0,8.59,3.9,7.97,8.314394889,206.7692396,100.0,2.0,5.0,1.0,6.584,1,36.179356595
27.0,6.02,3.771381605,0.27,4.829862361,245.0617313,78.74,4.0,2.0,1.0,7.929,1,6.685042673
17.0,11.09,6.26,0.52,6.517502160499999,86.04886049,94.89,0.0,4.0,1.0,6.929,2,4.784924766
29.0,8.38,5.17,0.62,7.239541704,198.2672375,88.47,0.0,3.0,1.0,8.064,2,10.86241425
30.0,9.69,5.52,5.94,4.975287401,271.4351015,100.0,4.0,7.0,1.0,8.863,2,27.516127
27.0,5.69,3.39,1.09,5.194188633,211.2127854,91.05,4.0,3.0,0.0,7.078,1,36.179356595
31.0,11.6,5.56,4.98,8.042005543,175.9654324,100.0,0.0,2.0,1.0,7.946,2,55.05453697
17.0,10.2,4.03,2.6,8.354965746,121.7450475,100.0,2.0,2.0,1.0,6.48,1,35.26879512
34.0,10.54,3.46,3.66,8.083687799,299.6872609,100.0,0.0,4.0,1.0,9.972,1,60.22731461
25.0,3.72,1.55,4.1412097370000005,6.183344592,115.9033741,100.0,1.0,2.0,0.0,3.661,0,45.28369121
35.0,4.71,3.06,6.93,6.326317862,92.08510217,100.0,2.0,5.0,0.0,2.156,1,65.84470259
33.0,4.86,3.75,4.69,6.595091275,115.3292027,100.0,2.0,2.0,0.0,3.163,1,41.76736645
36.0,4.71,1.89,7.56,5.8686366,37.88935602,100.0,2.0,5.0,0.0,0.587,0,104.2935202
25.0,10.55,3.85,4.6,6.464487513,184.8408488,100.0,2.0,4.0,1.0,7.395,1,36.20882826
30.0,2.32,1.74,0.99,5.256260328,64.39579872,99.0,4.0,3.0,0.0,2.503,0,22.72746779
35.0,2.76,1.33,1.37,8.512525595,64.47162426,100.0,1.0,1.0,0.0,1.929,0,60.74939344
17.0,4.74,3.771381605,7.91,7.791651921,208.0866895,100.0,2.0,6.0,0.0,4.197,1,94.23567354
36.0,4.0,2.91,5.8,7.170388623,221.6726641,100.0,2.0,5.0,0.0,4.72,1,65.57130283
20.0,4.32,2.14,0.39,8.185949031,310.1702125,95.97,2.0,3.0,0.0,7.983,1,5.755766562
28.0,9.98,4.73,5.63,5.779450375,61.20219087,100.0,2.0,9.0,1.0,4.221,1,40.07294881
38.0,7.63,4.69,3.3,4.316262722,110.13284,98.13,2.0,4.0,1.0,4.905,1,22.21474145
32.0,7.0,0.72,2.46,8.714944444,223.2110842,100.0,1.0,2.0,0.0,4.872,0,51.81662019
31.0,6.29,2.33,1.23,8.605481826,175.5276992,100.0,0.0,3.0,1.0,5.916,1,55.99554319
18.0,6.08,2.47,6.72,6.798904233,290.9390271,100.0,0.0,6.0,1.0,5.462,1,71.30613911
37.0,3.14,2.4,0.51,4.441003274,169.9735645,96.73,4.0,2.0,0.0,5.237,1,7.719730182
29.0,8.76,5.33,2.32,7.793931317,172.5264229,89.42,0.0,1.0,1.0,7.184,2,7.195828637
25.0,9.02,2.76,2.45,4.975183395,242.1999929,96.66,4.0,4.0,1.0,8.735,1,22.05868564
17.0,9.21,6.48,1.29,7.168494523,196.4361119,87.96,1.0,1.0,1.0,8.178,2,-3.133502126
17.0,9.28,5.14,4.07,4.975654803,278.7859686,97.69,3.0,2.0,1.0,8.739,1,15.26824891
30.0,2.0,1.21,0.09,8.387774161,221.5750732,100.0,2.0,2.0,0.0,4.593,0,39.79135394
19.0,11.54,4.94,2.41,6.107501958,191.2709553,99.07,0.0,2.0,1.0,8.687,1,17.89604695
35.0,10.14,6.4,7.47,8.49198313,239.6496529,100.0,2.0,5.0,1.0,7.569,2,59.24098917
24.0,11.04,9.8,2.48,5.391434609,81.64369237,64.77,4.0,1.0,1.0,6.676,2,-6.471664321
33.0,2.16,0.74,2.88,6.154363602,241.3311448,100.0,2.0,3.0,0.0,4.676,0,58.69556474
39.0,11.34,5.33,3.79,8.856832229,260.0255419,100.0,1.0,1.0,1.0,9.233,2,43.74395599
18.0,15.15,4.5,4.49,5.152295653,440.6050086,95.65,2.0,2.0,1.0,8.543,1,39.11382534
33.0,10.37,4.66,6.47,6.253316447,206.3859298,100.0,1.0,5.0,1.0,7.484,1,49.99146995
25.0,2.93,1.54,1.52,5.546162261,218.806888,93.08,3.0,3.0,0.0,5.229,0,19.83109717
16.0,9.39,7.43,6.97,7.377859622,308.973883,97.62,2.0,5.0,1.0,8.364,2,59.83977083
24.0,11.6,9.83,4.1412097370000005,4.22813742,270.3307237,63.68,3.0,8.0,1.0,9.562,2,-4.996753911
25.0,8.79,3.7,5.78,5.900198678,210.3924475,100.0,0.0,9.0,1.0,6.881,1,54.02157089
39.0,7.71,4.82,0.69,7.274883998,280.0090793,84.89,1.0,4.0,1.0,9.448,1,1.388693352
34.0,11.46,7.82,0.17,5.390747552,165.9822073,78.81,2.0,3.0,1.0,8.139,2,-3.859472089
30.0,6.43,3.94,4.75,4.608257037,215.4301065,94.91,4.0,2.0,1.0,6.25,1,24.45123737
33.0,7.99,4.48,6.91,7.972239513,199.5276653,100.0,1.0,9.0,1.0,5.982,1,79.53710879
37.0,6.76,2.81,4.68,6.228139121,240.5597223,100.0,1.0,4.0,1.0,6.696,1,54.09722841
38.0,11.33,6.72,1.71,3.901814234,133.0624438,79.31,2.0,4.0,1.0,7.352,2,4.331597069
25.0,2.76,1.49,0.72,6.740278803,238.0213886,100.0,2.0,4.0,0.0,5.504,0,30.46087786
28.0,7.01,5.45,5.6,7.746506907,26.86874724,100.0,0.0,7.0,1.0,2.985,2,43.94372165
16.0,8.87,6.72,5.77,4.7929229,208.7194909,89.1,4.0,8.0,1.0,7.024,2,23.57174221
37.0,9.92,3.77,1.38,6.604142461,107.0049392,100.0,1.0,3.0,1.0,6.506,1,17.05836219
19.0,7.83,3.771381605,0.23,7.98964023,227.5874004,100.0,1.0,4.0,1.0,8.566,1,18.31155687
19.0,11.09,9.37,3.27,4.127537706,108.9718066,73.84,2.0,1.0,1.0,6.824,2,-3.383738983
33.0,11.42,7.1,4.66,4.295458972,181.3429563,95.96,4.0,4.0,1.0,8.132,2,-1.918519116
35.0,2.64,2.15,5.65,6.421250988,81.37622015,100.0,1.0,6.0,0.0,0.865,1,68.55441153
26.0,6.02,2.02,6.48,7.647317934,153.2899991,100.0,0.0,9.0,1.0,4.086,1,76.46170606
32.0,2.23,1.37,4.88,4.600123677,87.00051606,100.0,4.0,4.0,0.0,1.571,1,67.35478272
18.0,7.0,3.3,0.89,7.253024349,241.9191623,98.47,0.0,1.0,0.0,7.398,1,22.22609435
36.0,7.37,6.02,5.46,7.333703832,56.71643716,100.0,0.0,7.0,1.0,3.207,2,33.11512681
31.0,11.11,3.98,7.87,5.226862304,71.94976725,100.0,4.0,5.0,1.0,4.654,1,78.57730099
24.0,10.47,4.65,7.24,6.420315649,188.7214898,100.0,0.0,7.0,1.0,6.463,1,75.98749239
34.0,3.27,1.78,6.97,9.051213767,199.7522189,100.0,0.0,5.0,0.0,3.684,0,97.68002689
20.0,2.93,2.4,2.42,5.681933359,200.6567179,100.0,3.0,3.0,0.0,4.839,1,14.52375279
39.0,7.89,6.81,6.01,6.925829696,160.9760043,100.0,1.0,6.0,1.0,5.222,2,28.41647898
27.0,7.32,6.56,6.81,7.013001013,189.6734752,100.0,0.0,7.0,1.0,5.457,2,47.36087637
27.0,4.66,4.08,5.43,4.967182702,286.3621465,96.7,3.0,7.0,0.0,6.461,1,35.09734656
25.0,10.99,3.34,2.0,4.046775923,127.497448,99.69,3.0,4.0,1.0,7.575,1,7.015109131
32.0,11.27,3.7,7.63,4.189817391,223.2515447,100.0,3.0,9.0,1.0,8.146,1,36.179356595
37.0,6.03,2.34,3.61,5.434416203,74.32348195,100.0,4.0,3.0,1.0,3.092,1,32.89988013
36.0,10.9,5.55,1.04,4.757369334,232.9435826,71.97,3.0,4.0,1.0,10.358,2,6.147857996
32.0,5.84,4.66,0.88,8.606185278,269.8137057,91.68,0.0,4.0,0.0,7.456,1,4.798004955
38.0,9.37,7.83,5.18,9.080424001,166.7378693,97.59,2.0,5.0,1.0,6.431,2,47.31488554
37.0,10.14,2.79,3.5,5.256994042,370.5650484,100.0,4.0,1.0,1.0,5.99,1,38.2843591
25.0,3.23,2.17,0.76,6.481330176,302.5285229,94.88,0.0,2.0,0.0,6.947,1,16.69442767
35.0,11.28,9.59,5.92,4.32527115,186.8850242,79.06,4.0,9.0,1.0,8.044,2,-5.202411479
26.0,6.54,3.78,6.39,4.526418386,292.1564037,100.0,2.0,9.0,1.0,7.013,1,51.22513615
19.0,9.34,3.38,5.8,5.301567617,250.4410428,100.0,2.0,6.0,1.0,7.75,1,43.14724817
37.0,5.67,3.26,1.62,6.517502160499999,195.1053098,93.54,3.0,2.0,0.0,6.209,1,-2.275362361
23.0,2.19,1.15,5.52,9.438680991,93.93521889,100.0,2.0,6.0,0.0,1.659,0,103.2994331
39.0,3.01,1.95,0.09,6.11271711,118.2192173,94.15,2.0,1.0,0.0,3.978,0,10.82212929
23.0,6.96,3.92,2.44,6.517502160499999,251.1693935,100.0,0.0,3.0,1.0,8.028,1,25.91830593
36.0,8.9,2.76,3.19,4.596992697,71.6142304,100.0,3.0,3.0,1.0,4.733,1,23.86808518
24.0,5.35,4.8,6.68,3.383940135,256.9603699,93.06,2.0,5.0,0.0,6.211,1,44.12647477
36.0,8.95,5.6,3.12,8.794584564,121.5579292,100.0,0.0,2.0,1.0,5.639,2,22.57953783
33.0,8.99,5.25,0.09,3.978133376,87.862367,82.65,2.0,3.0,1.0,6.788,1,-2.752911757
15.0,9.04,7.89,4.1412097370000005,7.827370646,295.3546577,91.5,2.0,3.0,1.0,5.462,2,-7.837934259
21.0,6.93,2.73,3.99,4.312054999,93.30666628,100.0,4.0,4.0,1.0,3.908,1,45.19594171
18.0,11.15,4.61,7.59,7.127397668,99.28772123,100.0,2.0,8.0,1.0,5.738,1,36.179356595
15.0,6.89,5.41,7.53,8.982754017,293.001215,100.0,1.0,7.0,1.0,6.646,2,61.77767014
29.0,6.5,2.97,1.45,5.137071473,42.73742546,100.0,3.0,2.0,1.0,3.215,1,11.69413041
22.0,3.99,3.11,1.48,6.214480663,211.2240476,100.0,0.0,4.0,0.0,5.011,1,28.70603345
26.0,5.08,2.35,1.31,7.59149525,165.9822073,98.2,2.0,1.0,1.0,5.462,1,19.39131249
36.0,2.42,0.77,6.31,3.826961855,36.75174241,100.0,3.0,8.0,0.0,0.397,0,77.1727232
36.0,8.34,5.09,0.05,7.814742265,47.41683997,100.0,2.0,2.0,1.0,5.075,2,1.44425539
32.0,4.49,1.88,1.02,3.921680255,246.5155864,95.5,3.0,2.0,0.0,6.799,0,0.736117643
29.0,5.04,3.8,4.3,5.157943292,217.5475218,99.71,3.0,1.0,0.0,5.35,1,27.18651037
31.0,9.71,6.65,1.98,4.566048621,198.7289791,83.7,4.0,4.0,1.0,7.821,2,-6.636015466
28.0,5.27,4.5,0.74,8.7059162,75.11782864,91.43,2.0,3.0,0.0,4.173,1,26.45884134
28.0,4.42,3.771381605,2.88,5.376490023,178.1954763,100.0,2.0,1.0,0.0,5.026,1,10.7525759
32.0,3.69,1.51,2.19,4.140891775,280.5277962,96.8,2.0,4.0,0.0,6.728,0,21.87347015
34.0,9.75,7.61,4.09,7.068119182,127.3817481,90.57,1.0,3.0,1.0,6.068,2,-3.17198631
32.0,3.3,2.26,7.83,5.544425877,223.2740936,100.0,3.0,7.0,0.0,5.462,1,81.53099106
30.0,9.81,4.59,0.99,5.824981203,569.2110831,87.35,1.0,1.0,1.0,8.533,1,0.768433723
15.0,7.07,5.65,2.98,4.759705515,31.19449699,89.83,2.0,1.0,1.0,3.441,2,-0.287204696
37.0,8.87,5.71,7.46,7.468319196,63.13301656,100.0,1.0,5.0,1.0,3.477,2,76.47369738
25.0,8.33,3.771381605,7.01,6.29961443,286.7849629,100.0,1.0,6.0,1.0,7.962,1,34.19603366
29.0,10.11,6.89,3.15,5.809830417,191.9471882,84.8,3.0,3.0,1.0,7.91,2,16.1860638
26.0,2.45,1.17,5.59,4.60170469,210.1325356,100.0,3.0,7.0,0.0,3.488,0,70.62189082
22.0,4.96,2.03,0.7,7.528375347,237.5189995,100.0,0.0,1.0,0.0,7.11,1,12.7949988
36.0,4.8,3.22,5.7,6.517502160499999,43.64112029,100.0,1.0,8.0,0.0,1.55,1,90.23076458
34.0,3.46,1.52,7.78,6.517502160499999,102.2515061,100.0,2.0,5.0,0.0,1.456,0,85.93743798
20.0,4.89,1.7,4.3,4.563504642,66.50366459,100.0,3.0,2.0,0.0,2.735,0,40.16375402
17.0,5.1,1.53,3.99,4.95607259,129.8365082,100.0,3.0,4.0,0.0,4.173,0,37.37794277
38.0,7.22,4.8,1.5,8.143612489,0.0,91.99,0.0,3.0,1.0,3.64,1,14.26884287
27.0,8.64,4.47,5.07,9.556915323,171.2168518,100.0,0.0,6.0,1.0,6.259,1,53.82181769
27.0,5.81,4.37,4.72,3.699897634,114.12554,100.0,3.0,3.0,0.0,3.589,1,41.35930243
16.0,9.19,4.83,5.22,5.014834802,105.8954013,100.0,3.0,8.0,1.0,4.909,1,48.38486625
19.0,5.36,3.17,0.21,3.566669369,268.3325527,100.0,4.0,2.0,0.0,8.337,1,-4.183989764
31.0,4.9,2.67,4.39,5.779032535,222.6710748,100.0,3.0,3.0,0.0,5.462,1,34.61645821
20.0,7.41,5.12,4.76,6.097624108,291.8492413,100.0,0.0,1.0,1.0,7.697,2,18.00464976
16.0,2.24,1.15,1.66,8.796313877,99.07493412,100.0,1.0,3.0,0.0,2.362,0,45.88174778
18.0,2.8,2.46,1.67,6.517502160499999,162.8160956,93.64,1.0,2.0,0.0,4.199,1,15.28368948
36.0,6.18,5.33,2.21,7.80420173,154.4727628,98.91,2.0,1.0,1.0,5.247,2,12.43912141
25.0,17.145,9.24,5.69,5.601965324,79.66837999,89.8,2.0,7.0,1.0,5.228,2,10.67862918
22.0,9.22,7.86,4.85,7.464139874,154.7048786,99.55,2.0,2.0,1.0,6.535,2,13.97824151
26.0,4.32,1.64,6.77,6.517502160499999,153.2323513,100.0,1.0,6.0,0.0,1.029,0,65.51965499
22.0,10.46,6.5,4.1412097370000005,3.893564762,273.7947444,74.87,3.0,2.0,1.0,9.999,2,-2.952894909
25.0,9.32,6.95,7.3,8.747902026,150.1838156,100.0,2.0,7.0,1.0,5.47,2,60.24448956
36.0,8.11,5.82,5.95,4.540238581,38.28771895,98.1,2.0,6.0,1.0,3.05,2,56.17436964
34.0,10.2,8.51,3.16,7.505991583,247.8469189,78.6,2.0,4.0,1.0,8.512,1,-7.77317722
22.0,9.06,4.41,0.76,8.105008352,491.5872248,95.12,0.0,2.0,1.0,7.592,1,-0.151576566
22.0,4.22,3.79,2.06,6.517502160499999,141.2188897,92.85,2.0,3.0,0.0,4.492,1,23.17599818
31.0,7.12,3.62,7.65,6.324725098,175.7788482,100.0,2.0,5.0,1.0,5.065,1,88.84223787
34.0,7.49,5.99,2.48,8.397140805,175.2689356,100.0,0.0,1.0,1.0,5.462,2,0.489311317
34.0,7.38,3.771381605,2.64,8.884539791,187.3358551,100.0,1.0,3.0,1.0,6.898,2,21.55720644
37.0,7.65,5.47,1.52,7.694487545,153.6975618,91.22,0.0,1.0,1.0,6.969,2,12.05906628
27.0,11.49,5.69,6.45,5.44019221,71.08956943,99.41,2.0,5.0,1.0,5.39,2,42.94295592
28.0,11.02,3.771381605,2.21,7.26539775,219.5159796,69.4,2.0,4.0,1.0,9.527,2,-4.327901108
25.0,10.76,9.04,2.64,7.972377301,91.37147633,85.92,1.0,1.0,1.0,6.328,2,7.088245539
21.0,10.01,4.32,3.31,6.447055922,226.533137,100.0,1.0,2.0,1.0,8.232,1,42.34095665
30.0,11.43,7.72,3.47,7.69977344,234.0624022,86.76,2.0,2.0,1.0,9.554,2,0.153031158
27.0,4.47,1.6,3.29,4.554411443,458.611942,100.0,4.0,3.0,0.0,4.823,0,24.19176763
29.0,4.65,4.16,4.03,4.889340731,165.0423415,96.7,3.0,2.0,0.0,4.716,1,-4.275309461
38.0,7.0,4.08,6.52,7.408350509,253.5904867,100.0,2.0,5.0,0.0,5.462,1,54.07376847
30.0,10.47,4.58,6.55,8.3798537,144.2253139,100.0,2.0,7.0,1.0,5.87,1,98.4683004
35.0,7.05,3.73,6.39,6.179284205,59.57048814,100.0,0.0,7.0,1.0,3.168,1,73.46675547
37.0,9.48,6.56,0.81,9.446283117,54.48608968,94.85,0.0,2.0,1.0,5.537,2,3.572135403
38.0,3.39,1.17,6.4,8.747346125,165.9822073,100.0,2.0,9.0,0.0,0.975,0,97.67493423
23.0,4.52,2.99,0.96,8.686858749,172.0754417,100.0,0.0,1.0,0.0,5.572,1,31.60612382
17.0,9.32,8.0,1.0,9.32129421,81.30980683,90.73,1.0,3.0,1.0,5.32,2,4.112454381
33.0,7.0,2.96,7.58,8.869087145,292.8891437,100.0,1.0,6.0,0.0,5.031,1,91.35527423
34.0,5.51,1.88,4.1412097370000005,7.675883642,214.0531633,100.0,1.0,7.0,0.0,4.867,0,72.2291371
19.0,4.65,3.771381605,4.42,7.906834753,238.9271414,100.0,1.0,3.0,0.0,5.859,1,27.67234617
24.0,5.5,3.96,7.0,4.725230484,224.2441536,100.0,2.0,6.0,1.0,5.45,1,54.05052034
31.0,9.08,3.61,7.91,4.855171792,68.46645614,100.0,3.0,9.0,1.0,4.267,1,67.58011404
29.0,5.68,1.75,4.89,4.570552584,94.29500849,100.0,2.0,2.0,0.0,3.073,0,55.23728303
37.0,7.55,3.04,4.9,4.040652246,126.4451056,100.0,3.0,2.0,1.0,4.965,1,50.95165647
39.0,3.0,2.41,6.04,4.04087007,284.4630699,100.0,2.0,8.0,0.0,5.368,1,50.26072532
22.0,10.05,3.15,1.86,7.783159362,165.9822073,100.0,1.0,2.0,1.0,6.787,1,47.49073816
29.0,5.7,2.51,1.34,7.706244975,143.2152173,100.0,0.0,3.0,0.0,5.308,1,18.86657712
35.0,12.735,6.4,6.08,5.085677732,395.7525511,100.0,2.0,5.0,1.0,5.921,2,19.3600202
28.0,9.25,6.03,2.76,8.412848219,165.9822073,100.0,0.0,2.0,1.0,6.377,2,0.101279962
34.0,4.1,3.16,1.08,6.506053977,93.22962192,100.0,0.0,4.0,0.0,3.166,1,21.50058054
21.0,10.85,3.771381605,2.52,4.598987295,189.5518125,75.68,3.0,3.0,1.0,8.529,2,-4.733095716
35.0,8.16,2.7,2.87,8.820032663,179.2902251,100.0,1.0,3.0,1.0,6.939,1,66.8231834
37.0,7.0,5.26,7.72,5.383881714,86.11065325,100.0,4.0,9.0,1.0,2.729,2,76.44112833
26.0,3.82,1.67,5.58,7.504673321,232.1309035,100.0,2.0,6.0,0.0,4.896,0,71.87252644
31.0,11.42,7.22,4.25,6.016652553,187.7723108,85.17,2.0,3.0,1.0,8.455,2,10.62106936
31.0,9.55,6.56,7.75,6.562858581,69.90627095,100.0,1.0,6.0,1.0,3.73,2,44.25610522
24.0,4.08,1.64,7.23,7.695705542,166.1409167,100.0,2.0,9.0,0.0,3.271,0,106.5653813
33.0,5.38,4.77,4.1,4.855614265,144.8236481,95.62,3.0,1.0,0.0,4.18,1,17.4518144
28.0,10.1,5.99,7.25,9.074063485,133.6879261,100.0,2.0,7.0,1.0,5.695,2,63.62747716
25.0,8.96,3.0,4.1412097370000005,4.381454607,184.7450308,96.67,2.0,1.0,1.0,5.462,1,28.57924217
16.0,9.66,8.33,1.84,7.252024317,189.4555432,100.0,2.0,2.0,1.0,7.978,2,-1.092041612
32.0,6.41,4.18,1.86,7.823442309,183.5517104,100.0,2.0,1.0,1.0,6.007,1,28.54124073
21.0,9.16,6.59,5.3,8.191567847,104.9081897,100.0,1.0,4.0,1.0,4.85,2,38.62920997
26.0,5.86,3.6,4.01,4.629640609,156.1412753,95.65,4.0,3.0,0.0,5.087,1,32.58780053
16.0,4.11,3.29,5.27,4.677237073,54.43591352,100.0,3.0,6.0,0.0,1.354,1,24.64007535
34.0,12.495,2.66,5.49,7.63717327,145.4436652,100.0,1.0,6.0,1.0,4.118,1,64.09603093
32.0,11.76,5.42,0.18,4.180504171,101.6903052,81.23,2.0,4.0,1.0,7.286,2,9.724566687
20.0,5.11,2.97,0.43,6.517502160499999,247.3936531,94.76,1.0,2.0,0.0,7.266,1,-5.529368359
38.0,6.61,2.29,4.26,7.796005527,254.6342808,100.0,2.0,2.0,1.0,6.787,1,36.179356595
24.0,8.74,6.32,1.53,6.009286631,187.3090007,88.61,1.0,3.0,1.0,7.691,2,-0.256854017
34.0,7.42,3.98,5.06,5.107915188,211.6592819,100.0,4.0,9.0,1.0,5.462,1,25.22562634
29.0,15.645,4.84,4.42,5.994832993,78.09027705,100.0,0.0,3.0,1.0,4.909,1,43.81243655
19.0,9.62,2.91,4.69,8.505756931,92.10307514,100.0,1.0,2.0,1.0,4.843,1,75.74391937
34.0,2.58,1.89,2.42,6.517502160499999,165.9822073,100.0,2.0,2.0,0.0,5.462,0,42.77064026
17.0,11.98,9.59,5.12,7.728564203,53.21625664,91.14,2.0,7.0,1.0,5.774,2,18.58380395
19.0,9.52,5.11,6.64,5.170235156,98.66589345,100.0,3.0,6.0,1.0,4.948,2,48.25513669
39.0,10.64,6.79,7.98,6.517502160499999,165.9822073,100.0,2.0,5.0,1.0,5.462,2,45.24747248
22.0,8.51,3.771381605,6.71,5.924091151,248.2333148,100.0,4.0,6.0,1.0,7.122,1,46.2794693
22.0,10.56,7.11,4.46,7.110461987,68.46399683,100.0,0.0,2.0,1.0,5.162,2,26.79380491
22.0,3.12,0.96,1.55,5.221794646,227.2255999,100.0,4.0,3.0,0.0,6.035,0,31.41829662
27.0,5.48,3.25,5.45,6.136603305,276.0667618,100.0,2.0,9.0,0.0,6.865,1,56.60010305
27.0,10.76,7.39,7.5,7.437247349,206.9141517,100.0,0.0,9.0,1.0,7.23,2,29.8815561
37.0,4.02,3.42,1.69,7.916466589,271.7950955,100.0,0.0,4.0,0.0,6.583,1,24.23501263
22.0,2.78,1.47,2.05,5.356973463,137.8677682,100.0,4.0,1.0,0.0,3.595,0,20.32173572
25.0,9.88,7.5,1.19,8.0733337,127.4931056,81.95,0.0,4.0,1.0,7.303,1,36.179356595
28.0,10.35,6.82,5.89,6.784042206,61.25516523,99.19,0.0,5.0,1.0,4.568,2,52.50709632
22.0,3.63,3.11,3.25,4.299276586,161.3444892,100.0,4.0,1.0,0.0,4.46,1,35.06421051
38.0,10.54,5.68,0.5,4.566489578,108.8828977,72.18,3.0,4.0,1.0,7.68,1,3.812706706
24.0,8.87,4.36,7.0,7.01806703,19.80906621,100.0,0.0,8.0,1.0,5.462,1,65.14709534
21.0,7.2,5.99,4.46,6.066909203,195.8791254,96.03,3.0,3.0,1.0,5.962,2,16.70531046
27.0,10.3,3.39,2.65,4.516886704,121.6916307,100.0,2.0,2.0,1.0,6.975,1,1.371862019
18.0,6.19,2.36,2.75,4.253833033,257.9506576,100.0,4.0,2.0,1.0,7.33,1,15.85193795
27.0,3.94,1.38,2.32,5.109684146,207.1887687,100.0,3.0,2.0,0.0,5.694,1,28.75514374
27.0,7.275,3.91,3.64,9.17518404,300.1528951,100.0,1.0,1.0,0.0,4.493,1,36.179356595
19.0,7.05,2.16,2.7,7.576374541,291.4350284,100.0,2.0,2.0,1.0,8.435,1,27.65087844
36.0,7.31,5.97,4.38,6.855576887,300.2937335,86.22,2.0,4.0,1.0,8.161,2,23.76580945
18.0,10.06,5.74,6.19,8.42977248,197.8840045,100.0,1.0,9.0,1.0,6.873,2,64.38487744
32.0,9.91,3.0,5.4,7.089037804,172.9603236,100.0,1.0,9.0,1.0,7.095,1,38.3423706
20.0,7.81,4.23,2.36,7.524594044,273.1053752,100.0,0.0,1.0,1.0,8.717,1,23.50010545
38.0,9.81,4.04,4.23,5.806119518,130.0473313,100.0,4.0,4.0,1.0,6.496,1,15.67533574
38.0,3.92,2.64,6.72,6.259737105,58.16557062,100.0,0.0,8.0,0.0,1.084,1,64.26373109
37.0,2.5,1.77,0.55,5.387836899,230.798212,98.71,3.0,1.0,0.0,6.445,0,2.726636882
36.0,16.11,6.36,0.63,6.647470732,520.1916972,81.44,0.0,4.0,1.0,10.301,2,5.614023316
16.0,2.76,0.9,4.45,3.926881133,124.1805043,100.0,4.0,4.0,0.0,2.385,0,49.89974162
37.0,4.47,3.1,5.11,5.0906103,165.9822073,100.0,4.0,6.0,0.0,2.282,1,42.7926636
25.0,8.95,7.21,1.69,4.081386572,37.97766536,76.92,3.0,3.0,1.0,4.728,2,0.390403159
27.0,6.09,3.771381605,5.96,6.054915891,147.7272866,100.0,4.0,9.0,1.0,4.117,1,36.56172775
19.0,10.76,8.59,5.17,7.914442057,222.9454197,81.93,2.0,6.0,1.0,8.729,2,28.73300471
20.0,4.98,2.09,7.39,5.551450044,135.1825108,100.0,3.0,6.0,0.0,5.462,1,85.92851162
24.0,2.12,1.77,1.35,7.934329094,35.25537781,100.0,1.0,4.0,0.0,1.375,0,42.78374759
22.0,5.01,2.47,6.01,7.097097668,287.4271262,100.0,2.0,5.0,0.0,6.042,1,77.89940521
28.0,7.78,3.771381605,0.67,6.515730098,78.51267273,100.0,0.0,3.0,1.0,5.669,1,14.26333825
38.0,5.76,4.64,4.52,4.966180942,128.8883451,96.6,2.0,2.0,0.0,3.604,1,27.83967315
17.0,7.0,6.36,4.42,8.343340241,36.54855859,100.0,1.0,4.0,1.0,3.309,2,23.42478279
26.0,10.77,7.47,3.11,4.148030769,158.710387,78.97,4.0,4.0,1.0,7.512,2,1.38191917
30.0,16.68,4.88,6.76,7.407717589,383.3688826,100.0,2.0,9.0,1.0,7.792,1,65.0651238
37.0,4.66,2.1,0.03,6.702381342,139.0332046,100.0,0.0,2.0,0.0,5.081,1,36.179356595
31.0,6.62,3.84,4.16,6.451087087,201.584399,100.0,0.0,4.0,1.0,6.262,1,28.74272772
15.0,7.49,6.28,1.74,5.650038497,180.0684682,80.64,2.0,2.0,1.0,6.663,2,9.906258687
37.0,11.49,4.48,5.95,6.308554067,304.614895,100.0,1.0,5.0,1.0,9.78,1,45.85540259
24.0,11.99,9.54,0.34,7.884302588,153.2059045,70.84,1.0,4.0,1.0,8.913,2,-5.872037085
39.0,4.35,2.07,6.65,7.792881326,27.12802188,100.0,0.0,9.0,0.0,0.72,1,104.8202012
37.0,9.27,7.28,6.7,8.004138052,144.2234314,100.0,0.0,8.0,1.0,5.685,2,38.39648472
24.0,5.78,4.93,6.66,5.013855593,201.5500014,98.25,4.0,9.0,0.0,5.112,1,66.02366616
35.0,2.08,1.16,1.22,5.424074688,116.1864531,100.0,4.0,2.0,0.0,2.874,0,29.88870312
38.0,2.09,1.08,5.04,4.237772078,280.0192623,100.0,3.0,9.0,0.0,4.893,0,66.99751366
16.0,6.61,5.16,0.11,8.619847084,272.2900129,88.75,2.0,2.0,1.0,8.692,2,8.170749617
23.0,6.88,4.25,6.78,5.27231306,81.7971772,100.0,3.0,9.0,1.0,3.046,1,62.25683266
36.0,2.23,1.58,5.78,5.655359677,227.8660986,100.0,2.0,6.0,0.0,4.081,0,64.6942032
27.0,8.87,5.98,4.25,8.707917181,159.8945002,100.0,0.0,2.0,1.0,6.22,2,32.40329116
39.0,4.94,1.94,5.84,6.255343748,119.1043384,100.0,2.0,7.0,1.0,3.238,0,64.86961028
30.0,7.6,6.13,0.75,6.734639762,186.3465949,79.5,0.0,1.0,1.0,7.175,2,11.48405955
32.0,5.01,2.09,4.23,4.724593683,247.902555,100.0,2.0,3.0,0.0,6.776,1,59.7855745
33.0,3.67,3.15,2.33,6.484659819,47.84330279,100.0,0.0,2.0,0.0,1.836,1,34.82084552
26.0,6.07,2.73,7.78,8.965058724,68.13552167,100.0,2.0,8.0,1.0,2.261,1,36.179356595
22.0,4.32,3.2,4.1412097370000005,6.603248327,68.31572936,100.0,2.0,1.0,0.0,5.462,1,84.61959034
31.0,7.35,3.46,5.87,4.695420352,189.3238423,100.0,2.0,9.0,1.0,6.234,1,67.3635753
29.0,3.99,1.96,7.47,3.976291721,161.1894572,100.0,2.0,9.0,0.0,2.474,0,70.97961604
24.0,7.08,3.44,2.77,5.441629996,55.16714389,100.0,2.0,1.0,1.0,3.289,1,26.50916825
29.0,3.57,2.67,7.21,7.323898595,3.167889554,100.0,0.0,7.0,0.0,0.142,1,92.48358733
29.0,8.71,5.52,2.6,4.186608001,219.0437893,79.85,4.0,2.0,1.0,7.835,2,-1.70642393
37.0,9.54,7.92,5.86,6.936965532,137.0738931,96.95,0.0,9.0,1.0,5.852,2,13.08142017
21.0,3.1,1.5,5.89,6.325534226,165.9822073,100.0,1.0,7.0,0.0,1.423,0,63.04157257
27.0,6.68,4.78,0.15,7.618910249,43.04703243,97.4,2.0,3.0,1.0,3.755,1,-4.939524531
31.0,2.71,2.04,2.89,3.973083884,290.9762146,96.55,4.0,2.0,0.0,5.868,1,27.32377153
23.0,7.98,3.12,0.16,7.677008974,132.1178592,100.0,1.0,2.0,1.0,6.922,1,22.54452223
22.0,4.64,2.51,4.1412097370000005,7.094091912,93.01511213,100.0,1.0,9.0,0.0,1.806,1,79.45774234
34.0,7.28,4.29,0.98,5.497345296,288.0950878,87.54,3.0,1.0,1.0,8.806,1,2.758086081
35.0,7.17,3.68,4.34,8.731982407,165.9822073,100.0,0.0,4.0,1.0,5.462,1,26.27200593
32.0,11.24,5.54,6.32,4.947244611,225.2446028,100.0,2.0,9.0,1.0,8.124,2,20.03365873
27.0,7.49,3.771381605,1.61,7.238619634,193.7177818,92.73,1.0,2.0,1.0,7.002,2,9.350050487
30.0,7.0,3.36,3.88,5.881142026,74.20160923,100.0,4.0,3.0,0.0,5.462,1,40.06224208
23.0,6.02,4.37,4.86,6.571204747,76.12246988,100.0,2.0,1.0,1.0,3.052,1,31.29072945
26.0,11.49,9.89,1.28,7.095965046,96.7125706,70.09,1.0,2.0,1.0,7.201,2,10.27924632
26.0,9.77,6.24,6.23,6.517502160499999,111.3986584,100.0,2.0,8.0,1.0,5.156,2,29.32592946
20.0,4.85,3.23,2.39,6.747410125,79.8951327,100.0,0.0,1.0,0.0,3.128,1,48.02814624
33.0,10.44,3.56,1.69,6.805667973,143.9132928,96.27,2.0,2.0,1.0,7.593,1,28.52922409
21.0,6.32,5.17,4.47,6.517502160499999,280.9816971,100.0,2.0,2.0,1.0,7.439,2,45.13348331
39.0,10.29,4.85,3.28,5.327841437,271.5818704,91.5,3.0,4.0,1.0,9.901,1,19.44626886
17.0,10.23,3.771381605,7.36,5.234123866,80.47847807,100.0,2.0,5.0,1.0,4.547,2,31.42610036
30.0,3.89,3.45,7.04,6.793480412,34.48026075,100.0,1.0,7.0,0.0,0.933,1,72.90655558
32.0,13.515,5.92,3.87,4.923198243,76.45752838,100.0,2.0,4.0,1.0,3.904,2,34.93096676
27.0,4.91,3.61,2.87,7.43713384,272.6298895,93.23,1.0,1.0,0.0,6.794,1,25.11579874
37.0,4.97,2.82,2.6,4.115491114,103.7049571,100.0,2.0,3.0,0.0,3.885,1,5.000998922
21.0,4.96,1.67,2.14,6.163479554,268.3276978,100.0,4.0,2.0,0.0,7.498,0,30.4312639
18.0,9.26,7.21,4.36,8.409683314,223.4750604,100.0,1.0,2.0,1.0,7.802,2,29.6994943
39.0,4.3,1.38,6.44,8.199494535,227.6446342,100.0,2.0,5.0,0.0,4.818,0,89.68346068
22.0,2.01,1.45,2.49,7.324750907,316.1047737,100.0,1.0,1.0,0.0,6.198,0,37.2437992
27.0,9.15,2.87,1.52,8.835663498,250.4855208,100.0,0.0,2.0,1.0,8.639,1,29.77358055
27.0,3.71,3.03,3.8,7.62624414,119.9777407,100.0,0.0,2.0,0.0,2.975,1,57.26308636
31.0,3.04,1.2,0.55,6.771317702,224.6663392,100.0,0.0,3.0,0.0,5.715,0,27.55188528
31.0,4.38,2.67,5.61,8.671921975,188.0118089,100.0,0.0,7.0,0.0,4.267,1,74.74462996
19.0,5.8,3.771381605,4.15,7.159255508,238.6023533,100.0,1.0,3.0,0.0,6.575,1,58.51769735
20.0,6.76,3.771381605,3.97,6.517502160499999,21.76017337,100.0,2.0,3.0,1.0,2.649,1,36.179356595
33.0,2.45,1.24,2.4,6.669646634,107.9868827,100.0,2.0,1.0,0.0,2.845,0,69.24844105
27.0,11.71,6.8,7.24,8.344213661,226.1711035,100.0,0.0,7.0,1.0,7.923,2,72.1285761
39.0,9.16,4.46,0.72,5.540180522,286.1386944,81.3,2.0,2.0,1.0,10.064,1,5.829724293
28.0,5.23,2.94,6.96,3.867343892,226.76957,100.0,3.0,8.0,0.0,5.387,1,87.60311695
36.0,5.19,2.67,3.01,3.753205295,47.54561519,100.0,2.0,1.0,0.0,3.412,1,13.62684123
18.0,6.49,4.15,7.04,4.455120801,122.7223426,100.0,2.0,7.0,1.0,4.273,1,81.7826911
21.0,8.26,3.66,5.83,5.615084823,260.2173794,100.0,2.0,6.0,1.0,7.541,1,44.92670231
22.0,3.46,3.09,0.83,7.55726442,31.09667314,100.0,2.0,3.0,0.0,1.941,1,28.91382897
39.0,3.89,2.34,6.65,6.614191257,105.3794841,100.0,0.0,8.0,0.0,2.37,1,83.34488581
27.0,10.59,4.41,5.46,4.851099312,34.30341304,100.0,4.0,8.0,1.0,4.917,1,31.86948151
20.0,4.56,2.67,0.26,8.691644485,133.2684264,100.0,0.0,4.0,0.0,4.962,1,19.87606227
20.0,5.8,4.76,4.1412097370000005,6.780902442,204.407141,100.0,0.0,2.0,0.0,5.462,1,7.90087187
38.0,10.71,3.771381605,5.09,6.517502160499999,250.0526491,100.0,0.0,5.0,1.0,8.828,1,39.77827598
35.0,8.63,6.11,5.3,5.29806991,200.8099595,91.92,4.0,9.0,1.0,6.905,2,29.85618501
17.0,5.42,3.41,5.97,8.967013329,127.2783512,100.0,1.0,5.0,0.0,3.499,1,73.94709947
17.0,8.84,3.55,5.76,4.976049772,298.6842758,100.0,3.0,6.0,1.0,8.652,1,42.34256776
27.0,2.2,1.74,5.28,4.040970339,136.049271,100.0,4.0,9.0,0.0,2.016,0,60.13214873
36.0,9.36,4.88,6.13,5.344003761,187.2147,100.0,4.0,9.0,1.0,6.521,1,63.31442506
16.0,6.87,3.27,4.6,7.585247347,143.6577876,100.0,1.0,3.0,1.0,4.955,1,49.88796322
30.0,10.13,8.07,2.09,6.986555549,110.8227317,76.9,0.0,2.0,1.0,6.778,2,-3.294495024
36.0,11.55,7.89,7.3,4.706186316,165.9822073,100.0,3.0,7.0,1.0,5.462,2,19.31583474
27.0,11.26,9.45,0.15,5.210574026,163.8447102,63.87,3.0,2.0,1.0,8.825,1,2.912481875
22.0,11.09,7.52,2.93,7.834507006,220.1777688,82.21,2.0,2.0,1.0,8.946,2,1.821679364
37.0,7.12,5.3,5.83,7.945970528,147.0525761,100.0,2.0,5.0,1.0,4.791,2,50.37807217
22.0,5.6,4.49,3.42,5.628230373,130.2949371,100.0,3.0,2.0,0.0,4.234,1,20.27190594
39.0,6.65,2.21,0.2,7.542357886,111.2737042,100.0,0.0,3.0,1.0,5.505,1,40.60785639
20.0,8.9,6.81,0.53,9.076956487,230.578072,83.24,0.0,2.0,1.0,9.111,2,8.274563719
28.0,10.84,7.24,5.19,5.47592953,218.3915272,83.96,3.0,9.0,1.0,8.243,2,36.179356595
17.0,4.07,1.39,7.72,7.30680888,165.9822073,100.0,1.0,9.0,0.0,5.259,0,79.20294995
24.0,11.18,6.77,4.41,4.42718119,27.42897984,93.65,2.0,4.0,1.0,4.847,2,-0.756804072
17.0,10.15,3.55,4.05,7.697711538,193.7173634,100.0,0.0,4.0,1.0,7.66,1,48.12717051
26.0,11.79,8.74,2.55,6.420624504,131.4087015,73.75,1.0,4.0,1.0,7.53,2,0.323728772
31.0,10.8,6.78,2.05,5.009621979,109.325951,75.17,3.0,4.0,1.0,7.365,1,-4.344998906
19.0,4.8,4.19,0.17,8.222348416,273.3542799,100.0,2.0,2.0,0.0,7.669,1,-1.223546819
34.0,3.06,1.25,2.18,7.518965003,248.5765106,100.0,0.0,3.0,0.0,6.136,0,53.64159692
39.0,3.12,2.07,3.59,4.080083072,38.60845129,100.0,3.0,4.0,0.0,1.323,1,39.71064496
23.0,4.91,2.1,1.58,4.369490023,231.4722432,100.0,3.0,4.0,0.0,6.861,1,3.091855354
35.0,8.14,5.44,4.1412097370000005,5.477509986,274.9660276,79.82,2.0,2.0,1.0,5.462,2,2.950128626
34.0,10.04,7.37,5.74,6.547785575,280.2503084,93.3,1.0,5.0,1.0,9.058,2,22.28561512
21.0,10.99,8.06,7.16,8.499978809,85.63191858,100.0,1.0,7.0,1.0,4.147,2,48.82261861
36.0,8.24,6.5,4.1412097370000005,6.741877551,123.7402352,100.0,0.0,7.0,1.0,4.653,2,38.49210975
18.0,2.06,1.67,4.94,6.877463087,102.7787924,100.0,1.0,4.0,0.0,5.462,0,51.87207374
27.0,3.86,1.34,0.42,7.845013153,206.6875345,100.0,0.0,4.0,0.0,6.144,0,31.38674473
27.0,3.0,1.52,5.93,6.996153696,153.540919,100.0,2.0,9.0,0.0,2.821,0,71.72608872
24.0,5.63,4.01,0.88,6.844256583,82.59548261,96.01,0.0,2.0,0.0,4.471,1,4.294730665
32.0,7.01,4.2,5.36,5.608710333,90.55769332,100.0,2.0,8.0,1.0,3.437,1,57.1980491
31.0,2.43,1.01,6.23,8.123059978,100.9721939,100.0,1.0,9.0,0.0,1.446,0,101.0740026
34.0,5.48,3.46,5.81,5.268472357,24.54307108,100.0,3.0,5.0,0.0,1.397,1,62.85323834
34.0,3.79,2.06,7.62,5.146093389,135.8119372,100.0,4.0,9.0,0.0,1.529,1,85.35521108
27.0,8.47,4.52,5.91,4.41604572,15.66683949,100.0,4.0,5.0,1.0,3.042,1,51.60089612
31.0,6.64,5.22,5.55,8.414494875,109.237743,100.0,2.0,8.0,1.0,3.415,2,68.46849875
36.0,6.95,3.78,2.09,6.105420735,164.921984,99.77,0.0,4.0,1.0,6.188,1,9.03208068
18.0,6.28,3.771381605,7.4,6.517502160499999,64.39234327,100.0,0.0,7.0,1.0,2.54,0,90.20016199
15.0,11.56,3.87,1.44,8.588671361,33.34206323,100.0,1.0,2.0,1.0,5.988,1,36.37385099
15.0,4.15,3.38,7.24,8.499241969,210.1191646,100.0,1.0,6.0,0.0,4.003,1,66.25248999
29.0,7.17,6.28,2.5,9.041764231,189.38882,100.0,0.0,3.0,1.0,6.515,2,1.550898671
27.0,9.36,6.67,1.04,4.546852967,31.21321058,86.26,2.0,3.0,1.0,4.948,2,0.470980374
31.0,7.57,3.93,6.61,8.352427029,284.5283139,100.0,2.0,7.0,1.0,5.462,1,53.70480572
38.0,11.29,9.75,0.02,5.87260572,166.4400261,54.56,3.0,3.0,1.0,9.259,2,0.404873385
22.0,5.78,4.03,6.66,4.367795197,230.6498077,100.0,4.0,6.0,0.0,5.192,1,83.01360561
32.0,6.64,5.36,2.1,5.645370657,51.88146592,100.0,3.0,2.0,1.0,3.75,2,2.84072591
27.0,2.89,2.19,7.08,6.517502160499999,204.1630383,100.0,0.0,7.0,0.0,2.901,1,87.14734585
37.0,8.09,4.27,5.53,4.546909039,113.5561609,100.0,4.0,6.0,1.0,4.466,1,40.91344669
28.0,4.88,2.87,5.33,6.181231184,63.74525869,100.0,1.0,6.0,0.0,2.381,1,36.179356595
22.0,3.6,1.48,2.92,7.824984047,275.2527796,100.0,1.0,3.0,0.0,5.462,0,65.83651281
22.0,7.45,3.54,0.48,6.335315905,46.31011127,96.17,2.0,1.0,1.0,4.461,1,11.97288262
29.0,7.32,5.61,6.64,5.829535706,49.468471,100.0,2.0,5.0,1.0,2.768,2,37.25086983
27.0,2.76,2.31,1.37,6.082342492,260.0628252,86.59,4.0,1.0,0.0,6.629,1,35.00257644
21.0,8.98,6.6,2.98,8.742958501,142.7396415,99.36,1.0,2.0,1.0,5.462,2,0.391010451
19.0,8.24,4.77,4.8,4.765066143,124.0209909,99.98,2.0,4.0,1.0,5.16,1,36.11289002
31.0,3.89,1.37,3.86,6.613877244,111.124478,100.0,0.0,2.0,0.0,3.027,0,47.31620988
39.0,6.69,2.24,1.59,5.18652871,100.3605023,100.0,3.0,1.0,1.0,5.028,1,15.32761353
30.0,9.2,4.83,1.12,8.405371831,187.2155429,99.26,2.0,1.0,1.0,5.462,1,40.01608123
37.0,7.29,4.22,0.99,4.470968615,15.16121537,98.74,2.0,3.0,1.0,4.488,1,2.26758703
16.0,5.95,3.96,6.9,5.597903289,101.8449032,100.0,0.0,6.0,0.0,3.125,1,58.28812581
36.0,5.22,1.59,0.25,6.318107129,165.5718187,100.0,2.0,3.0,0.0,5.295,0,16.6595014
32.0,8.1,7.24,7.82,6.517502160499999,213.1467879,100.0,2.0,6.0,1.0,6.304,2,56.99648518
27.0,11.39,5.9,1.59,5.382718401,163.4134867,83.06,2.0,4.0,1.0,8.798,2,36.179356595
21.0,8.72,7.05,0.88,6.865316205,116.1754003,81.74,1.0,1.0,1.0,6.496,2,-5.044130202
27.0,2.75,1.71,4.62,6.517502160499999,218.3750136,100.0,2.0,3.0,0.0,3.949,0,36.17290109
32.0,6.61,2.5,0.64,8.826135622,42.63677445,100.0,0.0,2.0,1.0,3.953,1,15.89802926
28.0,7.0,8.49,4.82,7.469729154,304.6794287,85.34,0.0,3.0,0.0,5.462,2,-3.720734738
27.0,2.94,2.13,6.81,7.05911059,58.98789552,100.0,0.0,9.0,0.0,0.447,1,74.36038814
27.0,7.0,7.33,0.38,5.674779847,140.7987981,70.28,1.0,3.0,1.0,5.462,2,1.281579131
25.0,11.49,6.99,6.4,5.62776665,100.4788753,98.06,2.0,5.0,1.0,5.825,2,36.52626622
35.0,2.78,0.98,3.16,4.927231886,199.4602429,100.0,2.0,3.0,0.0,4.722,0,59.70876425
35.0,11.33,7.86,1.28,7.26187892,106.0452366,82.33,2.0,3.0,1.0,7.521,2,-7.75005102
30.0,5.63,4.77,1.41,8.739197109,45.52054125,100.0,2.0,1.0,0.0,3.692,1,3.366851379
37.0,10.45,3.72,7.35,6.344618191,33.39098706,100.0,4.0,6.0,1.0,3.94,1,74.58329112
31.0,6.18,2.83,0.88,8.29888728,201.6250409,100.0,1.0,2.0,1.0,6.446,1,25.25809283
22.0,6.41,5.39,6.93,5.227433216,138.9022029,100.0,4.0,6.0,1.0,3.526,2,41.4230979
33.0,8.34,3.92,4.35,8.711436292,216.9930495,100.0,2.0,3.0,1.0,6.985,1,43.2873967
34.0,9.74,6.74,0.31,5.370616113,223.1626523,72.82,4.0,2.0,1.0,9.037,2,2.36715202
29.0,3.51,1.45,3.72,5.962784155,382.0422717,100.0,3.0,2.0,0.0,3.594,0,66.85795274
23.0,7.93,5.22,6.54,5.981867869,9.219816449,100.0,2.0,5.0,1.0,2.563,1,46.64585977
34.0,3.87,2.13,5.81,7.765346482,225.5458305,100.0,2.0,8.0,0.0,4.812,1,73.20670257
24.0,5.46,2.62,3.91,7.62754462,166.9427141,100.0,1.0,2.0,0.0,5.277,1,41.48928039
26.0,5.48,1.8,6.88,6.835889488,296.4454845,100.0,0.0,7.0,0.0,6.536,0,62.00902425
27.0,6.69,4.99,0.96,5.765705691,125.5668389,87.13,0.0,3.0,1.0,5.657,1,-5.815284099
37.0,5.34,3.99,7.28,4.479438297,209.3874362,100.0,4.0,6.0,0.0,4.926,1,44.73507538
34.0,3.07,2.16,6.77,4.63644333,274.1365666,100.0,2.0,7.0,0.0,4.844,1,74.18230815
15.0,3.46,2.37,5.67,6.61151553,68.34622438,100.0,2.0,6.0,0.0,1.709,1,70.68398759
39.0,2.33,1.04,6.54,6.882032709,208.3846334,100.0,2.0,5.0,0.0,3.643,0,104.0116316
34.0,6.7,2.1,4.35,7.052768682,163.3439735,100.0,2.0,4.0,1.0,5.462,1,62.13694441
23.0,11.54,9.06,5.4,7.392007685,150.3854307,93.0,2.0,7.0,1.0,7.19,2,0.09695977
36.0,3.16,1.88,4.48,7.150723761,193.8030324,100.0,1.0,4.0,0.0,4.176,0,66.69778238
29.0,7.0,5.55,2.84,5.543334993,165.9822073,100.0,2.0,3.0,1.0,5.462,2,-4.162729273
15.0,9.33,3.37,4.55,8.064964567,284.7322548,100.0,0.0,1.0,1.0,9.0,1,53.36141937
26.0,8.37,2.83,2.06,3.986196078,53.37774597,100.0,4.0,1.0,1.0,5.147,1,16.81413917
17.0,8.45,4.3,3.52,7.050041662,191.4092039,100.0,2.0,2.0,1.0,7.649,1,32.54791856
25.0,10.27,8.04,2.25,3.933798853,171.214117,76.99,3.0,1.0,1.0,7.94,2,3.884528444
16.0,3.07,2.61,0.98,7.643230012,89.16715809,100.0,2.0,3.0,0.0,3.061,1,22.93279953
30.0,7.05,5.91,2.57,6.554665377,147.1454456,89.38,0.0,1.0,1.0,6.254,2,14.45925585
23.0,8.97,7.64,6.82,6.57734478,204.8386725,100.0,1.0,9.0,1.0,6.279,2,33.9643126
29.0,7.87,6.65,3.05,7.467220389,77.18022986,100.0,1.0,1.0,1.0,4.64,2,14.79015881
26.0,10.33,6.37,5.98,4.347423001,209.2878079,93.82,3.0,9.0,1.0,7.851,2,33.06844921
15.0,2.72,1.17,4.1412097370000005,5.278478845,95.41423869,100.0,4.0,2.0,0.0,5.462,0,37.47540267
27.0,8.91,3.771381605,3.4,7.120239884,120.3916597,100.0,1.0,1.0,1.0,5.535,2,8.439294361
28.0,7.34,3.771381605,0.92,8.025144481,168.8751459,100.0,2.0,2.0,1.0,6.634,1,16.02886006
39.0,8.685,2.67,1.11,5.845541921,44.6040917,100.0,3.0,4.0,0.0,3.082,1,22.4895247
39.0,5.4,2.38,4.94,5.216397817,197.5858566,100.0,2.0,3.0,0.0,5.178,1,37.1710034
22.0,8.21,5.0,4.86,5.94706488,245.7541655,97.48,1.0,4.0,1.0,7.567,2,42.76916219
22.0,10.91,5.38,1.71,7.120684264,35.34820811,99.6,2.0,4.0,1.0,5.462,2,3.266352361
26.0,6.96,2.73,3.8,6.541277827,196.0343668,100.0,1.0,4.0,1.0,5.52,1,65.91046926
15.0,10.25,5.86,6.91,8.685916165,37.53722242,100.0,2.0,5.0,1.0,3.712,2,75.63470225
25.0,6.02,4.96,1.39,6.409568717,69.39913379,99.17,2.0,2.0,1.0,3.653,1,25.17435276
22.0,3.02,1.94,0.15,3.832352928,271.6416286,83.82,2.0,1.0,0.0,6.645,0,0.430085376
24.0,2.62,2.17,5.22,6.517502160499999,165.9822073,100.0,2.0,7.0,0.0,2.064,1,36.179356595
33.0,2.51,1.05,0.43,6.265568593,270.3715432,100.0,0.0,4.0,0.0,6.866,0,12.43382477
25.0,5.8,2.32,7.84,8.078266614,165.9822073,100.0,2.0,9.0,0.0,5.462,1,89.08965892
21.0,5.37,3.47,4.88,5.570542578,68.65824447,100.0,2.0,1.0,0.0,2.281,1,39.81176735
25.0,9.18,5.31,3.76,8.679873396,44.39293694,100.0,2.0,3.0,1.0,4.202,2,46.61323049
31.0,9.43,6.56,3.44,5.422997253,56.31861483,100.0,2.0,1.0,1.0,5.423,2,12.24419096
15.0,2.51,1.95,4.58,6.478779627,272.7237381,100.0,1.0,4.0,0.0,5.001,0,74.30221239
35.0,4.21,3.16,0.72,4.09988249,115.7879648,97.43,4.0,3.0,0.0,3.869,1,4.323105403
35.0,4.74,4.1,7.44,8.511718305,115.9845332,100.0,0.0,7.0,0.0,2.238,1,74.06177004
22.0,7.48,4.03,5.01,7.996603899,83.1052418,100.0,2.0,7.0,1.0,3.817,1,42.07684871
37.0,3.45,1.46,1.47,4.844022333,75.48194906,100.0,4.0,4.0,0.0,2.624,0,32.57449804
38.0,3.34,2.11,4.5,8.986686598,165.9822073,100.0,0.0,2.0,0.0,4.28,1,36.179356595
20.0,11.44,4.19,1.07,5.542442071,76.26627663,97.33,3.0,1.0,1.0,7.459,1,-0.472709721
36.0,10.04,4.75,0.14,7.3031395,132.5333508,100.0,1.0,3.0,1.0,7.258,1,1.103296433
32.0,3.81,3.771381605,5.04,8.257108441,269.0373247,100.0,1.0,7.0,0.0,5.813,0,64.52516784
20.0,6.07,3.27,5.19,7.922617084,182.9552297,100.0,2.0,7.0,1.0,5.458,1,47.02615591
19.0,8.34,2.04,4.67,7.46216927,233.2838674,100.0,2.0,2.0,0.0,3.439,1,93.55454824
27.0,9.91,3.16,1.47,6.517502160499999,177.4988447,100.0,1.0,3.0,1.0,7.894,1,15.21499287
33.0,7.1,4.93,4.83,8.944544411,92.14749235,100.0,0.0,4.0,1.0,3.261,1,62.41985046
36.0,3.28,2.18,0.45,4.507985221,300.0682095,83.97,3.0,4.0,0.0,7.465,1,16.50294825
22.0,7.0,6.81,4.87,5.801176739,115.6386675,93.63,3.0,3.0,0.0,5.462,2,19.68483131
23.0,5.97,4.16,4.43,6.811010638,141.3041667,100.0,2.0,4.0,0.0,4.576,1,56.33371295
31.0,4.63,1.71,5.24,7.760053004,56.80168597,100.0,2.0,8.0,0.0,1.943,0,83.00100685
17.0,5.75,2.73,7.16,7.02740462,200.4144988,100.0,1.0,4.0,0.0,4.267,1,71.9892623
33.0,6.98,2.64,6.8,4.732114431,238.7892505,100.0,4.0,7.0,1.0,5.95,1,77.04681949
25.0,5.43,4.38,7.85,8.807237522,95.09999094,100.0,1.0,4.0,0.0,1.68,1,103.7603468
38.0,4.42,3.31,7.81,9.063096941,227.749652,100.0,2.0,8.0,0.0,3.947,1,93.40059129
31.0,5.99,2.52,6.18,5.818030855,80.0239162,100.0,2.0,7.0,0.0,2.961,1,89.80674353
35.0,2.19,1.11,7.65,4.892615107,93.56118504,100.0,4.0,9.0,0.0,0.32,0,105.039113
33.0,9.72,8.55,6.94,4.519681269,264.8198814,88.35,4.0,4.0,1.0,7.938,2,9.021078656
16.0,3.71,2.44,5.82,4.767523432,84.04824403,100.0,4.0,6.0,0.0,1.729,1,51.69787343
22.0,2.44,1.9,0.6,6.721735213,85.10715197,100.0,0.0,4.0,0.0,2.56,0,28.45565898
33.0,7.0,3.92,0.39,8.388455736,278.6740698,100.0,1.0,3.0,1.0,9.393,1,18.16398234
21.0,9.74,4.15,6.7,4.126058753,135.2284414,100.0,4.0,9.0,1.0,5.72,1,53.68100169
31.0,10.14,7.81,3.92,6.775160772,175.3980705,88.89,1.0,3.0,1.0,7.334,2,27.72171843
20.0,6.94,4.94,6.52,7.521514361,274.8568481,100.0,2.0,7.0,1.0,6.994,1,55.25256519
33.0,4.05,2.87,2.5,5.342364979,233.0911581,100.0,3.0,3.0,0.0,5.995,1,19.85379225
38.0,9.37,5.92,3.18,6.821686434,255.7100622,98.81,1.0,4.0,1.0,8.751,2,17.40281157
20.0,9.0,5.74,5.6,7.035550819,35.49620883,100.0,2.0,8.0,1.0,3.54,2,42.16947446
16.0,4.46,3.31,7.32,8.000936098,94.66950946,100.0,1.0,9.0,0.0,2.014,1,61.33244385
20.0,11.03,5.1,0.7,7.152799849,199.3089701,84.22,0.0,4.0,1.0,9.205,2,3.866371976
37.0,3.04,1.56,6.89,7.66945729,44.78928398,100.0,1.0,5.0,1.0,0.613,0,87.459361
19.0,7.0,3.771381605,6.34,6.328627419,171.1478248,88.01,2.0,9.0,1.0,7.253,2,22.74286295
33.0,10.6,5.14,2.52,5.053964842,53.33469298,100.0,2.0,1.0,1.0,5.264,2,-11.25704416
34.0,8.88,5.57,2.84,6.517502160499999,249.7937046,89.02,0.0,4.0,1.0,8.948,2,-3.11202461
18.0,11.39,8.22,0.37,5.100785246,43.2992413,78.1,2.0,1.0,1.0,6.664,2,5.863227606
36.0,7.0,8.3,0.13,3.899586063,178.5701881,61.74,4.0,1.0,0.0,5.462,2,2.691636579
31.0,3.9,2.19,4.1412097370000005,5.260414997,235.3596299,100.0,3.0,1.0,0.0,5.484,1,43.36981222
25.0,6.42,3.58,0.76,7.040830951,189.7876016,100.0,1.0,1.0,1.0,6.662,1,17.48651072
18.0,2.72,2.19,1.55,6.645363281,108.9889438,100.0,1.0,2.0,0.0,3.495,1,20.15083678
27.0,5.9,4.62,6.77,4.638689879,169.8299692,100.0,2.0,7.0,0.0,3.999,1,36.179356595
34.0,9.42,6.96,4.57,5.536877044,165.9822073,100.0,2.0,4.0,1.0,5.199,2,-2.813068914
31.0,5.86,3.39,5.07,6.517502160499999,197.2891427,100.0,2.0,8.0,0.0,4.909,1,36.179356595
23.0,5.3,2.62,1.5,6.128607538,217.9548539,98.67,3.0,3.0,0.0,6.88,1,16.12526934
18.0,7.95,5.29,6.63,6.272774451,302.4994938,100.0,1.0,9.0,1.0,7.846,2,59.45356267
37.0,10.72,8.85,6.94,7.397112779,293.0708116,90.02,2.0,5.0,1.0,9.238,2,6.90505834
28.0,2.48,2.06,4.19,4.514645898,159.1571993,100.0,2.0,2.0,0.0,3.323,1,57.24402887
33.0,5.85,2.14,7.3,5.531925093,21.92305784,100.0,2.0,8.0,0.0,1.735,1,87.51740874
17.0,3.58,1.99,6.76,4.673395631,8.77170761,100.0,3.0,9.0,0.0,0.422,0,68.60887012
28.0,8.95,5.18,5.85,4.850862957,67.79973474,100.0,4.0,6.0,1.0,3.56,2,46.50425988
22.0,3.06,2.71,5.87,8.297831142,58.30637898,100.0,1.0,9.0,0.0,0.189,1,91.95245554
38.0,8.65,6.11,0.84,5.890657567,229.712283,80.08,4.0,2.0,1.0,8.013,2,-4.006684263
15.0,4.86,2.65,2.17,7.033927472,68.14963132,100.0,1.0,3.0,0.0,3.339,1,30.68350004
24.0,3.99,1.26,0.53,7.785367293,165.9822073,100.0,2.0,1.0,0.0,5.736,0,5.705333366
32.0,11.36,7.26,0.07,4.414050619,198.171719,65.94,2.0,3.0,1.0,9.479,2,7.31305388
30.0,2.19,0.78,1.27,5.110757804,104.8970555,100.0,4.0,3.0,0.0,2.754,0,30.7455329
22.0,6.38,5.11,7.04,8.110693534,227.1343009,100.0,0.0,6.0,1.0,5.918,2,71.16441891
15.0,2.22,1.67,1.92,8.496083761,61.42512902,100.0,2.0,4.0,0.0,1.614,0,39.85220328
26.0,6.84,3.94,7.76,5.567823296,139.1709057,100.0,3.0,8.0,1.0,3.672,1,62.75459487
22.0,7.01,3.91,4.78,6.309989078,238.6442372,100.0,3.0,1.0,1.0,7.151,1,27.8599741
38.0,5.22,4.38,1.9,7.300727976,57.12387648,100.0,0.0,3.0,0.0,3.2,1,24.46276278
30.0,3.32,1.57,3.98,5.542124798,234.315168,100.0,2.0,2.0,0.0,5.226,0,47.74329344
32.0,5.76,2.59,1.75,4.775954814,230.4036275,99.93,2.0,2.0,0.0,7.075,1,18.98744166
18.0,8.72,7.53,7.87,5.44374188,204.6582365,95.53,3.0,7.0,1.0,5.462,2,36.58122372
20.0,9.82,7.71,6.78,5.892929596,203.3947776,100.0,3.0,6.0,1.0,6.516,2,39.90219242
26.0,7.31,5.79,0.21,4.541688069,133.6187911,67.3,4.0,3.0,1.0,6.292,2,-2.175393984
23.0,7.9,3.3,7.58,6.600971385,167.4077955,100.0,1.0,6.0,1.0,5.276,1,63.94529395
29.0,4.01,1.55,5.77,7.500161955,118.5816213,100.0,2.0,5.0,0.0,2.434,0,92.28120845
30.0,4.87,1.54,0.66,6.036777857,134.4078045,100.0,0.0,2.0,0.0,5.437,0,29.8819506
38.0,3.62,1.6,5.37,4.898984697,189.4867652,100.0,2.0,5.0,0.0,4.059,0,36.9320436
27.0,4.49,3.43,5.18,5.721468432,231.3810058,100.0,0.0,6.0,0.0,5.091,1,58.39905163
38.0,4.25,1.89,1.75,7.724702212,139.3064128,100.0,1.0,2.0,0.0,4.24,0,31.47114196
37.0,7.19,5.3,6.07,3.94431629,193.0379916,97.63,4.0,9.0,1.0,5.634,2,39.9370011
28.0,7.63,3.44,0.7,3.783528695,97.07426927,89.89,2.0,1.0,1.0,5.465,1,6.475314527
27.0,11.45,6.15,3.92,6.441051208,165.9822073,91.72,2.0,1.0,1.0,5.462,2,38.82664916
39.0,3.96,3.52,0.08,5.639827115,18.99053464,95.09,3.0,3.0,0.0,2.816,1,16.3813693
16.0,8.42,3.76,7.75,8.71920121,53.98211201,100.0,1.0,5.0,1.0,2.905,1,92.20405116
17.0,10.17,5.35,6.01,7.013483289,286.543346,100.0,1.0,6.0,1.0,8.742,2,28.09437673
38.0,7.6,3.65,1.27,5.446002725,122.3514612,96.9,4.0,1.0,1.0,6.059,1,14.91239351
36.0,4.55,1.66,2.73,7.77383223,217.4571068,100.0,2.0,3.0,0.0,5.736,0,37.24968881
24.0,7.0,2.75,1.28,6.126183923,165.9822073,100.0,2.0,3.0,0.0,5.462,1,26.3359378
23.0,2.39,1.26,6.13,4.665226951,213.8078974,100.0,2.0,6.0,0.0,3.976,0,63.74650391
34.0,5.05,3.62,0.47,4.779173519,126.9145241,93.64,3.0,4.0,0.0,4.924,1,14.30644696
22.0,9.45,7.47,6.72,7.127519215,52.40359533,100.0,0.0,8.0,1.0,3.569,2,34.66959188
24.0,2.48,1.55,7.54,4.921978239,163.5571576,100.0,3.0,6.0,0.0,1.738,0,86.29348645
33.0,4.19,3.771381605,5.41,4.85249925,192.4362799,100.0,2.0,7.0,0.0,5.462,1,58.72354484
17.0,13.59,6.08,1.7,5.041329544,82.33203804,92.77,3.0,2.0,1.0,5.16,2,1.351070656
38.0,14.745,3.28,2.88,4.168974008,471.3305297,85.31,4.0,3.0,1.0,9.091,1,19.859885
19.0,6.55,4.39,3.82,7.140529971,72.32329439,100.0,2.0,3.0,1.0,3.889,1,10.3731307
17.0,8.98,6.38,4.1412097370000005,7.635607913,103.9357938,100.0,1.0,2.0,1.0,5.462,2,35.2437769
30.0,5.88,2.46,5.35,6.517502160499999,163.5808024,100.0,0.0,5.0,0.0,4.075,1,78.90026231
31.0,3.6,2.85,4.43,7.465438263,50.31726824,100.0,1.0,4.0,0.0,1.851,1,49.88926048
29.0,5.98,5.06,2.81,8.857064125,161.0938891,100.0,2.0,3.0,0.0,5.667,2,26.92941917
17.0,7.8,6.15,7.13,4.753453275,94.19676184,100.0,2.0,8.0,1.0,3.621,1,49.03873846
26.0,11.48,5.55,0.65,4.755230762,211.3707752,80.77,2.0,3.0,1.0,9.585,2,2.849371054
23.0,2.69,1.75,3.73,6.302507366,146.7142301,100.0,2.0,4.0,0.0,2.726,0,60.90675136
35.0,7.07,6.0,6.2,5.272752477,202.0085955,100.0,2.0,8.0,1.0,5.835,2,33.84643173
26.0,7.0,3.771381605,0.49,6.412757984,292.6746736,89.48,1.0,2.0,0.0,8.318,1,14.22785005
29.0,7.08,5.61,5.64,5.487552433,93.67340511,100.0,2.0,8.0,1.0,3.968,2,25.75956225
16.0,2.24,0.68,6.56,5.368722133,208.2808576,100.0,3.0,6.0,0.0,2.972,0,73.65843004
37.0,5.13,1.55,5.29,6.127115818,165.9822073,100.0,0.0,7.0,0.0,6.398,0,59.65302944
32.0,10.2,7.71,0.1,9.202210315,157.4418722,76.44,0.0,4.0,1.0,8.33,2,2.450650879
34.0,7.0,5.71,1.44,6.482617037,187.4207822,88.03,3.0,2.0,1.0,7.418,2,7.828201818
26.0,6.51,5.03,2.74,4.722516583,175.158517,90.5,3.0,4.0,1.0,5.893,2,-0.222842824
37.0,4.86,4.17,1.87,6.81903234,184.3797384,96.87,0.0,1.0,0.0,4.609,1,17.31340705
18.0,4.98,1.85,7.7,5.36400853,273.9185157,100.0,3.0,7.0,0.0,5.9,0,72.74040573
37.0,5.83,2.56,5.21,5.413501852,255.2432898,100.0,3.0,9.0,0.0,6.832,1,36.65736191
30.0,15.54,8.73,2.38,6.036677579,528.9999217,69.49,4.0,3.0,1.0,9.666,2,0.871219144
37.0,11.67,3.771381605,7.44,7.136295099,175.6769321,100.0,1.0,8.0,1.0,7.403,1,84.55452507
30.0,6.39,4.53,5.92,8.132860405,146.6598658,100.0,0.0,4.0,1.0,3.899,1,70.63898105
15.0,5.93,3.67,2.28,7.06831123,81.7155781,100.0,0.0,4.0,0.0,3.381,1,26.34783714
36.0,10.47,3.66,3.03,6.266370895,79.70742993,90.94,4.0,4.0,1.0,6.026,1,18.1777772
39.0,7.0,2.95,1.6,5.113670157,196.9330967,92.52,4.0,3.0,0.0,5.462,1,15.78369881
16.0,7.52,4.6,7.77,4.688868665,224.169539,100.0,2.0,5.0,1.0,5.609,1,57.92493385
17.0,4.31,3.5,4.14,8.363780714,165.9822073,100.0,2.0,3.0,0.0,5.462,1,52.30214997
35.0,9.44,6.84,7.17,7.234940395,241.0346453,100.0,2.0,9.0,1.0,7.489,2,58.00721718
39.0,7.32,4.93,2.77,3.804929455,169.8160547,85.72,3.0,3.0,1.0,6.029,1,0.083294185
34.0,10.09,3.771381605,6.89,7.362520345,165.9822073,100.0,2.0,8.0,1.0,4.878,2,59.91028976
31.0,9.81,4.7,0.43,6.298713188,160.7144364,92.73,0.0,1.0,1.0,8.076,1,4.59913843
34.0,4.15,1.54,7.86,8.817746179,53.5869457,100.0,0.0,8.0,0.0,0.857,0,99.33881696
36.0,9.16,5.0,7.3,8.195471275,307.7225037,100.0,0.0,9.0,1.0,8.01,2,72.07841972
35.0,10.0,3.17,2.91,6.517502160499999,130.4764698,100.0,2.0,2.0,1.0,7.027,1,37.73871736
27.0,5.46,2.33,6.2,7.154458759,104.8116833,100.0,2.0,7.0,0.0,3.09,1,83.87977005
34.0,3.73,2.09,6.02,5.937718909,293.8285688,100.0,2.0,5.0,0.0,5.659,1,78.52663212
20.0,2.03,1.12,7.21,5.11569576,126.8407377,100.0,2.0,8.0,1.0,1.392,0,79.4193586
29.0,6.51,2.13,2.46,7.228995506,66.58678503,100.0,1.0,3.0,1.0,3.797,1,36.179356595
28.0,5.52,3.61,3.72,6.165250819,7.945884758,100.0,1.0,1.0,0.0,2.064,1,39.1537456
34.0,7.55,4.76,6.92,3.980663152,219.7448534,100.0,3.0,9.0,1.0,6.099,1,39.31444015
29.0,3.88,1.35,6.23,6.69130723,116.5860733,100.0,0.0,6.0,0.0,2.251,0,88.04189558
28.0,10.6,9.18,3.15,7.688431203,244.8871198,100.0,0.0,3.0,1.0,9.035,2,-7.383836163
39.0,4.58,1.65,6.77,4.91407348,136.9905666,100.0,3.0,6.0,0.0,2.939,0,74.08267767
35.0,4.26,3.46,0.38,4.660365938,131.2748031,100.0,2.0,1.0,0.0,4.236,1,1.029498816
38.0,6.81,2.04,6.26,7.483754798,195.4097214,100.0,2.0,5.0,1.0,5.627,1,70.17422032
39.0,6.99,5.8,1.65,5.12086342,165.9822073,78.95,2.0,1.0,1.0,8.58,2,0.558486182
19.0,4.15,1.29,2.29,8.108413194,174.1368161,100.0,1.0,3.0,0.0,4.928,0,32.47102055
20.0,4.72,3.56,4.1412097370000005,3.902651156,64.89585735,100.0,3.0,1.0,0.0,2.695,1,25.87897562
31.0,3.7,1.91,3.6,4.616664786,61.22954496,100.0,4.0,2.0,0.0,2.09,0,38.03859558
25.0,7.0,6.82,4.16,5.18944728,241.9174718,92.82,3.0,2.0,0.0,5.462,2,-1.301228834
30.0,7.0,5.25,4.36,7.497476957,140.4086901,100.0,2.0,3.0,0.0,5.462,2,30.02771881
26.0,6.62,2.27,4.1412097370000005,7.512178613,225.8638543,100.0,0.0,1.0,1.0,5.462,1,29.42154059
29.0,9.14,6.95,1.4,6.890876806,207.49795,79.46,1.0,1.0,1.0,8.07,1,-9.273487569
37.0,9.36,3.21,6.15,5.811969468,213.523937,100.0,2.0,7.0,1.0,6.815,1,54.30298367
18.0,3.38,2.88,3.2,6.517502160499999,36.69081582,100.0,0.0,2.0,0.0,1.85,1,40.03016793
32.0,11.66,3.85,4.05,4.45541191,113.8767711,100.0,2.0,3.0,1.0,6.255,1,25.44178767
27.0,10.21,3.771381605,5.16,5.999310291,285.569217,100.0,4.0,9.0,1.0,9.297,2,36.179356595
17.0,4.04,2.96,7.28,4.398111355,292.5162781,100.0,2.0,5.0,0.0,5.676,1,66.02361507
36.0,3.86,2.07,5.66,2.90495607,269.6146255,100.0,2.0,6.0,0.0,6.012,1,38.09525465
22.0,3.26,1.4,0.36,6.517502160499999,265.4141872,95.94,2.0,4.0,0.0,7.282,0,14.35060399
37.0,3.38,2.55,6.71,5.234924136,290.8263223,100.0,2.0,9.0,0.0,4.977,1,79.12135684
27.0,9.48,7.31,7.91,5.618755832,180.6758045,99.08,2.0,8.0,1.0,6.307,2,42.76136925
22.0,6.7,5.72,3.78,7.239640513,75.55578328,100.0,0.0,1.0,1.0,3.936,2,27.5448499
32.0,9.83,5.17,7.76,4.796595795,288.0222801,100.0,4.0,4.0,1.0,8.507,2,47.95635585
24.0,9.46,5.71,4.38,7.139414887,211.0204269,90.13,2.0,1.0,1.0,5.462,2,29.90370612
39.0,8.05,4.17,3.68,7.30683896,67.25036476,100.0,2.0,4.0,1.0,4.061,1,28.48562826
34.0,8.86,4.02,2.65,5.690372714,148.6526058,96.28,2.0,4.0,1.0,6.395,1,19.90256936
31.0,2.18,1.64,5.26,5.98388905,51.33481993,100.0,1.0,5.0,0.0,5.462,1,62.358014
22.0,5.12,2.58,1.84,6.080974561,15.34159465,100.0,1.0,2.0,0.0,2.508,1,-0.929984194
37.0,8.38,4.67,0.84,4.808271075,302.7214258,77.52,3.0,1.0,1.0,9.798,1,4.512041074
25.0,2.09,1.13,0.22,7.845990027,249.1952703,100.0,1.0,3.0,0.0,6.019,1,46.95463492
19.0,2.33,1.7,2.34,6.903107274,126.2996279,100.0,0.0,3.0,0.0,3.123,0,53.66428295
27.0,7.0,8.95,3.17,9.395278631,161.5050137,89.97,1.0,3.0,1.0,7.369,2,-1.791174371
35.0,8.84,6.19,4.42,7.656534598,210.4727499,100.0,1.0,3.0,1.0,7.034,2,60.38581537
37.0,4.65,2.71,2.34,4.502963807,63.61321744,100.0,4.0,4.0,0.0,2.503,1,24.58186366
19.0,8.88,6.82,7.87,6.517502160499999,77.13119743,100.0,2.0,8.0,1.0,3.419,2,50.10579832
38.0,9.92,6.79,2.33,4.496079123,315.106426,81.52,4.0,1.0,1.0,10.241,2,3.521921858
27.0,5.07,1.71,3.53,8.724118954,97.23270582,100.0,1.0,2.0,0.0,3.296,1,55.87770222
20.0,7.0,0.84,0.83,8.625933816,165.9822073,100.0,1.0,4.0,0.0,5.331,0,6.736616182
19.0,11.33,3.66,2.09,6.078092887,46.50237709,100.0,2.0,4.0,1.0,6.078,1,16.76881912
23.0,5.45,3.13,0.39,6.517502160499999,112.4785252,93.23,4.0,4.0,0.0,4.928,1,6.717049304
30.0,3.06,2.43,4.48,4.977513664,48.37437192,100.0,3.0,2.0,0.0,1.466,1,67.11653979
16.0,6.92,3.38,6.01,8.136902578,165.9822073,100.0,1.0,8.0,1.0,7.297,1,65.0146759
15.0,9.68,5.14,1.57,8.086789974,74.71721909,100.0,1.0,2.0,1.0,6.149,2,10.11054333
22.0,4.22,3.57,2.94,5.033281677,249.1233484,96.51,3.0,1.0,0.0,5.968,1,16.41793963
33.0,4.69,3.76,0.13,3.91520807,165.9822073,80.82,2.0,1.0,0.0,6.826,1,9.250227316
25.0,4.43,3.1,6.72,5.787021824,203.3748986,100.0,4.0,8.0,0.0,4.019,1,83.53199136
26.0,11.92,5.48,4.1412097370000005,4.318040141,285.7614951,92.67,4.0,6.0,1.0,9.388,2,33.73715245
26.0,3.97,1.47,0.51,7.945547328,282.5290891,100.0,2.0,2.0,0.0,7.332,0,49.61521332
21.0,7.76,2.4,2.92,5.724841552,274.1785848,100.0,1.0,4.0,1.0,8.664,1,29.12081656
27.0,11.25,4.1,7.64,7.703540423,298.1112804,100.0,0.0,7.0,1.0,8.993,1,71.8280816
22.0,3.47,1.65,3.14,6.046751433,29.95293092,100.0,2.0,3.0,0.0,1.273,0,29.78473421
36.0,11.71,7.39,4.21,5.89438325,51.30531934,98.32,4.0,1.0,1.0,5.172,2,-5.314427943
23.0,11.47,3.88,2.84,4.70455626,165.9822073,96.17,2.0,4.0,1.0,5.462,1,17.03140623
21.0,10.85,4.14,4.77,7.169955546,245.9859257,100.0,0.0,4.0,1.0,8.974,1,15.80702746
35.0,4.15,1.7,7.83,7.470731948,97.16642884,100.0,2.0,7.0,0.0,1.206,0,87.29937567
38.0,8.34,5.66,7.98,5.641345027,33.42586799,100.0,4.0,5.0,1.0,2.976,2,59.60880173
29.0,9.61,6.43,6.2,6.015203515,155.0567673,100.0,3.0,9.0,1.0,6.085,2,21.30172895
16.0,11.86,7.48,3.23,4.48984237,117.753725,78.37,4.0,3.0,1.0,7.641,2,36.179356595
37.0,3.8,1.71,3.96,4.146993497,77.84642788,100.0,3.0,4.0,0.0,2.352,0,47.48463041
34.0,9.66,5.05,2.85,6.771634349,47.94494039,100.0,2.0,3.0,1.0,5.035,2,25.05459653
39.0,5.39,1.93,7.88,7.270681496,252.7960114,100.0,1.0,6.0,0.0,5.751,0,73.25980875
26.0,5.64,1.64,5.66,5.429788209,514.404894,100.0,0.0,7.0,0.0,4.502,0,36.179356595
15.0,6.21,5.21,3.59,8.230048352,297.9126816,96.11,1.0,2.0,1.0,7.448,2,41.30457571
37.0,9.94,8.82,0.1,6.039215991,76.26487901,100.0,0.0,4.0,1.0,6.56,2,3.395286273
36.0,6.65,4.58,4.16,6.211227729,243.2680183,97.43,3.0,4.0,1.0,6.957,1,21.30754433
22.0,7.38,6.27,7.87,4.486093829,72.84652852,100.0,4.0,6.0,1.0,2.789,2,38.05612965
19.0,11.95,8.19,4.18,7.972668674,172.2945852,90.36,0.0,4.0,1.0,8.281,2,19.55214787
29.0,5.99,1.92,1.46,6.896962374,22.39998249,100.0,2.0,3.0,0.0,3.437,0,33.59316418
15.0,8.15,7.32,0.18,4.400570806,239.8936904,58.93,4.0,2.0,1.0,9.141,2,-3.600777618
15.0,5.65,2.03,2.84,7.569143327,111.0473811,100.0,0.0,4.0,0.0,4.353,1,43.95281511
39.0,5.93,4.21,7.35,6.266607932,252.1107688,100.0,1.0,5.0,0.0,5.7,1,63.98246213
24.0,8.96,4.05,7.97,7.32066652,188.7011453,100.0,1.0,7.0,1.0,6.029,1,69.71947573
36.0,11.38,6.09,7.56,8.930266868,156.8400018,100.0,1.0,8.0,1.0,6.902,2,68.84205596
24.0,7.42,5.1,5.84,6.900843371,266.370468,100.0,1.0,9.0,1.0,7.118,2,50.86025097
35.0,9.68,5.44,4.1412097370000005,7.426564436,151.7443041,100.0,0.0,3.0,1.0,5.462,2,48.15872997
29.0,2.89,1.3,4.73,4.407982419,36.07584379,100.0,4.0,3.0,0.0,0.746,0,62.24157575
31.0,4.11,2.06,4.31,6.777930454,0.0,100.0,0.0,4.0,0.0,1.242,1,67.26873148
36.0,7.02,3.54,5.66,8.216623326,51.90916896,100.0,2.0,6.0,1.0,2.412,1,77.94436803
20.0,2.2,1.93,3.35,6.653482619,246.555494,100.0,1.0,2.0,0.0,4.635,0,60.00897107
17.0,4.53,3.53,5.35,7.119891861,134.0490512,100.0,2.0,5.0,0.0,2.66,1,63.84723689
27.0,7.17,4.12,0.97,8.320062878,71.72077509,100.0,1.0,2.0,1.0,4.334,1,25.25501746
30.0,2.15,0.9,2.13,4.640497164,163.0903035,100.0,3.0,1.0,0.0,5.462,0,39.67025139
22.0,4.65,3.66,6.69,4.218705233,296.4540923,100.0,2.0,5.0,0.0,6.178,1,48.50843888
29.0,7.14,2.82,7.23,7.727959007,146.3347469,100.0,2.0,9.0,1.0,4.081,1,98.16255925
31.0,7.73,3.3,4.31,7.924340845,240.9424922,100.0,0.0,2.0,1.0,7.292,1,49.56124827
31.0,11.26,5.85,0.25,7.864087101,280.3252101,80.74,0.0,4.0,1.0,11.155,2,-4.301405469
36.0,8.45,7.0,7.42,7.098746655,178.4573076,99.45,1.0,5.0,1.0,5.539,2,64.75081683
27.0,6.15,2.33,5.62,6.517502160499999,72.07554402,100.0,2.0,5.0,1.0,2.669,1,73.31760059
31.0,11.3,4.22,3.31,8.556261701,135.8115214,100.0,0.0,1.0,1.0,7.437,1,34.47542141
20.0,9.85,5.87,4.79,4.767504122,224.9226533,93.32,2.0,2.0,1.0,8.168,2,23.60029382
31.0,4.0,1.86,3.44,7.670853995,161.9157485,100.0,0.0,1.0,0.0,3.908,0,46.21475968
30.0,3.31,2.12,3.72,5.277682087,265.1330337,100.0,2.0,3.0,0.0,5.999,1,33.57564057
28.0,8.76,5.0,7.09,5.968452072,41.86991795,100.0,3.0,5.0,1.0,3.393,2,55.04185515
27.0,7.6,4.26,1.29,5.808225778,228.4142597,100.0,2.0,1.0,1.0,7.993,1,-4.139375443
20.0,7.0,3.64,0.83,6.441576522,124.6495897,96.19,4.0,3.0,1.0,6.961,1,4.986641131
17.0,9.39,3.61,0.02,5.565996415,33.6426701,99.03,3.0,2.0,1.0,5.649,1,-2.144382917
28.0,8.25,6.54,2.51,4.706345563,179.9694966,87.16,4.0,2.0,1.0,7.032,2,0.146811747
28.0,17.79,9.86,1.18,5.323652328,303.7092801,60.8,2.0,3.0,1.0,8.696,2,2.128839983
29.0,7.0,3.24,1.76,4.439342591,64.14851857,94.72,4.0,4.0,0.0,5.462,1,22.18986095
22.0,3.13,1.15,0.09,6.269963992,145.5123207,100.0,1.0,2.0,0.0,4.538,0,10.12732416
27.0,10.28,3.41,1.82,7.285620318,115.3578296,100.0,0.0,3.0,1.0,6.694,1,35.28661944
36.0,4.52,3.01,2.66,6.517502160499999,207.9912097,100.0,1.0,2.0,0.0,5.522,1,44.42142326
27.0,9.77,7.12,0.25,8.299058477,244.4532319,80.57,0.0,2.0,1.0,9.93,2,2.775365572
31.0,11.57,6.06,4.86,5.534897025,212.5763687,100.0,0.0,4.0,1.0,8.387,2,26.14905216
35.0,8.97,6.35,4.55,8.067390377,211.5762688,96.57,0.0,3.0,1.0,6.68,2,21.54758226
38.0,7.96,5.79,0.78,5.577702172,20.60312331,86.12,2.0,1.0,1.0,4.346,1,36.179356595
17.0,7.0,5.68,4.76,3.850490143,149.6782059,100.0,2.0,1.0,1.0,3.092,2,18.36807693
20.0,5.64,1.91,7.99,6.517502160499999,266.4628855,100.0,1.0,9.0,0.0,5.503,0,102.4357935
27.0,5.53,2.3,7.56,7.411065825,122.700328,100.0,0.0,9.0,0.0,3.497,1,82.88024222
36.0,8.36,2.85,0.02,8.240002768,194.7032213,100.0,1.0,1.0,1.0,8.254,1,5.370509365
31.0,9.51,7.81,6.36,7.263578262,28.45370545,100.0,1.0,8.0,1.0,3.507,2,44.34262389
37.0,8.79,6.82,4.1412097370000005,4.035847596,305.6075146,71.13,2.0,2.0,1.0,9.006,2,-0.324934924
39.0,3.98,2.57,0.51,8.948580905,153.9163173,95.93,2.0,1.0,0.0,5.157,1,46.0946289
16.0,6.94,2.43,2.37,6.402666116,97.03150333,100.0,1.0,2.0,1.0,4.339,1,36.179356595
29.0,9.92,4.6,2.57,8.372150737,173.9569003,95.83,0.0,2.0,1.0,7.769,1,8.137462063
19.0,6.76,3.24,4.1412097370000005,7.921531568,44.86523378,100.0,2.0,4.0,1.0,5.462,1,74.32280645
34.0,7.37,4.69,5.29,5.493236963,96.62012036,100.0,2.0,9.0,1.0,3.778,1,39.60312747
20.0,9.71,4.42,5.99,4.758226099,76.77139956,100.0,4.0,6.0,1.0,4.838,1,55.47910314
20.0,8.61,2.96,1.97,5.843856019,189.0506981,100.0,2.0,2.0,1.0,7.554,1,5.813653477
32.0,6.09,4.5,2.57,4.17484357,248.9434297,95.77,3.0,2.0,1.0,7.154,1,36.179356595
32.0,10.95,5.25,2.47,5.396620413,162.7093601,89.72,2.0,4.0,1.0,8.174,2,10.83658599
18.0,3.63,2.07,2.9,6.47570162,69.01503315,100.0,0.0,4.0,0.0,2.125,1,33.37548277
31.0,11.96,3.771381605,4.1412097370000005,8.472189563,138.9432173,100.0,0.0,3.0,1.0,5.462,1,87.22131562
39.0,3.19,2.49,6.22,8.652149049,112.4150869,100.0,1.0,6.0,0.0,2.069,1,69.02804984
28.0,2.15,1.37,7.8,7.366640376,258.4800224,100.0,0.0,5.0,0.0,4.075,0,97.09883667
28.0,10.9,9.17,5.54,6.517502160499999,44.30593701,85.42,2.0,8.0,1.0,4.408,2,0.171148492
27.0,4.45,2.66,3.25,6.208952901,22.10529089,100.0,2.0,4.0,0.0,2.11,1,31.78600702
21.0,9.3,8.04,3.12,7.557014678,241.4921583,84.71,1.0,4.0,1.0,8.594,2,36.179356595
26.0,10.11,8.44,3.91,4.61076791,272.3161814,73.2,4.0,4.0,1.0,9.162,2,0.072777002
37.0,10.59,6.84,3.33,7.381913844,180.5706832,85.17,0.0,3.0,1.0,8.096,2,13.28752505
29.0,11.92,10.26,6.63,8.360868633,29.98107144,96.54,2.0,6.0,1.0,4.991,2,12.61335711
33.0,4.94,2.44,3.72,5.995306155,153.8660795,100.0,2.0,2.0,0.0,4.014,1,44.92956198
25.0,9.1,4.73,2.36,7.101499887,213.8585879,95.96,0.0,2.0,1.0,8.402,1,21.43495638
29.0,3.15,1.03,6.2,5.116644943,68.92250896,100.0,3.0,8.0,0.0,0.795,0,69.12914527
26.0,6.07,3.97,6.84,7.567986365,223.2355195,100.0,1.0,6.0,1.0,5.463,1,57.76913767
17.0,10.48,7.68,3.36,3.271109591,271.0175145,70.61,3.0,2.0,1.0,9.932,2,9.709686856
31.0,5.68,4.34,5.34,4.953002284,63.03998261,100.0,4.0,6.0,0.0,2.918,1,46.7594908
17.0,7.91,3.08,0.47,7.338446393,165.9822073,97.68,2.0,3.0,1.0,6.154,1,10.77706472
33.0,7.04,3.99,4.24,8.560342636,201.6163212,100.0,0.0,1.0,1.0,6.328,1,48.7697602
34.0,8.46,3.44,0.36,7.068666034,238.2580142,84.74,0.0,1.0,1.0,9.262,1,0.538638672
18.0,11.73,8.18,0.23,6.284386392,279.1778054,62.28,2.0,4.0,1.0,11.496,2,-5.517017775
17.0,2.56,1.01,4.9,6.962070628,250.5087693,100.0,2.0,3.0,0.0,4.83,0,49.32084875
30.0,7.74,6.52,2.43,8.041278013,122.3174831,92.29,0.0,4.0,1.0,5.701,2,15.7117024
26.0,10.63,4.66,5.94,8.711275749,225.9102708,100.0,2.0,8.0,1.0,7.473,1,53.79068036
22.0,6.81,3.23,7.17,7.675018887,245.424394,100.0,1.0,5.0,1.0,6.614,1,88.27529799
38.0,2.79,2.26,1.12,8.231627385,6.75880926,100.0,2.0,2.0,0.0,1.539,1,38.87286236
31.0,7.61,4.38,5.8,7.211003274,195.0363906,100.0,0.0,8.0,1.0,5.585,1,55.51991575
21.0,5.32,1.67,4.12,6.861149233,256.4290183,100.0,0.0,1.0,0.0,6.404,0,39.32039773
25.0,3.55,2.12,0.9,4.901778147,151.5555781,100.0,2.0,1.0,0.0,4.205,1,17.32792629
32.0,10.49,3.68,5.21,4.718913591,294.6407485,100.0,2.0,8.0,1.0,9.282,1,42.48846051
15.0,7.22,6.43,4.88,8.074897009,182.9627121,100.0,1.0,4.0,1.0,5.066,2,34.13134149
17.0,11.33,3.771381605,4.13,8.35306968,39.26926311,95.59,2.0,2.0,1.0,5.366,2,36.179356595
18.0,10.06,4.57,7.41,7.228362933,257.4984028,100.0,1.0,8.0,1.0,7.747,1,63.48212099
27.0,8.93,5.7,4.17,6.269456103,137.0576556,100.0,2.0,2.0,1.0,6.174,2,21.32885553
20.0,2.05,0.71,4.1412097370000005,4.216330909,60.78025151,100.0,2.0,4.0,0.0,-0.391,0,86.25151395
28.0,6.28,4.9,4.07,5.645976662,207.5819412,99.52,3.0,4.0,1.0,5.879,1,29.00982559
19.0,3.97,3.4,0.93,6.056124739,178.2195713,98.65,0.0,1.0,0.0,5.366,1,7.094578
30.0,11.11,9.16,3.76,6.236283984,177.4560193,79.82,0.0,1.0,1.0,8.007,2,-2.101932406
29.0,7.0,1.89,1.46,8.774472842,288.4776327,100.0,2.0,4.0,0.0,7.117,0,18.97866891
31.0,3.382830248,1.786602255,4.763440922,6.088208692,233.1553203,95.02539805,0.220109848,2.281731534,0.0,3.125952907,0,59.35314708
30.0,7.0,5.037609201,1.484537265,5.849075672,596.994025,90.02362098,0.662828032,0.978572741,1.0,13.57117911,1,5.616180293
29.0,5.340270717,2.496660628,6.746331744,5.952356802,261.6335453,99.82590398,1.558032399,7.165269526,0.0,6.544139328,1,66.56503651
35.0,11.09433883,5.239415833,3.579617269,7.568382221,219.898415,98.20027264,0.0,3.833956658,1.0,9.1779391,1,54.7611218
20.0,5.209378887,5.094893726,4.32760698,6.404781013,61.60341442,99.24754746,1.062554852,2.05753737,0.0,-1.91064196,1,57.67262072
39.0,10.7586923,9.016236118,4.454359187,6.366026962,241.2884578,88.58031236,0.0,7.154554117,1.0,6.26493832,2,5.938754135
33.0,7.0,3.760986283,0.429637203,7.807451049,286.8198734,100.0,1.660483114,2.372806433,0.0,5.462,1,18.62916639
15.0,7.0,3.771381605,2.442404229,9.429757608,138.7730461,99.61622963,0.0,3.7060643,0.0,5.462,1,28.32809647
38.0,11.31991931,6.30099041,1.63544703,3.649096365,138.9364995,75.89267761,2.90146361,3.918008041,1.0,7.146192098,2,0.0
35.0,7.668173643,7.033144153,4.995851254,7.243712935,121.3446127,96.79436621,2.144649381,9.289596903,1.0,5.462,2,53.77145501
28.0,5.757638785,3.120800261,7.121948915,3.878732208,165.9822073,100.0,3.041462423,8.359648561,0.0,1.762313758,1,95.57085091
28.0,3.126675161,1.728229455,2.371372522,7.347102248,129.8468789,96.16677272,0.0,2.560944996,0.0,2.258880002,0,40.76062186
16.0,5.989618419,4.413476834,2.699313843,6.884836949,237.4572206,99.64553654,0.368903635,1.768237476,0.0,7.970233773,1,6.666563209
30.0,10.84199563,4.731414942,2.979397763,3.875379751,449.3909965,100.0,4.020140051,0.264289901,1.0,6.864060324,1,9.48476247
27.0,8.000505605,4.135477676,0.0,7.400384224,93.99162043,100.0,0.515079425,3.780247866,1.0,6.505178668,1,0.0
38.0,8.584424522,5.753479815,2.471892841,7.487035307,234.1312477,100.0,1.962797439,2.309135912,1.0,5.94081003,2,2.834916929
31.0,10.34125047,5.404359812,6.815167178,4.844388366,263.9337629,96.81689418,1.563888279,8.265248752,1.0,6.757051431,1,56.22130954
29.0,9.94467044,6.233775208,2.869681255,4.966626676,237.5889079,76.50809503,4.368078147,1.298108926,1.0,5.298813376,2,0.0
23.0,5.437070181,1.93951008,2.203890853,4.34804934,221.8769056,100.0,3.351069706,4.0,0.0,2.380652817,1,0.0
35.0,9.750044453,6.612593224,6.650864517,3.297078774,318.9947284,99.15294403,2.274867145,9.934612708,1.0,8.307763142,2,22.9341319
18.0,5.969082582,2.567690458,7.319588665,6.892752299,296.769598,100.0,0.0,4.69059965,0.0,7.624104709,1,53.6540936
23.0,1.971442273,2.190906472,4.983797738,5.598384287,223.5538445,100.0,1.752220163,4.92323913,0.0,3.732061331,1,40.67679341
18.0,7.093524803,5.001700075,4.408440134,5.524947629,17.45460367,100.0,1.649670698,2.94428066,1.0,4.893892212,2,14.63334839
27.0,4.997282311,3.108757696,4.092664914,6.733184783,165.9822073,98.58304055,0.637769763,2.991721261,0.0,5.462,1,40.84111426
17.0,7.263003307,3.016304989,2.487879943,8.537104722,147.1461857,100.0,0.0,1.478219855,1.0,1.587783136,1,45.22683579
23.0,6.31871987,2.587630778,6.565787947,5.563111603,71.03639407,97.61756301,3.937301629,8.820062502,1.0,3.298740065,1,75.14446346
38.0,6.589385511,2.718087993,4.50798061,5.212399736,149.4984244,100.0,0.545308988,2.045290043,1.0,2.775210815,1,14.52169775
19.0,6.519266439,3.977355321,2.866107355,5.045518521,40.08857723,100.0,2.0,0.726790236,1.0,3.453333856,1,10.28857378
27.0,8.127639567,6.555535422,2.845943956,4.571333101,69.67596752,86.25643044,2.034172454,4.0,1.0,0.032592034,2,0.0
19.0,6.278492602,2.708197303,5.202782921,6.773644614,208.7814201,99.34814532,1.101473547,8.29218222,1.0,5.203941745,1,36.179356595
18.0,5.964988561,3.771381605,3.210746634,7.306424577,220.3394539,100.0,1.835906526,3.750864122,0.0,7.831443127,1,27.13711781
29.0,8.41615099,7.549178899,4.1412097370000005,6.6832804,56.81108332,100.0,0.041338976,5.634856064,1.0,4.527805433,2,21.13447587
23.0,5.402654363,2.473628831,4.1412097370000005,4.419648384,309.7599135,96.05681308,3.851606513,7.104372573,0.0,6.14007895,1,81.48848743
18.0,5.431736363,5.107476229,5.511599784,5.542896863,231.5088068,98.90209107,3.467725848,7.778963844,0.0,5.589901078,1,53.90839744
33.0,8.169587654,3.427713086,4.1412097370000005,4.676215245,92.59611428,100.0,2.734566432,9.733185524,1.0,5.462,1,31.40604877
20.0,12.59738338,5.920831193,0.0,8.033172212,291.2471285,75.3984666,0.225314681,4.733616264,1.0,11.52703637,2,4.903788695
34.0,7.161631525,6.829423927,2.54749061,8.680842089,35.20863923,99.19026754,1.216177434,0.011324882,1.0,4.774289116,2,30.84710345
28.0,5.845906114,3.551201035,6.726461402,6.563605949,165.5081555,100.0,2.427244899,3.686947453,0.0,2.715401578,1,70.15721561
22.0,8.305311271,6.653406527,7.600680807,4.074577131,54.33063916,100.0,2.0,4.682767803,1.0,1.65526767,2,32.10637927
28.0,11.51035567,3.771381605,7.18677207,6.015854091,144.5698765,97.48090751,2.0,8.919445818,1.0,3.331445587,1,47.6442653
38.0,3.245952503,2.396088554,5.400366087,8.13640895,198.9770063,99.32890275,1.31672022,8.297360625,0.0,5.275801863,1,79.26135093
39.0,6.265892561,2.85441581,1.340900812,6.36178305,238.5721965,91.20387086,1.269247132,2.222727306,1.0,6.862396549,1,7.856384162
22.0,7.830694176,3.34432265,3.022594686,8.102146792,165.9822073,100.0,0.711117201,1.130713446,1.0,2.770876383,1,18.74602926
28.0,3.149296794,0.808276602,0.0,4.267571953,251.2045682,92.9592991,4.899176617,4.078855365,0.0,8.243438323,0,6.71490645
30.0,8.210011485,2.028684762,5.511155807,7.424766667,229.3792007,99.88252015,1.614006286,7.909768913,1.0,6.837155086,1,64.16274153
22.0,7.341213158,4.775332381,3.995806264,6.066052571,198.8642849,96.90870921,1.674497291,4.0,1.0,4.855554673,1,8.262438428
36.0,12.51285727,3.771381605,3.53120211,4.041497929,27.20835717,99.84206431,4.219279772,0.694380108,1.0,7.417460724,2,38.0421617
25.0,8.464157329,3.771381605,6.619276603,6.497738446,269.7771969,100.0,0.331446074,6.892065697,1.0,6.849951224,1,48.25321808
36.0,6.837348138,2.901493207,5.680343189,5.511377018,144.5062095,100.0,2.0,6.086415197,1.0,1.356951038,1,70.13581874
18.0,11.11054744,7.150507428,3.14119876,7.159192517,21.2160177,100.0,0.0,0.0,1.0,6.84524409,2,0.0
16.0,3.913471639,2.044706728,2.699727291,4.871460969,199.4415964,100.0,1.835595189,0.0,0.0,3.34660427,0,36.179356595
31.0,5.688772936,3.340394132,4.492879056,5.027085342,254.5092625,96.76216934,4.718386512,4.072640156,0.0,12.51810915,1,30.80394545
25.0,6.125706508,2.449551603,1.926041694,9.234023863,209.3574923,100.0,2.370637706,2.374133804,1.0,5.67184479,1,46.5663855
23.0,7.0,7.189199849,0.372157963,8.972861068,268.6569843,85.03555774,0.0,3.48031282,1.0,6.660663319,2,0.0
18.0,7.337776407,5.876047862,3.583738516,5.809766584,36.84008457,98.66987652,1.340444847,3.683487968,1.0,6.730392946,2,23.77628683
34.0,7.846673291,3.737865149,7.106325073,6.517502160499999,249.6156982,96.9848988,0.0,7.958913232,1.0,6.562217178,1,47.43677729
30.0,5.944914649,4.562908502,5.837051845,7.397193968,79.98904351,100.0,3.561932578,7.289299131,0.0,3.224095065,1,54.58992678
28.0,11.24696479,7.176730231,6.395393338,6.711111401,37.28225122,94.56481788,0.0,4.908187971,1.0,5.462,2,62.96856222
16.0,5.980501331,2.934367811,5.678623764,5.413786164,225.6623162,95.22159571,2.701887791,5.692487884,0.0,2.969829487,1,51.56900985
27.0,12.06096701,6.550791296,5.34196512,6.517502160499999,112.0400563,99.49511466,0.680635261,2.669125776,1.0,2.226533078,2,0.0
27.0,8.410278137,3.372469614,7.646756495,4.005681223,237.44776,100.0,1.352086672,7.600611727,1.0,10.45881588,1,54.98246531
18.0,2.849068982,1.911754464,4.448490384,5.522454115,95.01783323,96.8201435,2.012936466,2.72904547,0.0,-1.245121224,0,63.37198568
29.0,10.53765184,8.553962715,2.080789464,8.786425519,265.5994105,76.84559302,1.804001487,3.809015879,1.0,13.12389497,2,0.0
33.0,7.0,9.795796111,4.897562881,6.902075491,536.584953,100.0,1.48112481,0.0,0.0,5.462,2,0.0
29.0,6.036735948,2.750715699,5.841433737,7.842681188,167.6821218,98.55883632,2.488630349,4.96530939,1.0,4.861324006,1,71.51623089
17.0,4.646008341,1.707639845,3.966547166,6.21569656,243.2821524,100.0,2.645915389,2.371484628,0.0,4.953724269,0,38.71881889
27.0,10.57317098,2.14794675,4.1412097370000005,6.517502160499999,210.0060119,100.0,1.136027349,4.016461571,1.0,9.467685585,1,19.80348921
18.0,3.427588924,1.822618718,7.105888776,8.931155203,54.09115359,100.0,1.28170157,7.720760266,0.0,-0.830138288,0,99.43850977
29.0,7.0,3.771381605,4.433624942,4.79666491,150.7459967,95.63136103,0.630525222,4.430760768,0.0,1.784108731,0,36.179356595
28.0,10.50521741,4.062359942,7.43155468,8.028729105,112.3518755,95.60547456,0.0,9.597093891,1.0,6.507868362,2,56.31297581
27.0,1.334588206,0.600203005,6.652418218,5.848843858,165.9822073,100.0,1.992919791,6.263513436,0.0,5.462,0,85.54480888
39.0,10.04002767,6.301341084,0.363409622,5.214917008,165.9822073,99.83457307,1.314303249,2.800249789,1.0,5.462,2,0.0
29.0,5.918328628,2.329853529,0.0,5.184701094,288.6453097,80.17019266,2.241809335,1.976381041,0.0,8.509416675,1,3.352491562
35.0,6.148296446,5.737957137,1.708932052,4.526162403,150.5905368,87.20012994,1.990349673,4.17115582,1.0,6.842250417,2,3.71072287
35.0,4.605455442,2.512100851,5.845872698,6.619909988,26.45469985,96.29471127,0.620827211,4.387421714,0.0,4.731021732,1,72.16826694
34.0,3.484291212,1.747688714,6.422555364,5.547059207,274.7688457,97.8441322,1.872242627,5.809639175,0.0,9.371640796,1,74.11307891
25.0,4.453648412,2.893902101,1.656327371,7.32283177,127.0902534,98.80933396,0.779665091,0.72020777,0.0,0.584392751,1,18.30367219
29.0,8.955123815,7.049541667,7.025409741,5.228610433,0.0,98.52216636,4.149238144,6.130724668,1.0,4.349465684,2,31.78269179
16.0,11.97535424,9.472178223,8.186853569,4.151768319,129.5244427,84.18342829,3.66083259,6.235546461,1.0,4.048698408,2,4.959419154
39.0,7.0,7.115011412,6.06206253,7.034742971,199.3142841,91.13624693,2.0,5.68919765,0.0,5.462,2,4.035369357
25.0,10.85406514,3.771381605,0.166852247,6.517502160499999,277.5628559,62.5019757,0.0,1.188283622,1.0,9.744184607,2,0.0
27.0,4.272844435,2.360308761,4.744097686,4.732667641,145.5703594,100.0,2.969800462,7.178196255,0.0,2.313188948,0,58.36926365
19.0,4.322167692,2.868928362,6.959650174,4.62082145,165.9822073,100.0,3.053215093,7.518685606,0.0,5.462,1,59.04056213
16.0,10.48095726,8.784693473,0.881648549,6.060883195,229.334487,77.17766031,1.89338033,1.521314115,1.0,4.807269804,2,7.459654568
31.0,10.08249621,8.103094834,5.281292804,6.374847652,293.263882,83.38247261,2.147100424,2.81984652,1.0,12.1117317,1,24.48777827
20.0,5.722183488,1.80012107,7.753741382,6.5170915,134.6945421,100.0,2.097667221,7.130676667,0.0,4.922580031,0,78.98736391
36.0,7.128358596,2.560864981,2.734395789,5.178548969,55.10637648,100.0,1.906113739,0.0,1.0,3.710367433,1,10.96024478
37.0,5.927496471,2.521875661,6.605707187,6.029090784,148.1462298,100.0,2.0,5.962296618,0.0,1.907306125,1,43.89210382
29.0,7.0,2.539342753,7.142825966,6.666616801,336.5281358,99.52951377,2.267718123,9.829428611,1.0,11.21487494,1,75.51673367
20.0,5.547918706,3.897321809,7.129027649,7.925787481,258.3005606,98.05265359,0.151633826,6.652078056,0.0,5.571946794,1,80.42817341
36.0,8.669231065,8.008269345,8.446001608,4.976313895,233.0241498,100.0,1.66590999,5.067811843,1.0,5.208762146,2,44.25158453
29.0,4.780908709,4.190805173,5.630329617,8.803637791,66.95704378,100.0,1.259235131,1.380771375,0.0,-1.350040836,1,56.49933184
17.0,11.43602101,3.267322242,0.64651284,3.822334509,165.6753628,100.0,2.0,3.300383633,1.0,9.811944897,1,8.528987797
31.0,7.0,7.837517396,6.899868883,8.036515516,162.8629264,99.23136873,0.0,8.381488844,0.0,5.462,2,36.179356595
32.0,4.53759934,4.305977448,2.630854812,8.446310695,66.90527615,100.0,2.018536748,3.536892225,0.0,3.238010656,1,39.17182785
33.0,3.611732517,0.667691974,4.1412097370000005,5.095991111,107.7309264,96.69570985,2.8888679,5.073897637,0.0,5.462,0,66.62484357
29.0,3.676380233,3.771381605,7.784515906,7.308777465,137.5219997,100.0,0.0,7.389568543,0.0,3.422805695,0,100.0
18.0,7.006651903,3.771381605,3.036159904,7.520087285,167.865917,97.50742857,0.0,4.446858292,1.0,6.283050867,1,31.13199616
23.0,3.499864536,1.548139727,3.613568866,4.351136031,117.0231349,100.0,3.096100327,3.5849626,0.0,2.295241394,0,51.50229395
21.0,8.616712567,3.771381605,6.011206431,7.881122131,119.1774449,100.0,0.468892695,4.0,1.0,5.896782334,2,35.74288499
34.0,11.15310247,4.082470327,2.748866767,8.230368637,280.8168804,96.6299627,1.918955814,1.891996504,1.0,12.16905484,1,36.179356595
27.0,6.129536979,4.565469186,6.916466913,6.935673001,184.2337848,100.0,1.572090786,4.606762614,1.0,7.666467682,1,62.76619513
36.0,5.346241617,3.880938079,6.566688022,4.56950102,112.359744,100.0,3.759758612,7.375005771,0.0,0.608514191,1,36.179356595
27.0,7.0,9.705206161,8.264947057,6.551655797,0.0,97.1611231,0.0,6.238210258,1.0,5.815484945,2,36.47674499
35.0,11.61375035,7.23416031,1.680378291,8.782271922,313.4284862,85.8036315,2.496138996,1.526628562,1.0,3.702989447,2,0.803779133
27.0,2.876737465,1.90787615,5.23939983,7.218187396,185.5652571,100.0,2.722273424,8.065768457,0.0,5.506488204,0,78.89719462
22.0,10.25998677,6.460692859,6.574972047,6.744638761,165.9822073,100.0,0.0,6.857750359,1.0,5.462,2,18.396908
34.0,4.846580154,4.258235441,0.880274674,4.783161673,124.5855979,91.94154143,2.978254498,5.038790396,0.0,6.233939801,1,15.11829626
37.0,5.084184882,4.384381872,4.009636638,5.071498416,94.35724008,99.38961817,3.377494211,3.275498174,0.0,6.111618573,1,43.00329642
22.0,10.64360775,10.43491689,6.660178143,5.836511604,185.1168525,79.90232733,2.001140687,5.481477465,1.0,7.3847098,2,10.41040523
36.0,11.97065419,7.669385517,4.165818395,6.406434958,67.63999765,98.29383797,5.037738309,4.0,1.0,5.993693905,2,0.0
38.0,7.0,5.959257591,0.983804365,4.144944842,310.8506673,77.69769744,3.210182286,4.378891424,0.0,5.462,2,0.0
36.0,7.893510027,2.798608215,4.833701366,4.694428463,58.74478763,100.0,3.516565176,8.324622801,1.0,2.730373067,1,46.34613774
21.0,5.842365287,3.243561153,3.517143239,5.488710519,196.4779948,96.61608801,1.931478581,2.264293843,0.0,5.462,1,53.64949492
38.0,5.283277705,4.115684765,2.4308677,5.929194593,165.9822073,98.71389098,3.327272504,0.0,0.0,5.462,1,0.0
27.0,8.292304375,2.655621538,1.782671051,5.534969336,196.9494223,99.78130719,3.348253246,5.012761043,1.0,3.199841731,1,11.60838975
30.0,7.189605727,4.513471572,8.07682186,6.517502160499999,20.80531319,98.50286396,3.431120224,10.3752409,1.0,3.356192238,1,97.56616676
24.0,7.483111287,7.127328845,2.415393738,8.529406921,165.9822073,100.0,0.875278038,4.0,1.0,5.462,2,22.20173355
16.0,5.911067335,2.866812249,3.319066792,5.515989475,195.1704879,95.6157231,4.266835209,1.156193968,0.0,5.949462032,1,38.95357903
24.0,2.666386624,0.813211828,2.362107663,7.636953353,188.6300665,92.90069993,0.717288242,3.39886335,0.0,2.820721533,0,46.5223523
16.0,9.595901504,6.107201699,5.561007964,5.205184433,115.23694,100.0,2.813823094,5.480798479,1.0,3.113961463,2,36.98184567
20.0,4.827565381,3.926319783,4.1412097370000005,3.989191285,89.8259057,99.58546078,2.320500488,0.0,0.0,5.462,1,26.38131792
27.0,6.21199801,1.38000761,4.7069628,5.816474128,165.9822073,95.94145825,0.0,0.812720941,1.0,5.462,0,50.18585547
35.0,8.775512545,3.771381605,4.051957879,6.227073629,165.9822073,94.86834251,1.106489983,2.750270274,1.0,5.462,1,22.10000654
15.0,7.721066748,6.803423405,5.424287555,7.965024438,171.4350213,100.0,0.97673927,3.933831568,1.0,6.510778444,2,41.67628261
19.0,11.16412264,9.755877275,2.440816494,7.595053043,113.9917905,79.40904454,0.030350956,0.656157215,1.0,7.274776546,2,0.0
37.0,7.477981735,3.655031848,4.780584284,9.7131437,217.8646779,100.0,0.0,2.143200804,1.0,9.23665501,1,64.59641231
17.0,11.19674217,6.687844915,3.768201883,5.898429255,271.6335421,97.49573473,3.113982121,1.311322017,1.0,11.30307493,1,0.0
21.0,7.87614908,3.5530722,6.174035806,5.632110222,281.2124154,100.0,1.097723497,3.624774535,1.0,6.263996844,1,45.73070804
32.0,3.844054435,2.891376884,5.964876993,7.496712365,43.35073813,100.0,0.0,4.638225002,0.0,-2.382206717,1,65.20616243
25.0,7.0,1.788588674,2.303390465,6.517502160499999,244.8260415,96.46013822,1.280135173,0.380207884,0.0,5.462,0,56.11281889
39.0,2.073988311,0.706739777,7.395977691,4.189482169,200.1229414,96.34782223,3.775730471,5.263951272,0.0,5.5831309,0,79.64970993
15.0,7.0,1.684885909,2.791984129,7.252917822,208.8120178,100.0,0.0,4.206085142,0.0,5.462,0,66.05459493
28.0,6.396666382,5.284341966,7.5353224,6.009592069,160.0879997,100.0,2.0,6.47332425,1.0,5.334172975,2,57.68009153
27.0,8.307516223,3.143608468,4.387893717,8.563720313,112.9673205,100.0,0.0,2.715560542,1.0,3.838367493,1,37.47133846
30.0,1.910652551,1.775448428,3.639739646,5.161642145,209.932902,95.10763337,1.465992601,0.441216313,0.0,5.031588927,1,55.98350576
26.0,6.478108308,3.771381605,1.700170069,5.752010002,73.24776559,100.0,1.724287411,2.494055969,1.0,1.153631626,1,38.30837728
29.0,8.802875941,3.510828771,1.800448774,7.399499028,290.7747391,87.5078059,1.586668226,2.17444046,1.0,11.54720344,1,5.498323776
31.0,6.878038535,3.835424829,4.1412097370000005,4.86823634,73.31288173,100.0,3.866801296,5.743850846,1.0,0.937907026,1,48.10818422
19.0,9.07831748,5.862664144,2.743954502,4.369421358,76.96225268,89.07991686,2.753647855,3.350435497,1.0,1.306389465,2,0.0
34.0,11.53864566,7.446942984,5.337654577,4.616700255,241.2545817,91.10584551,2.179944874,6.429613306,1.0,13.5177813,2,26.20063885
31.0,7.126277128,5.277023201,1.953432421,6.898348642,236.4725957,93.28302872,0.734258126,1.605405766,1.0,7.976333723,1,11.40336984
18.0,9.940772232,6.682561921,2.270831036,6.517502160499999,265.1866617,75.16116175,3.445944718,5.636683363,1.0,9.807286289,2,36.179356595
16.0,5.920626877,4.279687576,6.991971644,7.722168295,207.3637896,96.87119098,0.0,7.349733916,0.0,1.270086043,1,56.536593
39.0,4.082235343,4.730013959,4.075153137,6.548825126,236.1083474,97.72400281,0.24822707,3.353991256,0.0,5.462,1,58.33278534
15.0,7.0,2.289481916,4.401302217,9.357082761,0.0,99.27711301,0.49587347,0.181583061,0.0,5.462,1,65.07244644
24.0,4.202741921,2.917160078,6.844406893,9.254522607,165.9822073,98.52718976,0.0,7.883741937,0.0,5.462,1,36.179356595
25.0,5.995525468,3.771381605,4.212500021,6.517502160499999,78.05004327,97.72362567,2.0992234,2.55297069,0.0,5.07482928,1,39.1919612
27.0,2.639588138,1.601900358,5.347554652,6.463459887,235.5522797,96.10120884,1.699492729,9.013550298,0.0,6.767591045,0,52.76676546
38.0,11.28422914,8.353349478,6.613751862,6.128378933,204.2037569,88.84328737,1.164412485,8.156892072,1.0,8.793509339,2,35.15409623
27.0,7.0,3.771381605,2.326902831,6.517502160499999,171.5685732,98.49831117,2.060554515,4.678766867,1.0,2.073265328,1,35.69952467
16.0,2.038607748,2.05725902,1.759222448,6.308735829,288.9070095,100.0,3.915830206,1.137857854,0.0,3.96645762,0,32.23658172
34.0,3.275190233,3.771381605,7.055707968,5.738834381,287.7849804,94.72308413,3.306661866,6.775101856,0.0,8.650374023,1,81.28710956
39.0,7.0,4.560571945,5.38887443,8.419992316,228.9720199,100.0,1.118216878,1.942947193,0.0,5.462,1,52.71166746
35.0,9.64773047,5.097378596,4.1412097370000005,6.683888339,184.5355554,100.0,0.351839543,3.491082149,1.0,5.462,2,50.16796872
36.0,4.370757948,2.680149864,6.702554457,8.78881933,0.0,98.66837637,0.046817588,5.107694085,0.0,-1.488699587,1,98.88149157
34.0,11.80816471,5.140598942,2.152524983,4.024789505,213.4286581,84.71457679,2.747778246,3.178045781,1.0,8.251949409,1,22.46029442
36.0,11.16964371,8.199098066,0.0,5.334174083,117.9502948,75.26822957,3.058362383,0.0,1.0,10.3291274,2,3.238844405
35.0,4.910422641,3.506211506,3.304148246,7.055428734,210.6841682,91.14071371,2.45724882,4.833698881,0.0,8.674594326,1,61.98191599
17.0,9.909975566,3.771381605,2.910648023,7.903086713,572.6117744,89.31741998,0.986930379,2.492809487,1.0,9.123740553,1,0.0
28.0,8.130929943,6.56417762,0.47021322,5.691944671,224.312417,74.17274849,0.002446665,2.104945236,1.0,9.513792868,2,7.540689817
36.0,9.694864361,6.666033743,4.1412097370000005,8.798930998,116.4108752,99.60816676,0.494579664,8.435133084,1.0,6.594741207,2,31.63480426
38.0,10.64708184,6.186626011,2.717538352,6.588226833,254.5744967,100.0,0.810661608,4.511862996,1.0,9.459022461,2,17.31073591
32.0,10.00716799,3.077264451,7.602557181,4.900097985,54.92465523,98.98721959,4.47231046,4.915995888,1.0,1.413989795,1,74.0835756
30.0,6.613093522,4.017216489,6.964683264,6.582922345,131.7217836,100.0,2.633499291,7.422668256,1.0,1.011982343,1,65.62908699
16.0,11.05824369,9.822075223,8.370907161,4.260206733,152.6996665,93.53497156,4.507852672,2.393540031,1.0,8.701376435,2,0.0
34.0,4.658943808,2.591203002,1.067384487,6.509578934,69.22319165,100.0,0.0,3.189151496,0.0,3.327871473,1,17.16547092
38.0,10.18097058,3.227868833,6.796372544,8.205430917,217.5913979,97.97855179,0.888330384,8.240828073,1.0,8.35754062,1,87.27185698
27.0,10.57601726,6.642939468,7.295175129,4.971136589,98.76706716,96.14653724,4.151988074,7.356953182,1.0,5.496311598,2,39.85224844
36.0,4.175542484,2.591825144,4.465379322,7.326649551,166.5707973,100.0,1.559134646,3.054645093,0.0,4.602555037,1,36.179356595
36.0,8.967127383,5.410759385,5.855199706,5.699385533,184.7151167,100.0,3.004590564,8.338742694,1.0,7.111199651,1,62.95954139
35.0,6.047643321,3.771381605,1.602181236,3.369482861,138.1748232,100.0,1.228021672,2.564665252,1.0,6.701467936,1,14.32714868
15.0,2.547009912,1.386828297,4.1412097370000005,6.622336093,271.5316782,100.0,1.899864861,6.477030555,0.0,5.462,0,40.76526228
16.0,2.024636542,0.526902623,4.409101163,3.546567555,106.5065008,100.0,3.285123171,2.894914686,0.0,4.184533482,0,52.54594822
36.0,6.543237455,5.434546502,4.574084779,6.434503218,306.733798,88.73212285,2.028536419,5.223108085,1.0,6.558603009,2,26.09406625
33.0,16.0,6.904561456,2.904881512,7.466531557,471.4993028,93.2281014,0.906199003,2.465368751,1.0,17.03744676,2,7.678439855
27.0,11.79745475,4.254967792,2.257102482,4.392958218,276.2706922,88.8331823,1.907730993,0.913453521,1.0,8.381027859,1,0.0
30.0,4.385994968,1.198311853,5.366131167,7.169053693,206.7961912,100.0,0.0,7.050595692,0.0,4.385820229,0,100.0
16.0,5.818817004,2.010049007,0.521805923,6.717861962,279.2446055,90.87366063,0.473482208,0.0,0.0,7.01809695,1,0.0
24.0,9.631495684,5.317161486,5.114569483,7.507450692,224.3791402,94.64711678,2.021367751,1.388279542,1.0,7.817389221,2,27.92824583
31.0,11.87360105,6.372253776,8.072898637,5.391845856,143.3036576,99.79918931,1.624607204,4.707850803,1.0,7.851806172,2,54.00644658
32.0,8.591629501,6.759607524,3.394564075,5.721688833,166.8203624,90.01304226,1.030806295,1.160712325,1.0,6.765958583,2,10.02457719
33.0,2.203443661,0.531495543,2.567272545,6.907029463,102.493685,98.94777688,1.233473502,4.085142306,0.0,6.30313122,0,70.97479338
27.0,9.533773226,7.157910591,4.468265489,8.593967648,188.8514046,100.0,0.285566758,3.911765607,1.0,8.79527398,2,22.52582507
23.0,4.587253863,2.675529134,3.139948789,5.411495272,265.3198345,100.0,2.59141989,2.079592415,0.0,6.201132348,1,11.03478163
23.0,6.211453595,3.771381605,1.32464133,5.841073765,50.28526906,95.17437422,1.625977308,2.789461338,1.0,3.541828514,1,18.94328685
32.0,11.81994066,3.839762378,7.083221878,6.582411503,165.9822073,98.67522012,1.307828522,6.551577847,1.0,5.462,1,70.61117319
27.0,3.925318581,3.896202267,5.002046435,4.558437625,279.3269872,93.00037574,2.755610451,5.794238243,0.0,7.457232259,1,25.5355902
35.0,3.31910448,2.236213159,5.834308883,7.897426128,170.4593762,98.77867418,1.789390307,6.18934732,0.0,0.850342972,1,62.68533846
27.0,6.050556759,2.740837493,1.370020212,6.590871841,94.11569633,97.61450869,0.700578141,6.283038606,1.0,5.769894323,0,36.179356595
22.0,11.16419943,7.361602935,4.35032422,4.366931138,175.8683235,90.20546353,1.41608736,1.810501873,1.0,5.37818586,1,9.591266349
38.0,11.78228847,4.710968601,8.46274317,5.155263208,166.6353325,100.0,4.299031001,10.42081646,1.0,7.764727567,1,36.179356595
20.0,5.740087607,2.558144596,3.194655549,3.988316969,159.0345096,100.0,2.569714416,2.281635988,0.0,7.292531463,1,39.79643008
25.0,6.306866575,3.878341305,7.626534309,9.129108493,63.31042512,96.19705231,1.700138319,4.0,1.0,2.731145194,1,100.0
27.0,11.23577259,9.418765096,8.17239691,7.380866234,0.0,99.11559567,1.305912011,8.348228672,1.0,-1.485323267,2,29.12273249
16.0,2.433163789,0.858433671,1.22756022,6.212716195,256.0653238,95.95842306,1.614715857,2.852277219,0.0,2.404911355,0,41.18440324
29.0,12.22599608,8.391643399,4.125423205,6.59932065,76.39506903,100.0,0.4792385,2.547913769,1.0,7.528706579,2,36.179356595
35.0,8.697637579,1.340305047,4.1412097370000005,5.111565982,165.9822073,100.0,2.490329271,2.697847653,0.0,5.462,1,36.38302965
23.0,3.40692688,1.169570575,6.296687509,9.059470536,229.5582395,100.0,2.0,4.0,0.0,5.625375835,1,80.41759291
18.0,1.961934261,1.829145601,4.960554668,6.274569263,123.1952256,100.0,0.525559211,5.35806162,0.0,3.926357617,0,41.97021449
27.0,7.0,4.365450366,4.117234683,6.517502160499999,20.55342946,100.0,2.290882695,0.410029148,0.0,5.462,1,20.48594558
21.0,3.244489117,3.771381605,4.389043751,5.668951938,111.4406995,100.0,4.634524116,7.134805315,0.0,2.051394957,0,64.54351604
27.0,6.424350944,4.460304751,5.188914947,8.319919866,165.9822073,99.29931918,2.0,2.796368468,1.0,6.022408032,1,39.39669226
25.0,9.766363276,5.540040386,4.042228409,3.98968916,300.7150499,100.0,2.554099283,0.929082094,1.0,10.10259774,1,28.17822566
27.0,5.809896739,6.534780129,4.551875206,9.14208641,49.64076223,100.0,1.946042431,3.187677113,0.0,-0.413463132,2,43.14363786
35.0,11.17076896,4.751341057,2.809214228,5.237542046,246.4367824,92.48748491,5.50224769,0.0,1.0,11.16139332,1,16.01722346
38.0,11.07406184,8.104422653,3.050551092,9.176432746,165.2444104,89.48694678,2.147419779,1.986532835,1.0,10.70770731,2,36.179356595
33.0,7.0,10.55385313,4.1412097370000005,6.855936075,492.8301382,100.0,1.751820128,1.656283477,0.0,5.462,2,5.296734185
35.0,7.0,3.46106401,7.603506,4.132907777,292.1865575,100.0,2.0,8.741069803,0.0,3.983632018,1,67.20050393
29.0,8.029525936,4.778232141,4.567578057,8.93073275,190.7004467,100.0,0.014928567,1.647782807,1.0,7.938397792,1,46.32063374
38.0,4.865893504,2.017088858,2.190212083,6.751118519,548.0310648,96.11643345,0.732128515,1.024291478,0.0,9.037699882,1,32.11324565
39.0,3.704164369,3.200307403,1.109329351,3.546121145,182.385052,100.0,1.8687956,4.405032748,0.0,7.499459538,1,15.98202807
25.0,10.2883789,8.31693816,2.486720408,3.538056831,203.658107,72.38408109,2.038179736,0.461918361,1.0,10.52507841,2,6.804779366
33.0,3.90949834,2.943461779,5.478021024,7.320836989,253.1023683,97.84099877,1.258019544,11.47477802,0.0,2.189670614,1,61.93907927
32.0,11.46339614,3.789957377,3.534338538,4.140344629,145.3774866,98.69920359,2.269813356,2.841123754,1.0,8.375375561,1,32.73398376
31.0,7.731654695,5.249916165,1.693340632,4.401079377,123.3566741,95.27517431,3.375022852,4.162932865,1.0,7.116249755,1,0.0
37.0,11.04286926,9.454760351,6.500131717,7.216230621,274.5159076,88.41945482,2.934431217,4.481898283,1.0,11.13903252,2,0.0
19.0,18.39952914,7.228705287,4.569995939,8.447543735,427.2416663,96.77508714,1.334011042,7.292091003,1.0,8.879404933,2,31.92436119
22.0,11.66729659,5.509554535,8.224702412,7.013473143,269.4742234,100.0,2.154361376,9.171880826,1.0,11.85962478,1,73.7007563
38.0,11.40243443,9.856777119,4.1412097370000005,5.172318271,231.5462209,56.88907923,2.0,3.581237211,1.0,5.462,2,10.86815117
19.0,10.82568471,5.441486724,3.558468183,4.544744892,14.81341535,96.90168168,2.0,2.531594222,1.0,5.758269962,1,36.179356595
36.0,4.695498075,1.931257722,4.1412097370000005,8.200825517,208.3046397,96.96436015,2.53911996,3.108760461,0.0,6.727132374,0,36.94422991
29.0,8.665944015,8.345513061,3.698507378,7.931280542,76.28712948,100.0,2.45440521,4.408551974,1.0,6.554596522,2,25.52433788
26.0,5.419367157,2.133759037,8.490527719,8.721130549,42.15192179,100.0,2.424705358,5.68173579,0.0,4.089811586,1,36.179356595
18.0,4.634293869,3.255327374,7.482404171,6.517502160499999,36.99221036,99.28216312,0.348093376,9.333865687,0.0,-0.964292517,1,75.4277749
23.0,7.0,2.419398914,4.541662062,3.768939036,280.44532,98.60019123,1.236353335,4.409230535,0.0,5.462,1,37.10495909
34.0,9.450484423,5.608617026,7.950477876,4.834283568,44.60422181,95.01687923,2.680717779,8.678693714,1.0,4.861975362,2,68.78828994
35.0,7.946106767,3.115069492,4.227525526,7.580677808,85.56318954,97.44106214,1.363826904,4.083971878,1.0,4.041729269,1,37.36878712
19.0,2.00805399,0.455812658,3.75094154,6.517502160499999,47.37975396,100.0,0.936379545,4.172692123,1.0,-0.991249108,0,82.08445544
29.0,6.297569983,3.771381605,7.531945306,8.124141506,152.1194815,99.01030677,0.789203847,6.622548429,1.0,4.324219229,2,100.0
15.0,4.411934799,3.581231502,6.8008923,6.619463578,111.6567932,100.0,0.210073976,3.092064269,0.0,2.970189581,1,56.96715461
23.0,15.70322917,3.822323916,4.02101635,6.33451952,594.2435432,100.0,0.709170852,4.0,1.0,9.033910138,1,32.24083801
32.0,10.609363,3.659501829,6.159205404,7.583691605,165.9822073,100.0,0.904893632,4.0,1.0,4.472326463,1,60.77431415
25.0,3.833512173,1.743879403,6.681334584,7.796569646,146.7095266,100.0,1.971320823,6.264484846,0.0,4.065223786,0,79.6871542
38.0,11.3525497,9.474662466,4.1412097370000005,8.414727725,254.3432051,73.34194517,0.0,2.357740016,1.0,5.462,2,11.96179359
27.0,4.597512136,2.32979226,7.651541763,6.287091115,118.8083291,97.70523428,2.998520141,7.757363447,0.0,4.812611171,1,100.0
19.0,3.391626582,4.012173844,3.349494051,6.336104409,53.37639222,100.0,0.331523701,2.411866264,0.0,5.178906217,1,37.9426986
34.0,7.842400448,4.813054005,3.492775003,7.627354511,220.0332065,100.0,1.404609784,2.77323873,1.0,5.648834297,1,35.30729914
17.0,9.112551353,5.120632104,5.624326236,7.156023459,89.39265995,96.98837094,1.563962713,7.598443861,1.0,4.776611082,2,25.09754985
29.0,4.902336344,4.800392567,0.829343667,5.800527286,111.9965984,86.40305336,0.023121864,1.494228819,0.0,6.386624374,1,0.0
35.0,7.0,1.665567426,1.39856118,4.538014111,556.1999424,100.0,3.20520104,5.08154188,0.0,5.462,0,34.34880205
17.0,5.803442467,3.935737512,5.61042886,5.731899242,25.235458,100.0,2.774923899,7.323605459,0.0,-0.981747341,1,46.28155036
26.0,6.245362965,4.175704178,1.899552722,8.643074137,199.5138884,100.0,2.04367395,3.184817543,1.0,8.272689601,1,33.66275055
27.0,7.0,3.771381605,5.78866932,7.052397145,31.83824806,98.78777421,0.082659309,5.95469152,1.0,1.338505936,2,20.8994711
36.0,5.087548267,1.321066121,7.750966185,7.602095745,256.3289472,100.0,1.497436973,8.116410544,0.0,5.746001504,0,100.0
29.0,3.557546451,3.226522082,5.605332635,6.517502160499999,84.42261835,100.0,1.249154884,4.0,0.0,5.462,1,82.30812394
37.0,5.021928653,2.767671897,7.719736182,8.293875147,204.2580845,100.0,0.630986615,11.36554869,0.0,5.869398111,1,74.90288321
22.0,4.542148117,2.380406567,3.955271431,8.126309604,31.89922351,100.0,0.102032497,3.611355646,0.0,0.880393301,1,77.77424908
29.0,8.913040302,5.966339537,4.1412097370000005,8.791625914,165.7458038,100.0,0.0,2.603946852,1.0,8.665217741,2,10.88762451
23.0,10.15706002,4.032830084,7.974637658,7.721450146,215.3729239,98.57624658,0.0,4.789621874,1.0,6.56383427,1,100.0
29.0,2.639050626,1.416144586,5.742217115,7.231459706,298.7543026,95.6230398,0.507242605,7.869342356,0.0,4.609480057,1,80.02816212
21.0,7.024933331,5.503286508,1.473281814,7.127015488,170.7169497,79.6961394,0.315401414,0.0,1.0,7.309292595,2,5.989122819
20.0,3.437218587,1.501193119,0.0,5.56110471,203.6985841,100.0,1.793681992,2.160515725,0.0,3.643833226,0,17.0191522
27.0,10.86788575,5.331744899,4.814667991,7.2547525,295.1779853,89.41152309,0.313459285,2.632732214,1.0,13.48956851,2,19.08075496
39.0,7.572833292,2.384732775,2.709103964,8.522422788,265.9150901,100.0,2.449928196,1.002942949,1.0,8.663225175,1,44.83389117
22.0,6.626402546,5.820536399,6.272146298,8.337643996,288.0873649,95.63748018,3.085646389,5.924752284,1.0,6.060783856,2,36.179356595
34.0,7.610859645,1.521289035,5.459490583,8.656268044,184.1508625,99.45407719,0.986425334,6.921524017,1.0,5.051918671,1,65.71250302
33.0,5.624306357,2.698787098,7.003693358,5.671515716,165.9822073,100.0,2.092615279,8.30288293,0.0,1.089188509,1,84.78907034
36.0,7.419706221,5.685568283,0.867483786,7.579554697,177.2472286,100.0,0.985071663,3.203831026,1.0,8.986207843,1,11.89656597
30.0,6.685062515,3.685272331,3.579774228,4.789162808,252.8448222,94.04857039,4.192160959,1.569870207,1.0,5.536460512,1,15.33749698
27.0,8.727095754,3.771381605,0.0,6.717321174,255.3107434,67.76204713,0.239020445,2.388411198,1.0,8.732195239,2,0.0
27.0,8.240167506,4.249543542,5.801078596,7.82563306,76.85774678,98.90370443,0.553270656,9.472579596,1.0,3.817894127,1,64.07461529
33.0,3.809301934,2.916605406,2.311695174,6.517502160499999,31.86777842,94.73778924,0.550924951,3.58253759,0.0,4.933441521,1,31.03029353
39.0,9.356803669,8.54388776,6.081986517,4.713959183,268.0533159,80.25138577,4.311617964,6.686636443,1.0,10.21316009,2,7.15333379
29.0,11.23645332,5.224425602,7.444251885,5.4602891,327.0780779,92.65471505,2.906103693,8.57673169,1.0,8.446386174,2,63.01462181
35.0,2.797629491,0.871198853,7.753667949,5.026671087,89.40983775,99.02333241,4.016054236,6.90898632,0.0,0.922981857,0,100.0
22.0,8.713257597,5.410331768,7.79493729,5.702207707,73.69469059,99.98902243,1.63305938,9.264196252,1.0,6.357550894,2,76.90934006
15.0,9.891053845,5.3113236,1.098197035,7.72486994,98.66249551,98.65842869,0.731172969,1.642573885,1.0,9.123871239,2,11.09532707
39.0,9.991893209,4.388984526,2.393139066,8.324373179,218.630543,100.0,2.0,2.095053273,1.0,10.0441393,1,12.78658445
20.0,5.430050636,1.717943534,8.046647452,6.649938681,135.3088708,100.0,1.349818951,4.0,0.0,4.561206196,0,89.27171557
23.0,7.0,1.67437542,4.912370347,7.431805745,202.2193737,100.0,0.0,6.50784823,0.0,5.462,1,52.8468589
28.0,11.51989656,5.338646589,6.673762221,8.793888302,205.9845406,97.2240197,1.316097423,3.030941146,1.0,11.53411845,2,36.179356595
21.0,7.801628041,6.527299711,8.161430886,6.725476343,251.2008845,100.0,1.206376157,10.78573494,1.0,5.986108037,2,24.60975721
37.0,8.905900985,6.392058207,1.76565421,8.203615867,156.0432076,93.07690742,0.212292659,1.51019268,1.0,8.16352032,2,10.91148378
15.0,11.89401294,9.2568625,1.022375119,5.694961526,197.1704576,61.30406102,0.0,0.0,1.0,10.93709957,2,0.0
27.0,14.64650793,8.276551725,7.007171176,6.733767975,441.9043,100.0,0.607550714,10.44367685,1.0,11.3165039,2,22.03452807
24.0,9.252165674,4.273091983,1.82283505,6.910990377,157.4498345,100.0,1.095113308,2.616518584,1.0,7.126033611,1,33.73352858
25.0,6.772553117,2.620250682,2.044273028,6.517502160499999,185.2125011,98.20336348,2.377868005,1.170020237,1.0,6.883994603,1,48.24577635
37.0,11.50468577,4.820857391,4.464784069,8.119496156,165.9822073,100.0,2.0,2.493052027,1.0,5.462,2,34.22164756
18.0,9.927649535,2.480770447,1.492731142,6.235328103,184.0212822,100.0,2.601448046,1.641417709,1.0,8.117961952,1,16.65651325
38.0,10.12808604,6.184224422,5.831300548,8.268521073,165.9822073,96.6974374,0.172369532,11.05588542,1.0,5.462,2,42.42694839
23.0,10.38324841,7.730396041,3.064262245,6.145041809,146.7536073,85.99972146,2.0,4.0,1.0,5.553139866,2,3.842593826
27.0,7.0,8.8289296,1.300478952,6.784300215,252.5522155,69.77361227,1.521952185,0.823707021,1.0,7.336618226,2,6.914351685
15.0,11.5726522,6.278127531,6.238057102,6.266453775,269.2481261,98.96600405,3.703726309,8.750824742,1.0,8.126888908,2,15.32584551
15.0,2.463741589,2.194829634,3.28979018,6.304149403,165.2955574,97.27583372,1.717247949,2.59784259,0.0,5.039338723,1,35.79897285
16.0,6.917085116,4.256157578,7.086290971,5.988305348,227.4552918,100.0,1.106796043,3.320935288,1.0,7.565115346,1,71.52900726
31.0,9.128230323,2.352934454,4.1412097370000005,8.413164983,276.0615664,95.82953254,1.205859641,3.411235374,1.0,5.462,1,60.87807283
38.0,4.011480079,1.559965423,7.774937024,3.278072228,162.6503677,96.59968935,3.88031873,8.53827977,0.0,4.749889299,0,67.11878448
36.0,10.89469729,6.944802881,5.189711508,7.63386149,271.4321057,93.47435637,0.491201145,8.610340424,1.0,9.83115587,2,40.88057824
37.0,8.417907039,6.616923693,0.547568661,4.755061903,21.55021764,73.54127454,2.819449118,2.007260688,1.0,3.439659452,2,0.0
29.0,4.558813573,2.059072109,7.383213703,6.841554537,326.9512716,100.0,0.036608295,6.268322408,0.0,4.713154913,1,90.99821402
24.0,7.171537507,2.653070535,3.39631542,5.757936198,69.91029506,100.0,2.480795604,0.609575444,1.0,1.440843576,1,38.60485587
35.0,7.412895184,4.57715091,5.632770148,8.722121964,191.4479621,94.6832946,3.248287665,8.425664499,1.0,5.391233204,2,61.32059676
38.0,6.170004935,3.930666928,4.1412097370000005,8.622285871,25.66507182,99.49408185,0.61643736,1.946031914,1.0,5.462,1,53.85742018
17.0,8.377889841,6.487388395,4.1412097370000005,7.224415493,67.97138647,76.31828367,0.678320817,0.0,1.0,5.805402732,2,12.50912543
33.0,11.10590745,8.265543642,2.67041646,6.689361219,131.5873498,92.49253548,0.375673499,1.307166183,1.0,7.429469757,2,17.08384929
15.0,7.017596394,4.299289396,7.520857178,4.707573791,41.56404502,99.19709101,4.159351505,7.585535776,1.0,-0.026928949,1,77.99575457
28.0,9.446851251,6.020251152,4.1412097370000005,8.842193024,83.1506374,99.75750698,1.05191374,4.202969657,1.0,5.462,2,16.36701759
36.0,8.305966931,5.718784725,5.924474607,5.3682754,178.9511843,97.76515318,3.451284032,8.514173136,1.0,4.303746997,1,71.90140165
27.0,8.07679729,3.771381605,2.874110799,8.429465854,102.7948115,100.0,2.414033457,5.703772468,1.0,5.473286573,2,5.157807953
34.0,12.52641013,6.41831506,7.094805839,7.935413695,18.22151139,96.14926173,2.378425069,9.613283115,1.0,6.505228346,2,72.74340783
34.0,7.539683157,3.988071183,0.120579706,7.945467612,258.0519352,83.54079803,0.0,0.56054488,1.0,8.979369311,1,1.852975038
38.0,3.408296808,0.808819821,4.506563153,6.514774899,105.007568,100.0,2.31560245,0.900306413,0.0,0.838452587,0,63.76986141
37.0,10.56288487,6.672636328,8.105838001,4.683428958,295.1227421,99.24591861,2.58363282,9.926208293,1.0,10.36946676,2,33.41099556
32.0,4.113205393,1.705123342,0.0,5.762943214,173.4419246,92.17819205,2.621846779,2.539153594,0.0,2.846330302,0,10.72830915
27.0,3.368260894,2.740135052,6.877667775,6.151551909,72.04897225,94.56494939,2.465063209,5.021371788,0.0,4.545905726,1,67.3281363
26.0,11.1793263,8.649805674,2.534594716,6.779170943,19.76688118,81.58547315,1.25831646,1.744561081,1.0,5.789091152,2,36.179356595
34.0,5.400026757,4.405834545,3.931236731,6.672252636,80.72109016,97.12184548,1.860833398,2.328994241,0.0,2.628244818,1,37.85314017
27.0,8.559593145,3.858124123,0.397123343,4.672609995,85.56072647,100.0,3.791400307,0.651704824,1.0,3.039109523,1,0.0
24.0,9.949386963,1.620973019,4.703346901,7.084603514,179.4972373,100.0,1.10486365,1.666003008,1.0,4.849677436,1,39.57174554
19.0,7.256447133,4.553149472,3.30228802,7.629480476,63.73633789,99.84762497,0.898759671,2.015548872,1.0,3.808077609,1,12.38382709
26.0,8.113452007,5.968939997,6.548952929,7.329888626,224.3652063,95.78573038,0.0,8.500596341,1.0,10.36483911,2,51.5418808
29.0,9.756360716,2.661725012,4.050780167,4.954769354,165.9822073,100.0,3.240934532,4.864332364,1.0,6.057148842,1,47.8363415
15.0,10.5133959,5.982973655,6.587213829,8.417827728,42.84600804,97.05677053,2.007111841,4.149482404,1.0,4.831573132,2,70.99923809
28.0,7.026792906,5.305660856,7.677133166,5.882744366,225.3767161,98.35248684,2.653171076,4.850880266,1.0,6.490004425,2,55.71715126
30.0,6.082057428,5.023693953,3.601848409,7.643451765,267.1151819,91.78345132,0.286295232,2.186654065,1.0,12.03086202,2,27.54729626
25.0,10.61992749,3.771381605,0.651847329,6.699074497,272.2332703,66.65848302,0.693101219,0.221680754,1.0,9.676294159,2,0.0
17.0,3.891545706,3.288959601,5.766328281,5.971118963,79.30768365,98.93583925,2.576041894,5.127403367,0.0,4.932963311,1,51.68058441
24.0,7.173750361,4.216156832,4.1412097370000005,5.388912726,113.174827,96.05949415,0.0,2.401981941,1.0,5.462,1,52.02516928
22.0,4.303017826,3.981890726,6.221421393,7.576558304,327.9599774,100.0,3.199770274,3.563082067,0.0,5.437056166,1,80.23014219
15.0,7.0,2.102071278,6.938767465,6.517502160499999,293.6998874,100.0,2.040837378,5.07910351,1.0,6.832850988,1,67.98205382
31.0,7.655609365,4.480071456,4.172583821,8.261287726,165.9822073,99.89932918,0.119850564,1.756894544,1.0,5.462,1,58.18111588
29.0,7.172748256,5.032169875,6.747858597,8.430078193,168.1241341,100.0,0.0,8.386953394,1.0,6.048526125,2,96.35206534
24.0,6.530521393,4.998234208,5.879888825,5.279993608,102.1903486,93.30325561,1.291436849,7.181704107,1.0,-1.1028665,1,47.52695727
24.0,8.562387695,6.173387225,2.633924789,6.517502160499999,165.9822073,100.0,0.973493871,4.0,1.0,5.462,2,17.45388335
30.0,3.608464815,3.771381605,5.277572678,6.334198154,257.5667695,97.94344033,1.701102758,3.450973121,0.0,4.174801607,0,53.72198084
27.0,4.146775847,4.402532333,4.202479572,6.45333678,165.9822073,100.0,1.079834848,1.178959043,0.0,5.462,1,34.8156034
37.0,10.52621101,5.586004784,4.185215752,5.399155933,165.9822073,94.96282441,4.071927323,3.946351993,1.0,2.152250998,2,4.323735709
35.0,3.766795684,2.574204762,4.570001447,7.485464785,127.2256942,98.31383971,2.360271348,3.911385379,0.0,2.327303483,1,51.03925291
20.0,2.079032095,0.114397581,0.395755577,4.751101155,21.24523464,94.96663121,0.878503015,5.002884093,0.0,0.312479933,0,0.0
26.0,16.0,3.771381605,3.434648384,7.246664294,282.2552449,100.0,0.0,1.913362973,1.0,11.76144874,1,39.00994395
23.0,5.172520287,2.084059345,1.60822777,8.829796336,293.6635674,100.0,0.940232603,4.161615387,0.0,4.699849071,1,0.0
21.0,9.910641743,3.771381605,3.395179454,6.517502160499999,131.5605595,93.0192232,0.0,4.95372965,1.0,6.764277781,2,5.962757987
38.0,6.14176958,3.771381605,7.103079834,4.302762562,140.3493597,100.0,3.813833449,4.984135666,1.0,2.163690518,1,40.70056268
16.0,11.69966926,5.278666371,5.530191594,9.27779617,292.6324236,100.0,0.065416453,7.421216815,1.0,6.773354796,1,50.54077246
35.0,5.750008672,1.27250761,7.796180657,6.929866325,140.4683944,100.0,1.553040178,6.873848538,0.0,-0.218036465,0,85.33247531
36.0,10.54731583,6.245794922,2.836618682,6.531341125,277.2790509,93.63427423,1.115362074,2.36067518,1.0,8.420102352,1,5.019471294
35.0,6.837205683,3.284539295,7.801529401,6.517502160499999,243.4443702,100.0,0.326390719,8.314297264,1.0,6.029305905,1,36.179356595
33.0,16.0,5.984519786,5.398592983,8.484961402,520.7591333,98.10970988,1.039047441,6.186985188,1.0,15.67258386,2,25.30244242
31.0,7.395256883,4.19506387,5.001280566,8.639556451,13.23215989,98.48842361,2.432436668,0.260514876,1.0,-0.437193602,1,40.31377461
39.0,5.275226295,1.190694747,0.651529785,7.249099386,133.4022403,100.0,0.0,1.951387183,0.0,3.333491632,1,39.61477536
27.0,14.59762004,9.030892075,7.117464357,6.091247335,487.4025459,96.19780327,0.648379028,6.785522559,1.0,11.45831844,2,17.74861189
19.0,9.703220144,3.189446422,6.739926297,8.893673538,32.36681091,100.0,1.535398545,5.694930513,1.0,5.751224365,1,88.65829104
36.0,7.0,2.5975998,1.715519729,7.619305712,196.5567676,99.06412537,0.0,0.078206418,0.0,5.462,1,32.03687739
24.0,3.169725809,0.989836384,2.391541766,5.753630335,186.7985719,94.0373181,0.399964564,1.157085478,0.0,7.441200986,0,47.76209871
16.0,7.892057034,3.489229788,8.338032341,5.359677666,226.3652754,98.62701434,1.924239086,6.162556097,1.0,4.792229096,1,82.39988675
18.0,5.725337945,2.023121831,6.078676413,6.862393133,263.1613076,98.96483589,0.0,5.465178153,0.0,8.896511332,1,66.72438229
25.0,11.82454379,8.562412221,3.234732348,6.751498308,226.9149256,100.0,1.679181842,4.005767544,1.0,10.29414646,2,0.0
17.0,10.21104336,9.523564902,5.162522661,7.057036458,93.39154655,100.0,2.106144301,7.661162262,1.0,3.780284795,2,21.51819313
35.0,9.895569429,5.309551499,6.649318622,7.927325398,187.4819139,100.0,0.171894452,4.005893257,1.0,5.445589722,2,73.32860584
32.0,2.571013968,1.840184088,6.865342037,3.750870641,144.5840434,100.0,1.458270271,9.448994136,0.0,1.773623806,0,61.88803462
31.0,12.41795039,8.916048562,4.1412097370000005,5.135783118,217.7261715,58.15811679,1.136295537,2.163114299,1.0,5.462,1,0.0
34.0,9.777433803,3.771381605,4.455275642,5.470228613,104.9441333,99.82492192,0.243345925,0.472285909,1.0,6.376826153,1,46.91618511
28.0,3.148258214,0.867733816,2.542957893,7.352019866,121.6779704,98.95585589,0.0,4.410553855,0.0,3.241228334,0,30.2958772
35.0,8.261082934,6.136384702,0.0,6.517502160499999,195.5698626,70.13391857,3.291571581,0.150437194,1.0,7.344897407,2,9.478171952
24.0,9.599726812,5.334651032,3.424943117,7.213429305,187.2099956,90.30946644,2.256765683,1.29261628,1.0,5.462,2,25.89035198
27.0,6.380640536,5.531969535,4.096261327,7.200835718,165.9822073,98.1143211,2.335983183,2.892558009,1.0,5.462,2,59.50687635
32.0,10.58220594,3.958694525,6.779276964,7.30158726,124.0400257,100.0,1.149212301,4.0,1.0,5.396064284,1,61.21875876
38.0,8.701992841,5.486066794,6.763439298,4.603067041,165.9822073,100.0,4.672941662,6.880452631,1.0,5.462,1,3.336546069
18.0,11.78148279,5.537346258,5.267090482,6.517502160499999,6.496201612,100.0,0.0,7.728137284,1.0,4.214137468,1,50.2310103
39.0,4.948486481,3.686231249,7.070468494,4.633805884,37.29176008,100.0,1.27803798,8.377504513,0.0,-1.625908754,1,64.13195771
21.0,6.410036319,3.119497255,0.54062043,4.436735991,148.8880993,95.26395071,3.620482804,1.338229394,1.0,4.014399089,1,17.91950791
38.0,10.43989455,5.295149627,6.019429681,7.385455209,165.9822073,100.0,0.900347947,7.409414738,1.0,5.462,2,34.18956857
30.0,9.954878351,6.631814166,2.184244392,6.671275638,271.1076815,80.97154243,1.258830784,3.009886093,1.0,6.443481431,2,0.0
31.0,8.014994582,4.28679678,2.625053547,6.004431339,148.0303528,94.51784911,0.9088213,1.96858731,1.0,6.724141601,2,38.63739536
20.0,7.188873329,3.724370266,5.71489758,9.112744574,132.4570612,96.65021068,1.100513072,7.424735807,1.0,5.214157709,1,80.18692927
22.0,4.493847063,2.474154853,2.672474932,4.712549365,112.5275539,100.0,0.291247451,2.306304201,0.0,5.721180089,1,37.52059096
28.0,2.03664999,1.220417003,5.339522902,6.475245316,304.3841084,100.0,0.088429426,7.169640206,0.0,6.237711632,0,85.19393878
22.0,11.93138372,7.021386649,4.1412097370000005,6.738548003,237.9967442,99.45330386,0.964222554,4.0,1.0,5.462,1,61.05206682
36.0,4.446631114,2.208072131,6.569244745,6.517502160499999,306.258236,98.87006994,0.0,7.744386447,0.0,6.856998553,0,72.10120636
18.0,6.366855633,4.902644963,4.290691738,4.665500372,35.43702381,90.79456183,1.774993917,3.544193768,1.0,5.300670135,2,8.641166295
16.0,10.45737635,5.545059334,4.1412097370000005,5.454344913,247.1734538,89.54257091,2.864459381,1.737604976,1.0,5.462,2,7.924588198
31.0,10.57407639,3.771381605,7.370946922,7.706446624,211.3047471,97.74629704,1.671055879,10.06895267,1.0,10.38582955,2,56.63700863
37.0,6.45509204,6.045754641,6.293585026,7.022309219,70.90409321,96.23267307,0.0,6.452092368,1.0,2.807227405,2,58.44038061
35.0,9.662469901,4.277827766,6.232723182,5.001698818,165.1770791,100.0,3.35084192,4.545400799,1.0,7.060747258,1,41.68306053
18.0,8.40659186,1.248653679,1.617921736,4.019936388,235.1721108,86.88384423,2.519457489,3.944067024,1.0,7.683008549,1,4.298140948
18.0,3.256902987,2.123119187,2.483186858,6.517502160499999,51.33228557,100.0,0.0,1.194820902,0.0,2.22964833,1,34.49996451
19.0,3.207886625,2.163827163,2.951854795,8.303564978,119.1626219,100.0,0.0,0.096980057,0.0,3.531614125,1,52.6118083
27.0,7.0,3.373779894,7.921075448,5.194655661,52.0605701,100.0,2.701853075,9.567352406,1.0,-0.468651135,1,62.56821951
31.0,9.095380341,5.717808896,3.259332272,7.087229208,240.7374333,92.09586583,1.70768464,4.674452968,1.0,8.098352276,2,2.803609787
16.0,10.13472827,6.342381119,4.356019167,8.186593385,105.0881425,100.0,0.295899531,7.91448305,1.0,7.642066683,2,43.94808141
26.0,10.88573041,7.966269957,3.461516055,6.703208383,220.7242724,100.0,2.310391371,3.584458308,1.0,6.118517338,2,7.747207971
27.0,1.138644275,2.117408161,7.47267554,4.963397903,218.7298853,100.0,4.644862743,9.40682346,0.0,0.72943388,0,64.42411527
18.0,2.299011672,1.033992525,4.515991838,5.770682774,85.14487814,99.11931546,2.632357412,1.252040873,0.0,3.808900453,0,36.179356595
27.0,9.739233238,7.491137074,6.194864476,3.112495958,237.28672,95.78757677,1.896916344,6.917477123,1.0,10.44314784,2,7.341763979
20.0,2.653518226,2.36978362,2.972695594,7.356495067,91.80385343,100.0,3.705262662,5.032544964,0.0,1.029490214,1,36.179356595
27.0,4.923781964,1.828328413,0.743803421,3.361376141,165.9822073,88.37819872,4.929971175,0.0,0.0,5.462,0,15.11649516
34.0,9.044512706,6.77550098,7.09630819,5.849051906,131.7664981,93.90669747,2.605116038,5.449620568,1.0,4.872588977,2,43.67029556
34.0,5.315764508,1.405501217,6.909389524,9.011192476,92.9865707,100.0,2.075959272,6.230162314,0.0,4.798748732,1,76.29174452
31.0,4.58234047,4.90851393,2.301109158,6.140735989,165.9822073,98.80111865,0.0,4.63360005,0.0,5.462,1,19.7580962
19.0,9.243937938,3.511194607,1.955996657,5.176706313,91.0803077,100.0,1.01635458,4.072821108,1.0,5.09948367,1,0.476735589
20.0,5.862612151,3.730472104,6.673789835,8.119516916,165.9822073,100.0,2.0,5.412538825,0.0,5.462,1,66.23416785
36.0,5.54693438,3.462290122,1.009710723,4.799799393,165.9822073,88.66734288,3.668782682,4.385338022,0.0,5.462,1,0.0
20.0,9.885631463,7.948417438,0.0,6.332176894,90.76553353,77.2701822,0.0,1.657751971,1.0,5.762208815,2,0.0
27.0,11.68117218,8.869049889,0.343404678,4.502655422,143.0465816,68.26433331,3.200929431,4.726900364,1.0,8.864293042,1,6.52787689
27.0,9.062944859,6.505148836,4.1412097370000005,7.275923814,67.94090714,100.0,1.363187217,2.971253367,1.0,5.462,2,34.36248179
27.0,8.796079851,3.771381605,7.46128444,5.553418894,133.5715076,96.15337131,1.187822143,4.973217666,1.0,2.444160079,1,56.26036989
27.0,3.567526824,2.00779409,1.789463364,6.791874295,250.6435146,100.0,1.410215397,2.343078196,0.0,4.838620206,1,36.179356595
38.0,3.108038823,1.752965404,0.662513689,8.073806787,30.12858788,100.0,3.593307829,2.065145305,0.0,3.142938706,1,36.179356595
29.0,11.25719604,3.696701865,6.188200886,8.812449725,138.7175873,99.7005711,1.809756868,6.838818009,1.0,8.040389439,1,61.82544149
37.0,9.142233152,5.17575805,7.188665045,6.517502160499999,234.3887881,99.88568213,2.297907637,5.972439311,1.0,7.525404178,2,53.16898018
36.0,4.048065658,3.771381605,2.923638578,8.695509244,83.80351781,100.0,0.810843278,2.638260808,0.0,2.589569209,1,9.014755747
27.0,7.0,3.447196504,3.142904969,6.517502160499999,195.8265069,97.72950495,1.514236997,0.0,0.0,5.462,1,24.49527338
31.0,6.403755297,5.993544743,5.802763867,8.657701049,111.7572874,100.0,2.251553415,8.246052591,1.0,0.681657792,2,64.50814546
28.0,12.70031517,2.608837161,7.70182495,6.200976931,331.9552264,100.0,2.0,8.01086424,1.0,4.253870967,1,90.822167
27.0,8.710496725,3.775021467,1.777560749,4.907305717,266.2303448,89.24740283,4.084984023,1.051392951,1.0,12.11083284,1,23.31912021
16.0,5.8844747,1.443373909,5.003978757,7.227275917,485.0430674,96.77019551,0.398381364,4.0,0.0,8.50160853,0,61.20954018
30.0,10.31771143,5.302388142,6.494641035,8.112548569,68.74748716,94.89605478,2.889700396,2.945185495,1.0,3.017311213,2,53.2673105
25.0,9.474163777,5.312261992,1.583517416,7.761462314,243.9411862,83.59673109,0.408363653,1.796626025,1.0,8.347092498,2,28.05083027
36.0,10.4421166,7.811188845,6.564926831,5.744399818,48.98261028,99.45026556,1.852764687,4.272291607,1.0,3.563379764,1,28.68912154
18.0,8.750688762,6.284169153,6.395806431,8.507906111,137.9287338,97.52266771,1.636599396,5.664741016,1.0,8.897907008,2,57.8802992
37.0,0.659830328,3.771381605,2.916098591,5.218256161,163.7168559,94.37168463,2.236514154,2.269128185,0.0,0.865607672,1,56.71356664
23.0,11.13304134,7.10320911,6.490681408,7.509719491,165.9822073,100.0,0.0,8.194142862,1.0,5.462,2,47.28154211
20.0,8.61966034,5.053985639,0.474081838,6.953152308,265.831711,92.49881812,1.931607225,3.48859612,1.0,11.02638323,2,8.3656933
24.0,6.52906956,3.817577809,6.592142041,8.164839049,153.9962603,97.85891958,1.232050769,9.896547045,1.0,3.073104251,1,68.33390794
36.0,6.888674049,4.56657382,4.698700388,4.326592862,148.2872258,97.10788023,3.286339526,3.474269733,1.0,6.575820695,2,20.46531742
20.0,2.853530498,2.547999241,3.724571712,6.515695749,236.4395188,99.28427451,0.055553697,2.01277773,0.0,4.644060491,0,68.28475079
26.0,7.0,2.525704674,6.578719623,6.393789956,199.8746347,100.0,3.765900453,10.07238598,0.0,5.462,1,75.55062383
24.0,7.0,8.903526763,5.319363911,5.975600775,61.37713698,86.91005105,1.849543699,2.658950372,0.0,5.462,1,22.69409436
24.0,7.002151534,5.829092074,4.1412097370000005,6.085525387,81.42593778,96.43442102,1.742554942,2.893476325,1.0,5.462,2,37.17613456
27.0,6.785275995,6.408170648,6.045189997,6.08042387,165.9822073,99.82562513,0.435003508,6.721982679,1.0,5.462,2,28.74994771
19.0,3.377561066,2.422671268,7.020395521,9.172881808,165.9822073,100.0,0.869903539,8.955673052,0.0,5.462,1,73.50972582
19.0,1.883359789,0.889136326,1.912971046,4.886062481,61.34950001,100.0,2.059596176,1.825947987,0.0,-0.870698229,0,29.94606465
17.0,5.211678092,2.46216044,1.227141086,8.430935879,326.8636349,94.10527063,0.0,1.358154865,0.0,9.208639864,1,12.76480326
30.0,6.077119688,2.208055932,5.078313817,9.329243746,293.3199857,99.02299313,1.638894665,8.913485841,1.0,5.462,1,53.56653845
15.0,7.385189987,4.453766847,5.872469777,5.030534809,42.18814929,97.33100857,3.683540512,6.311585833,1.0,1.71230965,1,41.20712172
25.0,3.032151012,1.865325971,2.13854403,4.803452926,132.6843357,97.23130775,2.814994953,1.678740602,0.0,2.50521849,0,28.34904494
29.0,3.942461899,1.254743783,2.439841617,7.863524334,201.7777721,95.0144378,1.71035354,4.964777197,0.0,6.862611529,0,48.23503611
15.0,11.09069109,3.771381605,2.949364303,7.009747943,244.625178,100.0,0.540113321,1.334289828,1.0,12.97348206,1,17.40229285
23.0,11.26569648,8.832943832,2.630692012,6.174550315,203.6777031,73.14736253,2.604318148,3.778153097,1.0,10.79643294,2,0.0
23.0,3.945673637,3.103421756,8.031761526,7.528360101,203.1030203,100.0,0.429399595,8.50011223,0.0,4.084295741,1,74.04560874
22.0,6.944818253,2.522313748,5.125781635,7.833147818,310.0896518,100.0,0.463814549,6.038045188,1.0,7.650016051,1,43.5777449
16.0,7.47134801,3.394413747,0.069251799,6.69282311,108.6518936,100.0,0.417002396,0.0,1.0,5.832934423,1,13.64851411
32.0,10.1914565,6.168981313,6.730811381,3.177130664,74.17876019,100.0,1.39295713,10.16157229,1.0,1.909077253,2,33.10704054
15.0,3.276978195,2.123974247,4.1412097370000005,5.509902149,80.35923688,99.02421301,3.921638221,2.492758738,0.0,5.462,0,40.14507837
27.0,2.116999572,1.483936645,4.1412097370000005,6.179648754,133.244481,98.57737397,3.120643668,1.510945734,0.0,5.699084857,0,12.14613019
22.0,2.099659857,1.388542872,3.969688359,7.050078692,16.86926146,100.0,0.0,2.048808529,0.0,0.275578365,0,52.254662
32.0,6.238148553,4.359035047,1.156296378,8.279129519,212.7587468,100.0,0.241119592,4.352243513,1.0,5.77636065,1,18.05957119
17.0,8.817430034,5.78116806,1.680793092,6.941687741,184.9258115,88.46364685,1.201290332,0.787262643,1.0,6.16699635,2,0.0
27.0,8.166734264,3.588763698,1.664490528,8.367386011,158.4557292,98.93795283,0.974630227,1.800163741,1.0,6.689602149,1,4.455651548
29.0,3.786453395,3.386571266,6.345203458,8.010617577,149.5476103,100.0,0.0,5.279075165,0.0,0.511344182,1,93.74182716
38.0,10.2771972,4.000875169,3.034553895,6.517502160499999,94.38879523,92.65842708,1.497175021,3.511048609,1.0,4.298898953,2,4.502892683
15.0,7.0,3.771419608,1.675311599,5.874727375,234.5538854,88.75144016,3.006969769,4.660147401,0.0,5.462,1,0.0
16.0,3.762396993,2.039868354,2.355498793,9.297053773,273.5109475,99.95102681,0.662307404,0.0,0.0,4.572566859,1,55.35785041
27.0,7.0,5.860653528,3.073517441,7.589212452,132.8548441,94.29458385,1.139054863,2.0968847,0.0,5.462,2,25.52934267
32.0,6.40388531,2.181131821,3.256979683,6.303974336,462.3587107,99.32802176,1.038681539,4.146702071,1.0,12.0546987,1,32.20725539
39.0,11.36033345,6.592124069,0.638308861,5.776252945,165.9822073,93.97440665,2.22352462,2.898289533,1.0,5.462,2,1.215229178
23.0,4.591107097,2.689663712,1.00122741,8.770139637,296.4964703,98.61595352,0.407481511,4.265071513,0.0,8.102382608,1,8.781949334
23.0,12.09875547,9.700182958,2.618924689,6.101229005,163.1762963,89.95680549,2.0,2.608718975,1.0,10.25297772,2,2.258191895
21.0,7.260026268,3.673367267,5.6339231,7.470702806,241.4966858,95.66997867,1.774751394,5.084298814,1.0,3.675609491,1,47.06613718
21.0,10.63131748,8.075678598,4.686262756,6.810039538,263.5056332,79.49793569,0.0,2.355293077,1.0,10.68838535,2,0.0
19.0,7.0,1.726557072,6.606190318,3.62406992,165.9822073,94.46897202,4.77537779,7.95747397,0.0,5.462,0,60.54199441
22.0,8.550607536,5.597881801,7.458149971,4.413795105,38.0005687,96.91108167,4.148405317,6.414924223,1.0,2.225717264,2,39.52339875
15.0,3.716188317,1.953068627,1.761925372,5.953726721,165.9822073,100.0,2.858129981,0.436300316,0.0,5.462,0,19.12847135
21.0,12.43353174,4.664925123,5.918695985,4.985238051,534.0195946,100.0,4.248292056,5.396272706,1.0,6.050329722,1,64.41303813
37.0,5.776114356,3.894598018,7.761998142,8.073148868,190.4964789,99.06042492,1.375590447,8.324023981,0.0,5.550792737,1,69.57340303
31.0,6.035744094,3.039082005,3.067362737,6.353903068,69.4042397,100.0,0.0,7.052272721,1.0,5.741806834,1,36.179356595
24.0,2.44260338,3.771381605,7.613423245,8.947204912,136.9464288,100.0,1.553398051,6.674691137,1.0,0.309141894,1,96.30247115
27.0,5.729842224,2.012120738,7.113556803,7.394529187,100.0353923,99.79231799,0.0,10.28241073,0.0,1.396104287,1,80.12693248
27.0,8.594482291,5.046056851,7.894327387,6.517502160499999,188.9626033,100.0,1.157085873,4.956717262,1.0,4.970859201,1,68.69280689
21.0,8.858344927,6.450845267,2.066644858,7.931545178,87.6287219,98.64236667,2.48016181,4.042130045,1.0,4.182841584,2,2.069492709
27.0,2.499978716,1.523312578,7.608438314,5.893767916,12.01931407,100.0,3.373077063,5.545719042,0.0,-0.659213863,0,100.0
22.0,9.056259504,5.873162958,4.1412097370000005,6.505420705,261.6358791,96.41781856,0.655370325,8.063572289,1.0,5.462,2,36.179356595
25.0,2.386209938,1.631510248,7.34912691,5.865907841,203.0558333,100.0,2.924044467,4.800732674,0.0,2.323016124,0,36.179356595
27.0,7.0,2.403087024,0.955980756,6.214206824,178.5926553,100.0,0.0,5.339921176,0.0,6.061952348,0,14.62177201
33.0,8.274794829,7.919248927,8.012373003,6.517502160499999,242.5830498,84.29322094,3.771463023,6.599863794,1.0,9.387367682,2,52.34728033
33.0,7.564085048,3.49398504,3.894656812,4.142864324,55.40076371,97.63294457,2.765595659,0.0,1.0,4.583779512,1,33.56929857
23.0,6.072338697,1.49253168,6.902694252,3.676520165,289.1368633,100.0,3.704822312,6.409765066,1.0,7.799065462,0,80.60903279
30.0,4.043596022,2.433333879,0.586305476,6.230064313,92.60468726,98.98524669,3.269773695,0.0,0.0,2.510090971,0,33.33070862
36.0,9.53274533,3.771381605,4.394413119,7.501422985,288.7773935,96.19379865,1.23438567,4.758480615,1.0,3.977662683,2,36.179356595
32.0,10.18862507,8.158966588,4.942070056,5.958499962,172.8774796,73.59181096,2.0,2.65443627,1.0,8.240650453,2,4.212180617
26.0,7.665753058,2.244890465,0.635136062,7.837331783,80.53618111,100.0,3.658441556,3.603504652,1.0,6.84601158,1,34.88246971
30.0,6.249381697,6.562810374,5.529129777,4.73958662,214.7766792,98.04492098,2.706756613,8.299029761,1.0,6.246374145,2,10.07092497
23.0,10.72119539,4.413413164,4.030942189,5.827360679,165.9822073,100.0,3.668330562,3.117761886,1.0,11.55013085,1,14.74525522
27.0,7.46150267,5.730825061,4.1412097370000005,7.410975296,165.5178469,84.47802589,3.216684645,3.485308003,1.0,5.319964632,2,18.97916725
38.0,7.42644491,4.946297497,2.646740826,4.24540837,145.1998999,94.08178699,2.170260555,3.650762179,1.0,6.860229297,1,28.10200966
32.0,6.27831092,2.328847861,0.821280135,5.222817011,199.6016979,100.0,0.0,1.965316082,1.0,9.829093113,1,18.87594628
29.0,9.424837064,5.141687619,3.827582788,4.515862062,67.59094285,96.41603686,1.871885672,1.666581899,1.0,6.247298372,2,6.746968298
22.0,7.0,5.829082109,5.345043675,4.433121481,157.0809807,100.0,3.196689995,7.639970811,1.0,9.280519774,2,26.9850088
38.0,7.758604236,4.764652696,6.781889865,5.054287328,100.205068,100.0,2.337926429,10.31248755,1.0,6.547149554,1,58.33895368
26.0,7.0,2.407849357,5.369465827,7.147999664,7.555967612,96.43285971,1.001395725,5.906938976,0.0,5.462,1,64.00962516
17.0,5.044928704,1.719040144,1.878353184,6.447157729,195.4015385,94.58687167,0.136074922,0.746480552,0.0,7.30535132,0,29.7057062
18.0,7.354912107,2.545527246,2.937700861,5.880813399,70.03064385,99.87475088,1.906489714,4.0,1.0,2.932849574,1,33.69888612
25.0,3.708466257,3.044693831,4.825988794,6.812311735,276.9104125,100.0,0.081455485,2.466803814,0.0,3.729677943,1,45.4250716
26.0,7.235930083,6.129546667,6.253913315,7.758100872,165.9822073,100.0,1.910098048,6.996509377,1.0,5.462,2,63.08402572
17.0,6.407755451,5.059492042,8.080903823,4.726844417,65.39959999,100.0,3.079780474,5.588634578,1.0,5.595916662,2,64.13468651
24.0,2.552310562,3.39688312,6.142937736,8.003087246,203.6495454,100.0,2.064254644,7.503710117,0.0,2.418664644,1,82.92019244
19.0,10.84818082,5.264790028,3.87994529,5.973403442,160.6701552,100.0,0.84558988,0.602743389,1.0,3.957077076,2,39.4144184
39.0,3.939077686,3.543818109,6.472326807,7.700376566,97.65829687,100.0,0.0,9.328351257,0.0,-0.908209461,1,91.56120703
35.0,9.409351142,4.889879629,6.493165188,8.453289069,182.0609029,100.0,0.0,2.29479746,1.0,7.354702803,2,66.94866403
30.0,4.851172203,2.739773635,6.880312565,6.517502160499999,159.0953601,99.75945409,2.537239032,8.219185865,0.0,2.025748977,0,94.77252692
34.0,3.789918844,1.618258731,4.261600115,7.679815513,204.5122758,99.35867332,2.105646844,1.119479911,0.0,0.620352824,1,35.82724297
36.0,6.12825076,1.682368369,4.1412097370000005,7.269031159,302.6844188,100.0,0.451686355,2.002557132,1.0,5.462,1,13.68011219
25.0,10.45237935,4.575090968,8.204698942,8.196896715,165.9822073,92.76427652,2.0,5.19008105,1.0,7.708888128,2,68.32962976
37.0,12.90454487,4.831732525,0.67478747,4.572463115,618.5742511194022,78.3612957,2.827891653,2.252502316,1.0,11.2603387,1,14.57360582
27.0,10.84132828,5.69347467,2.482266643,5.240101282,299.1652048,83.93131395,2.736201943,1.019377663,1.0,9.767857031,2,0.0
33.0,7.281156349,6.300735753,5.323856595,4.887936884,158.7082507,96.78353327,1.244260315,4.337112016,1.0,6.515543862,2,17.88641599
27.0,14.21363558,7.393817089,7.933477456,6.517502160499999,494.9912533,100.0,0.959441351,8.485712117,1.0,16.45645894,2,17.7402347
18.0,13.9555128,4.620210677,5.085179174,4.487786892,445.148452,95.51957087,1.199759459,4.254370735,1.0,12.78775075,1,33.8222127
37.0,5.152963502,1.969892571,5.462097852,6.691676665,1.239312352,94.00893433,1.569426908,8.720330092,0.0,0.720200189,1,57.29836508
20.0,3.838317338,0.795971628,6.004060232,5.290600705,204.7753516,100.0,2.642663509,5.419776589,0.0,3.012483876,0,50.18245534
20.0,9.637110989,4.332804701,2.213887566,6.936959646,212.9137047,96.61651346,0.0,3.323224273,1.0,9.490423308,1,27.59218582
33.0,11.12831186,6.246166551,2.198597072,7.386800674,27.60000166,88.96668962,0.0,2.717604814,1.0,4.23210902,2,8.235910064
17.0,2.918497926,3.468471845,4.870732991,5.190075011,242.9537099,100.0,2.746199919,6.511695132,0.0,2.430748845,1,42.53270954
16.0,0.461282697,0.799479588,1.209280657,8.772497355,130.3483076,100.0,0.981089323,2.133388684,0.0,2.579996527,0,52.74274678
15.0,7.0,4.010785689,4.469920014,8.687749494,0.0,100.0,0.154108646,4.68785314,0.0,5.462,1,52.92302034
15.0,5.512249007,3.124775269,2.943203095,5.443601137,117.1264968,100.0,3.27783163,3.210724566,0.0,5.236839023,1,33.91431282
16.0,6.370930563,1.665976065,4.572223318,7.421655105,174.3832965,96.53503499,0.263833117,5.504680883,1.0,7.315134736,1,67.80347029
30.0,2.724256628,1.971458724,4.465070648,4.870682108,59.93383429,99.75731688,3.932319332,0.495111807,0.0,3.059326626,1,73.15809231
27.0,7.0,2.012762603,3.40262787,8.782518457,91.45495898,100.0,1.036218439,3.338571898,0.0,3.567132035,1,55.3940715
23.0,3.973424988,1.518810935,6.900860458,4.900048637,276.5518797,97.96857454,2.218511091,4.465058991,0.0,4.252515631,0,75.59605259
38.0,3.041605982,0.965328746,0.111928396,7.912720349,12.76660013,97.00500009,2.0,3.104940602,0.0,0.003097218,0,59.48408148
25.0,8.739686484,4.216119431,1.5116188,4.416485994,47.04048462,98.00581186,2.981472125,3.619368497,1.0,1.683951395,1,19.91037879
22.0,8.688339609,4.675655563,0.773345144,6.399426738,195.0618796,87.50617103,0.305793521,4.659333014,1.0,10.39250296,2,36.179356595
34.0,2.984483673,2.135646886,2.560668066,8.165992084,134.9202624,100.0,2.123871399,4.558891268,0.0,2.761236497,1,44.3511868
39.0,5.936787136,4.397313897,5.028839375,7.089985643,103.4244838,95.86554269,0.269406868,3.933097716,0.0,0.118690479,1,51.90621347
38.0,7.0,8.174558744,2.625680404,7.748378862,239.8614934,90.58186969,2.096161355,4.0,0.0,5.462,2,3.404485627
16.0,3.866976631,2.310193666,4.911314314,3.450211128,242.2598666,100.0,3.259913342,4.69147989,0.0,5.493825257,1,59.09363869
23.0,5.018689245,2.70554706,0.738450876,7.31439661,163.3911941,96.75105408,0.776446949,2.716342782,0.0,5.462,1,6.794478993
28.0,9.747362169,6.460592269,6.671686054,8.709853126,92.86837368,98.17002892,2.633117954,7.672495071,1.0,4.206459379,2,64.43137704
35.0,10.44791029,4.951877504,4.1412097370000005,7.142785845,177.0638503,93.45029355,0.0,1.966178843,1.0,5.462,2,24.88658757
36.0,6.247382607,3.029179613,0.232830478,4.726663391,97.18879442,100.0,1.458027729,0.0,1.0,5.88911572,1,14.52945968
20.0,7.0,0.771058906,0.827073547,8.180940436,165.9822073,100.0,0.0,5.517269138,0.0,5.462,0,4.74719008
39.0,4.585193608,2.137463539,2.703368746,9.579760472,113.598377,100.0,1.857365175,2.977178215,0.0,3.193752163,1,45.32157838
35.0,12.76229284,8.609626805,2.340428562,6.190525827,26.38634835,80.68036525,0.760501537,3.56729422,1.0,8.833800938,2,10.67371046
20.0,4.784478573,1.156338445,2.1403091,5.49628801,51.29930947,93.81951354,0.725589915,2.847183174,0.0,4.667071148,0,23.2629893
29.0,3.423027346,1.001909849,2.968725939,6.82694843,63.21477842,97.04450203,1.172871275,3.736309636,0.0,3.214719448,0,56.32788062
19.0,9.43889149,7.514355482,2.220167256,4.751821252,298.7547784,70.46481867,4.170896853,3.591335884,1.0,7.808546837,2,0.0
27.0,3.154937294,1.197920031,7.472095909,6.393381853,3.358890705,97.75377169,2.609359322,6.874126738,0.0,-3.098700363,0,100.0
31.0,6.148830813,2.625738557,5.072462746,6.517502160499999,100.3864735,100.0,3.928960258,3.173554067,1.0,5.958441223,0,48.91093844
31.0,4.027937714,2.324293401,7.918523773,6.810342225,219.0432185,100.0,0.644758659,4.0,0.0,-0.35741308,0,94.93832315
22.0,1.735326742,2.065066664,3.802560657,4.881708775,272.0542611,99.29931495,2.237463123,4.868902329,0.0,4.986021633,0,32.01586061
35.0,10.12086148,8.88711589,4.1412097370000005,6.673863067,110.8017135,93.05938792,1.895663159,2.129242678,1.0,5.462,2,19.36772644
29.0,8.42140037,6.20055236,1.967536318,5.1697353,121.6775614,82.18349384,1.546837194,2.11519793,1.0,5.074564134,2,0.0
17.0,10.43054456,9.316136859,7.490133716,7.009727144,189.2075313,100.0,0.303697248,7.693816743,1.0,6.681740305,2,48.71219511
15.0,6.217482542,3.243168484,5.959602439,6.948971785,349.0091445,97.22775049,0.0,6.152640079,1.0,9.1416376,1,80.40286977
16.0,3.386737209,1.982722477,5.950207521,4.547841579,56.68675427,99.42150168,4.490939658,5.936319154,0.0,-0.132400039,1,53.12740068
32.0,4.378687596,1.660357271,3.001458335,4.213385437,261.6071925,98.19965635,2.0,2.785333689,0.0,8.283870768,0,25.23584604
22.0,2.883443817,2.646708753,4.1412097370000005,6.804517078,37.56501235,100.0,1.690309249,1.524153009,0.0,5.462,1,87.24677466
24.0,7.578060535,5.665278659,5.721567209,8.05384282,45.89174749,100.0,0.0,6.118654793,1.0,2.630477843,1,38.58497482
17.0,1.118119109,1.528917384,0.482331919,9.749062274,55.32046256,100.0,0.0,3.102464971,0.0,-0.132093397,0,39.65774226
27.0,10.60426232,9.486166701,1.632329637,5.066538322,171.2438989,73.09441238,4.331082857,3.179400207,1.0,8.055988499,2,11.99181619
25.0,11.35859954,3.093601092,6.565795138,4.03395213,248.4989228,96.48187074,3.194835441,5.138288882,1.0,12.90088014,1,49.41082096
28.0,7.0,2.916603239,7.859139938,5.480778801,234.7448952,100.0,3.769537271,8.021457759,0.0,3.158530498,1,63.64166586
27.0,14.20297346,5.062355002,2.544866877,9.073737848,128.0654051,100.0,1.649819083,3.862327272,1.0,11.96089622,1,26.01735936
33.0,6.884489077,2.650599322,6.491653531,4.613077859,251.459992,97.02150392,4.116231892,9.667214007,1.0,3.013585226,1,79.83060313
27.0,7.442032944,3.932998691,4.1412097370000005,5.935626043,57.94265523,100.0,0.760516507,3.378745859,1.0,5.462,2,36.179356595
33.0,7.0,8.561415192,7.982550318,4.668123948,226.9602868,92.70377052,1.294209956,8.335199797,0.0,5.462,2,27.68667439
36.0,6.284109785,2.218328253,1.7785045,5.936901489,169.1819328,98.0197208,2.264177633,3.258284127,1.0,7.89031966,1,7.925122479
19.0,7.0,7.080462668,7.959344789,4.096215415,229.4495866,92.59710357,2.641192378,6.201823638,0.0,5.462,2,16.14026847
22.0,10.13102276,3.757477799,4.1412097370000005,6.192884548,57.66390854,94.10755433,0.0,1.482174919,1.0,5.462,1,31.42053443
26.0,7.0,2.031229994,6.748472113,5.541490694,213.7032691,94.96401534,2.574310436,7.579828909,0.0,5.462,1,79.12132688
29.0,11.9278508,7.605773941,4.1412097370000005,5.929305425,171.5549719,90.41344506,3.781612064,4.0,1.0,7.820964188,2,5.440110199
36.0,7.201043982,5.009176326,8.107022057,5.447761654,261.1495032,98.65334386,4.003689249,3.108927298,1.0,5.734042717,1,60.81040863
27.0,9.367743497,3.771381605,8.35311102,4.113034068,279.8688405,97.42463747,2.663941633,7.598953574,1.0,11.82811781,1,59.46758954
26.0,5.155750069,4.161793589,3.705999108,5.721274741,176.2392213,96.61967486,2.372115444,4.0,0.0,2.750376868,1,40.65153135
31.0,4.647883452,2.579855749,3.439019779,4.661500767,137.7496396,98.8360976,2.663859451,2.642427072,0.0,3.030834701,1,25.05306033
37.0,7.150642398,3.021192829,5.34603141,8.736731563,200.7596077,97.9143719,1.661513111,3.358792347,1.0,4.030779329,1,61.22757262
27.0,9.423316927,8.755749466,4.148180545,5.632521876,227.6649817,86.10421956,2.176526633,0.705997264,1.0,9.167128877,2,4.762747093
39.0,1.716721612,0.061508162,7.532645813,8.280177675,225.2886001,96.25378655,1.457615725,4.0,0.0,5.462,0,84.44241983
31.0,10.16759177,3.771381605,6.013816862,6.59360423,205.3274731,95.38439731,1.078119246,4.314454771,1.0,11.03049322,2,43.79405788
20.0,8.460577077,2.132963266,0.851381282,8.223645703,134.2261919,100.0,0.72018017,3.463896726,1.0,6.820757762,1,44.1785614
31.0,10.83068524,8.649239033,5.130143164,9.4148497,260.2758759,90.40838051,1.445628045,6.558654787,1.0,9.906577331,2,42.55061279
33.0,10.14067883,5.026266186,2.604946611,5.08092895,58.76715139,99.33116549,2.184878357,0.6710218,1.0,6.390403458,2,0.0
26.0,7.000110738,2.360604164,4.496610082,3.986048316,194.3842417,100.0,2.383363084,0.929038678,1.0,5.998638677,1,39.7118905
19.0,4.853647603,3.619051733,0.0,7.696330844,241.2636566,96.10013491,1.386563342,2.555667235,0.0,7.495425662,1,0.0
28.0,3.994211016,1.963484865,6.509666093,8.422765076,29.87621199,99.85954724,0.586569877,2.868039594,1.0,0.811192469,1,71.32543515
20.0,5.658250313,3.771381605,5.142562715,8.361818453,64.91541942,100.0,0.0,8.457421424,0.0,3.623151,1,36.179356595
29.0,11.70905675,3.771381605,4.623249563,5.357892046,119.3510392,77.09571455,2.650922103,1.277779964,1.0,5.209836159,2,14.50208347
22.0,7.662784152,5.862964174,5.18361043,7.287935352,227.3246546,100.0,2.580951992,10.0656235,1.0,4.838646043,2,36.00836046
17.0,9.251123644,5.468707027,3.703982252,7.769608282,90.63149231,96.74690518,1.411778796,1.738314341,1.0,6.968933151,2,41.783208
22.0,7.0,4.061080846,7.952023943,6.517502160499999,104.1016488,100.0,0.933324273,7.921721753,0.0,5.462,1,56.51621837
21.0,5.477221487,1.825686565,3.332944321,6.96389405,267.8212464,100.0,2.0,3.618492536,0.0,3.08224779,0,38.48261498
31.0,3.550183128,3.67883665,1.255369108,8.207229937,61.62601171,98.65851972,1.666471332,5.122925152,0.0,5.462,1,35.14313703
34.0,8.303906036,4.952245947,2.434823381,7.598182335,250.7304182,99.48077543,2.364039719,0.24711396,1.0,11.49606299,1,30.09184858
33.0,3.637106509,3.5212965,6.877608242,8.653533471,165.9822073,99.88103416,2.121558407,10.60714686,0.0,5.462,1,87.97854977
37.0,6.22171166,3.940991123,3.66890658,4.617376786,248.0502904,92.30689279,2.427109307,0.0,1.0,5.909207024,1,41.05035648
26.0,5.538769991,2.800831293,3.722691679,5.856754745,168.3333037,99.02037942,1.684577303,0.716755641,0.0,2.0296559,1,22.37793098
32.0,4.028489599,2.381439549,6.205809606,6.517502160499999,192.1451601,97.99752399,0.90839373,9.22295673,0.0,2.859743098,1,36.179356595
31.0,11.5080726,6.100472763,5.999373593,7.998843314,125.3439581,100.0,0.0,7.72186982,1.0,4.133596486,2,36.91297999
36.0,4.854046821,1.873451834,4.1412097370000005,6.992270479,282.6140454,99.03990193,1.020641632,4.0,0.0,5.462,1,13.08643405
15.0,6.326191404,6.080589186,6.089363841,7.434507505,165.9822073,100.0,0.756425249,6.373568958,1.0,4.434429632,2,38.85990794
19.0,9.183732648,7.494364088,0.834411481,5.13044895,253.4851506,70.84461825,3.615464984,3.661542037,1.0,8.684320045,2,0.0
18.0,2.316720187,2.694033035,2.292745586,7.253103676,168.7939274,99.95119101,0.1831176,1.956042194,0.0,2.321979332,1,25.03995003
31.0,11.73863789,8.322391646,2.174612018,5.599952997,184.6654486,75.54375796,2.0,1.128621325,1.0,11.96312529,2,5.173689654
39.0,12.86837792,5.873807413,7.091316463,8.97871147,0.0,100.0,1.291159319,8.359706921,1.0,2.896160945,2,76.6107811
27.0,4.564031168,4.212942532,1.77986355,8.065441416,261.6036986,100.0,0.188736737,4.577832938,0.0,5.576933059,1,13.17749846
19.0,13.15921664,5.520800936,4.513943629,5.614697177,201.6148215,100.0,1.429239186,4.176114885,1.0,4.287540588,1,38.74924676
28.0,11.01228004,2.616681347,6.432013599,8.342042458,171.2771759,100.0,0.0,6.819407815,1.0,2.866294248,1,75.24248522
39.0,7.0,5.580795863,6.192516667,5.888956261,86.92910584,100.0,3.11909887,9.082946214,0.0,5.462,2,43.39065146
38.0,10.46657541,4.954258053,5.778821681,8.342176707,11.7931242,100.0,1.608726464,5.326072054,1.0,5.596393204,1,78.60740459
31.0,6.317113898,2.83294824,3.980443382,7.115720335,0.0,95.97420828,0.315604143,1.323369799,0.0,2.646724201,1,68.65200744
37.0,9.96277931,5.830035756,7.491328277,8.039108861,40.26298841,96.45964017,1.883406575,1.686164548,1.0,8.399039643,2,79.97714387
22.0,5.128944511,3.771381605,7.428868815,7.038017971,112.5005707,100.0,1.503639173,5.911681995,0.0,-0.799924949,2,58.31401283
39.0,5.191358476,3.488559184,0.493411563,4.469817167,152.6706471,98.86221378,2.395232878,4.058254309,0.0,5.96277137,1,8.445064035
29.0,7.0,2.324351338,1.390112188,7.917971767,287.9986859,100.0,1.817878019,4.019199946,0.0,5.462,0,15.56636029
20.0,5.737646952,1.970169161,5.138962896,8.260404298,75.38855299,100.0,0.136844473,8.971952922,0.0,6.854425404,1,36.179356595
21.0,2.557560773,1.415153656,5.526052387,4.638167471,193.0567348,100.0,2.665208656,4.0,0.0,3.833306316,0,69.45906075
28.0,4.474995832,3.600263631,2.64973241,7.258822579,136.9331936,100.0,2.0,4.663248801,0.0,0.121897766,1,49.77911542
35.0,2.315022764,3.845229497,7.856259273,5.63566873,165.9822073,100.0,2.0,8.223517461,0.0,4.795387298,1,77.02494411
33.0,10.02924624,8.92130248,7.100699312,5.206802672,276.4037861,87.02564982,3.912853601,4.0,1.0,8.946153928,2,3.813534243
36.0,6.073476668,2.112069448,6.590449417,6.503066968,212.9143016,98.43993824,0.036023496,4.95584057,1.0,6.833381173,1,77.59454577
36.0,5.44466833,3.771381605,5.797589644,4.990618572,266.17786,100.0,1.584291491,6.689916552,0.0,4.859552796,0,74.44349613
20.0,3.653447478,1.728698279,4.1412097370000005,8.679298805,282.7436451,99.21182242,2.061383139,3.113564047,0.0,5.462,0,74.02417564
16.0,10.97803083,5.872163579,5.554762625,4.258276894,72.90422607,98.16742891,2.584154372,7.406380908,1.0,4.739698368,2,38.11510222
31.0,8.784678966,5.95482025,5.748895729,7.79900464,76.10697875,97.26041069,0.0,4.539487715,1.0,2.847086565,2,70.06871404
36.0,3.767755889,2.241061868,2.891880879,6.030790383,165.9822073,98.46611458,0.058079437,3.47074201,0.0,5.462,1,23.95484012
37.0,5.478859618,3.098528598,7.11433801,4.112045161,63.14572106,100.0,1.566950262,7.350058467,0.0,2.173612214,1,79.762504
31.0,6.84864161,3.771381605,3.691854156,7.480903704,165.9822073,95.47100543,2.390683971,1.391534603,1.0,5.462,1,17.3598373
25.0,4.882820664,2.72394412,3.789924001,7.607696894,254.6706342,100.0,0.358967584,3.897348153,0.0,6.451823722,1,36.179356595
28.0,9.729415169,6.86879663,6.765170799,6.823803217,56.100834,97.06534372,1.356917731,5.619710002,1.0,5.164978193,2,55.09328502
37.0,4.071165667,2.95549344,7.718659988,3.878701529,7.932309182,99.36909882,4.308177447,5.153654984,0.0,-2.536236064,0,79.0461403
21.0,10.34575934,8.758658508,1.879663537,6.205107171,174.392932,80.12126326,2.118076666,4.245121328,1.0,10.88587358,2,0.0
38.0,4.767793289,2.546992093,5.891700504,8.422171774,242.1581706,99.33776539,1.37387405,4.557906371,0.0,3.905148562,1,79.64171109
21.0,2.846040657,2.304591541,2.468241123,6.710375498,178.7665002,97.62861711,0.907092599,1.160814982,0.0,6.063739007,1,36.179356595
23.0,4.57041921,3.969448584,0.318623288,6.410429334,233.902576,96.5769322,2.701825136,5.648438051,0.0,7.393911643,1,21.36864409
35.0,9.058292082,4.703826503,5.246845278,5.947162242,206.1015044,90.20572448,5.069812462,9.23815521,1.0,7.349770009,2,31.40981966
22.0,6.294986713,3.378630994,5.018316019,6.861583167,39.92412448,100.0,0.807920386,6.035939855,1.0,3.961171864,1,59.27955696
28.0,8.521613919,4.935644355,1.122863934,6.109259157,165.9822073,91.26514795,3.96230451,2.064231585,1.0,5.462,1,13.11712512
27.0,12.57070731,5.595441037,1.137122649,6.423611901,213.4508911,89.44215512,1.720100311,2.864668229,1.0,9.066186037,2,6.7998835
16.0,11.24560855,5.617007525,1.895427519,5.774945576,269.3330681,70.48604183,4.878704838,3.373703475,1.0,11.93309653,1,0.0
37.0,11.6392646,4.919041009,1.833624379,7.917895509,127.90356,98.77616854,0.0,4.24114329,1.0,11.67180243,1,1.752789835
38.0,10.91134807,8.093727283,3.544916775,8.5647056,288.591614,76.71648637,0.0,3.202261018,1.0,10.11531484,2,7.207812332
27.0,7.0,8.323062623,7.076491633,3.382318126,173.9112083,93.59603252,3.547289074,5.075943798,0.0,5.462,2,25.04034729
36.0,4.282681776,3.829751001,5.359372488,7.856580719,206.1675109,97.73920274,1.174985936,4.247372147,0.0,4.022441408,1,68.85977403
18.0,7.0,9.344275841,4.1412097370000005,5.960763322,140.2697372,65.14126239,0.0,4.018803378,0.0,5.462,2,7.423076278
25.0,13.41801701,4.210105848,6.19100968,8.045336378,82.78237673,100.0,0.494923418,4.248047755,1.0,8.726271855,1,84.87461957
33.0,9.367585584,8.043542221,7.296121013,6.517502160499999,245.6894568,87.05182752,2.579039352,5.394764629,1.0,7.505431688,2,59.08535899
37.0,3.965648368,1.440873652,6.755764529,8.223673084,165.9822073,98.24263535,1.364100532,6.486660561,0.0,5.462,0,53.32806496
38.0,9.882331801,6.203331252,2.270188979,3.609803479,126.4809484,82.04466836,1.676004703,4.322887327,1.0,8.716721272,2,5.538143441
22.0,12.0565622,6.850045564,5.542402215,5.477591283,158.9234588,82.99944119,3.590419951,4.865457463,1.0,8.680663251,2,36.179356595
27.0,5.439596772,1.487435803,1.078595259,6.112126445,141.3593438,92.27873219,2.858808267,1.550406826,0.0,3.825219337,1,16.65721578
39.0,7.006838441,5.781777422,0.570506914,4.226019099,5.90891693,87.42403328,2.75648455,0.247243316,1.0,4.890190692,2,0.0
39.0,4.767897176,1.651105116,1.389140442,7.892927602,180.5584133,98.11584021,1.65303884,2.794685831,0.0,4.485146045,1,7.468377914
38.0,11.22370961,10.28661826,4.679135985,5.64586913,90.55272798,94.49764718,3.305435546,1.195857341,1.0,5.422752484,2,10.63813688
26.0,15.39441729,5.830299087,5.560131469,7.165731732,46.5514549,100.0,1.075702287,7.056240901,1.0,2.743530748,2,41.01519719
35.0,7.0,4.518166849,7.306673131,4.545584171,266.1105935,100.0,4.165983515,6.009088056,0.0,5.462,2,49.07218538
30.0,8.691967175,2.698044113,1.564596694,8.336866376,231.9071819,98.09835443,1.854047458,1.749858816,1.0,10.32826874,1,45.04403194
27.0,6.037736685,3.154070176,1.190296248,4.412077301,182.2247885,86.19966974,2.952529159,3.750037857,1.0,2.734704443,1,36.179356595
38.0,5.534704425,4.077275256,4.1412097370000005,7.134630188,46.42886093,100.0,0.436373814,4.03044018,0.0,5.422890263,1,21.45837249
22.0,10.33335663,4.72976234,5.742122781,6.4249284,218.5879278,100.0,0.0,3.265059013,1.0,8.168449739,1,77.01667031
28.0,8.199518039,3.771381605,4.1412097370000005,6.085964638,72.30487066,100.0,0.495448513,3.381355209,1.0,4.356886943,1,13.31450994
19.0,4.011610989,1.940461732,0.966478631,7.977813041,61.4441478,100.0,0.631839793,3.02409977,0.0,2.986271034,0,63.46530232
22.0,7.323176199,2.7405087,6.085907169,7.255950755,248.994278,100.0,0.424121977,8.091161154,1.0,4.997749583,1,52.86914409
24.0,2.417604903,1.648847637,2.249727827,6.179569183,269.8312385,100.0,1.070908799,3.232605983,0.0,2.667061888,0,19.46452604
19.0,8.794798071,2.882309856,1.817527842,4.397083828,226.6024997,89.95089997,0.984455947,0.0,1.0,6.622634194,1,7.399739545
20.0,2.64915406,1.180608674,2.777558858,4.795602423,165.9822073,98.94738406,2.932162296,3.212862217,0.0,5.462,0,33.78439168
29.0,12.23855104,5.137451937,2.822471102,4.215896486,584.9165399,78.48551013,4.861318016,2.316524895,1.0,5.173287203,1,0.0
15.0,8.298634422,4.095012157,0.977443028,6.432462643,208.4115292,99.51569602,1.321770653,0.995386896,1.0,4.77881175,1,14.02756715
18.0,2.50572163,1.091875184,4.1412097370000005,6.130183556,278.8788848,100.0,1.317468678,6.127581102,0.0,7.501338416,0,71.7351933
36.0,9.348695008,6.027686033,4.1412097370000005,6.721607168,129.2943363,94.62975941,0.516116288,7.094877303,1.0,5.462,2,51.97400856
34.0,6.06549636,5.66594717,7.067901575,4.365831967,257.9817321,95.95257284,1.761814151,8.364310796,1.0,5.989519642,2,53.62824205
37.0,4.970732567,1.86342024,1.332027842,5.715925909,347.1128477,96.92476489,2.0,1.775602503,0.0,5.462,0,25.46058654
27.0,1.407755581,1.025968633,4.815730568,5.196306057,163.0264581,100.0,1.652196216,6.573758992,0.0,4.219865463,0,86.78206069
35.0,4.1923555,2.622746524,0.0,6.221627219,261.686502,99.96637684,1.811591047,0.10870024,0.0,6.739635673,1,37.36072693
16.0,4.791640158,1.838088739,3.345691969,8.237756485,266.9418924,100.0,0.0,3.321882417,0.0,6.149797755,0,55.31082062
34.0,2.098571651,1.596204531,0.1382288,6.628786707,165.9822073,99.1409374,1.672683374,3.460502861,0.0,5.462,1,36.179356595
20.0,7.0,2.255248115,4.1412097370000005,7.466536656,172.7765752,100.0,0.0,0.811927691,0.0,5.462,1,95.88203363
28.0,4.777511302,1.219494123,1.444214396,6.517502160499999,83.41195508,100.0,0.0,1.218927195,0.0,4.449824881,0,15.97258289
19.0,7.085724977,4.187533082,2.813799361,7.320254265,207.0852161,97.84500745,0.0,2.788820437,1.0,8.176866834,1,27.04677794
38.0,5.03482241,4.368616335,6.222745386,6.517502160499999,69.95849414,99.92715718,1.915638974,5.156845955,1.0,6.582551077,2,36.76048673
28.0,10.0494623,6.680696323,5.887463716,6.35353265,73.81177896,96.60140418,0.093159653,8.323160623,1.0,5.290380349,2,36.179356595
19.0,11.30854614,4.09348533,5.975248658,3.693888529,150.9666207,96.80380201,1.340081426,8.102249158,1.0,9.176748787,1,41.70899476
16.0,4.144595437,1.382670323,4.300967754,10.3454893,126.8304275,96.6052214,0.250473846,4.807735341,0.0,4.274066459,0,63.58650257
19.0,8.608345181,5.770354346,7.981899962,6.282497449,508.5061851,100.0,0.0,10.64165326,0.0,5.639389596,1,82.9833123
25.0,9.52660867,4.292842827,3.557684565,7.358380807,193.8024757,99.83673247,2.118922265,2.588724844,1.0,5.645370645,1,30.22920169
20.0,3.460604996,2.182165066,6.503800417,8.44957128,120.2721288,98.75347787,0.600821656,10.3431047,0.0,-0.073699224,0,96.98794783
31.0,5.649240101,3.587621506,2.037161675,4.345075342,57.76636818,100.0,2.630297242,3.831884086,0.0,2.344165997,1,16.1699084
27.0,9.346368782,7.036432487,6.375817364,7.632160906,85.05672055,99.3985325,1.573669426,6.215842349,1.0,6.225444027,2,42.1477431
31.0,4.141153395,3.946499008,5.354481056,4.853368579,70.78394972,97.26046254,3.370366737,7.831997093,0.0,3.548843686,1,49.0971417
22.0,11.18090642,3.539631307,1.410279993,8.275376085,160.5825732,92.51050579,2.314999502,2.795678127,1.0,11.04539324,1,7.057726274
30.0,11.58661314,5.726937196,3.892370093,7.081014711,321.3211854,100.0,2.867762935,4.482276489,1.0,6.851348131,1,10.70748064
37.0,9.671675106,4.709109288,1.613167767,6.231022914,251.8327148,83.87946024,1.431092773,1.148468574,1.0,10.46402535,1,4.340942357
29.0,6.599901873,5.335758486,4.1412097370000005,7.130888202,49.71074065,100.0,1.478627384,8.059222049,1.0,3.385918584,2,71.05805158
23.0,2.651484738,1.787736305,4.1412097370000005,7.556166048,165.9822073,99.83372277,0.441035671,1.550798377,0.0,5.462,0,20.0718953
32.0,7.0,4.180455001,3.660781532,7.198381445,23.7191253,97.71757033,1.215692915,3.055706173,0.0,5.462,1,53.73298724
35.0,10.43956137,5.241028787,6.079870358,8.891311193,197.1254465,99.11994344,0.0,5.559341042,1.0,4.368332002,2,61.78808669
39.0,9.302113159,6.759456464,1.679399121,8.049827686,270.8781618,88.85495097,0.391200859,3.196215881,1.0,9.259730949,2,4.071555136
27.0,7.0,1.440218629,4.1412097370000005,5.536715272,228.9840301,100.0,0.448490577,3.233704178,0.0,5.704382774,0,10.67535975
29.0,3.909843242,1.002303155,5.858491817,7.401238553,124.6758013,95.90580105,1.584542145,4.19076936,0.0,4.95966478,0,85.47936253
33.0,12.00006552,3.771381605,1.941148284,6.754298004,151.362261,92.29731165,0.829237957,1.562242939,1.0,10.9109172,2,14.69816142
27.0,6.745051121,2.770450768,6.048342302,4.90329108,158.1885794,99.72408273,1.551005457,8.215941465,1.0,5.013221119,1,59.59752603
33.0,8.131035005,5.428385408,6.988668189,8.236302833,223.4747824,98.28455903,0.6891081,7.445354223,1.0,10.56517905,2,49.44201569
17.0,10.31720625,4.969302753,4.519492228,4.562794492,231.6173871,100.0,2.484367825,4.782953045,1.0,8.815077166,2,7.181438704
36.0,7.0,1.915438439,3.782166525,8.962606946,79.58972044,96.90445347,0.155439967,4.318535516,0.0,5.462,1,51.70305759
19.0,8.442538097,2.365520489,3.372980578,6.095755292,254.2235643,97.75695128,1.131924584,1.47029404,1.0,8.093697908,1,52.01557189
26.0,9.794481033,2.608426099,0.125913443,6.517502160499999,0.0,94.51226001,4.416195781,2.571019043,1.0,2.579164904,1,11.43493104
18.0,4.709024664,2.299789799,1.29517125,4.350058986,169.1224984,95.87851891,3.459519076,3.883333414,0.0,4.49797233,1,19.64004091
37.0,10.4046957,6.302497811,0.56090132,8.550672963,210.0271142,100.0,0.749132734,1.002138507,1.0,12.18272169,1,11.8731019
38.0,3.695135763,2.593537065,4.78685086,6.754647658,203.946804,94.97921807,0.24341601,3.902633693,0.0,3.962044608,1,51.10806895
29.0,11.85844633,7.223579643,5.65110004,6.85053786,12.62648465,97.55268268,0.861272714,4.0,1.0,3.553426528,2,35.14707228
39.0,16.93229502,5.786538327,6.480809647,7.993653886,77.89280185,100.0,1.456379645,4.164554827,1.0,4.4661703,2,77.5255776
27.0,7.781232192,3.13265884,1.335583888,8.214276097,120.9728165,98.45291759,0.818610031,0.010046584,1.0,5.130403083,1,9.406905362
29.0,3.290077539,2.068439796,0.180751677,7.556519565,164.2267303,99.90605498,1.66195482,4.555018604,0.0,5.285670461,1,6.982803996
24.0,10.93397697,6.269485792,4.354566153,4.757168542,16.13797793,99.64720617,2.987394168,4.0,1.0,8.254287596,2,13.14771435
21.0,2.9805502,1.360500552,5.566528555,7.839300157,323.3940276,100.0,1.317970464,5.102850545,0.0,6.300066877,0,63.35284986
36.0,3.127715992,2.70809787,0.696626854,7.635177188,42.19828571,97.11710352,1.307939933,2.52894683,0.0,2.452321174,1,33.25793609
27.0,10.94181693,9.353054087,1.457589928,7.981246789,100.8625943,78.76797895,0.0,4.48438557,1.0,8.994633606,2,6.714389944
32.0,9.95090633,4.28956189,7.801011027,4.355946908,34.90375189,96.65161773,3.648978826,7.808484699,1.0,3.550321211,1,72.85535254
16.0,5.834337207,1.713994654,4.414401166,7.08809576,489.0198996,98.76442625,0.0,4.0,0.0,9.617422072,0,61.31745113
27.0,10.62777953,6.336423559,0.93464628,4.703810387,165.9822073,86.62974602,2.561948014,1.033823335,1.0,5.462,2,0.831266206
16.0,3.282963609,2.625073896,6.664479326,7.521805294,171.0818886,98.78635543,1.259142154,6.434467113,0.0,3.887821684,1,99.60094735
38.0,6.191511768,2.233705817,1.313684677,5.902557402,18.29283251,98.28178725,3.084770911,0.88779059,1.0,3.855131483,1,16.48233276
26.0,2.975827275,1.644179494,7.340951247,7.569919886,189.0992102,100.0,1.755845231,6.603262377,0.0,-0.51676462,0,80.82236486
24.0,7.269504173,2.562662032,3.139143168,8.1987468,195.0612836,99.82221978,0.0,4.606439114,1.0,5.720992784,1,36.179356595
30.0,4.11442471,2.377673666,7.479322638,6.953376632,104.3574664,100.0,0.0,3.298906546,0.0,0.426550737,1,100.0
23.0,5.81365507,2.771093331,3.563592818,6.823634254,165.9822073,99.93264391,0.0,2.471764328,0.0,9.409864529,1,44.23299873
29.0,4.665129376,3.065706517,5.999131249,6.517502160499999,104.5860861,93.61267347,2.0,5.571285721,0.0,1.228065168,1,83.12121918
24.0,10.33707833,4.246626874,7.048949879,7.456589984,196.0889783,94.00916122,0.0,6.276996119,1.0,6.053340507,1,81.34253509
22.0,9.838490814,7.745864135,6.506633217,6.855446266,66.84809842,99.0439671,0.683612118,6.998234266,1.0,3.312034481,2,38.56450998
39.0,5.171811925,4.083223708,1.231841895,7.942953897,128.1966374,100.0,2.358689528,2.141709854,0.0,6.362949529,1,18.97185072
23.0,8.320998189,3.019550455,4.1412097370000005,6.317121883,180.634092,99.29540442,0.885460834,5.583661257,1.0,7.505476131,1,71.03522579
32.0,7.478953132,7.794712095,8.290984701,6.517502160499999,195.1895094,97.40782308,1.600259226,5.619871177,1.0,6.143118444,2,58.53764373
34.0,11.86274921,8.338567243,7.246370403,7.256803023,260.1647752,89.77906064,2.650955922,5.6115305,1.0,11.17357785,2,31.35335383
25.0,7.333585991,5.688238311,0.884058196,4.337302517,165.9822073,100.0,3.902774687,2.358716964,1.0,5.462,2,1.723531003
37.0,7.960465446,5.178212606,7.354457589,5.742982719,165.9822073,100.0,1.25434925,9.922551373,1.0,0.745528909,1,87.45431298
31.0,2.951913231,1.804290969,3.625914599,6.2544937,120.9046371,100.0,0.612638714,3.913849129,0.0,3.990097679,0,59.92396979
38.0,7.621449421,5.920995347,4.087982232,8.170458698,278.9632756,91.00975642,1.564202931,2.283441544,1.0,7.42399819,2,9.175071856
19.0,11.63942857,3.953690355,6.461442791,4.202955552,165.9822073,99.85022724,2.521100465,8.586439074,1.0,5.476967033,1,54.04657914
23.0,10.09663183,5.997396122,4.542404651,5.399994289,45.35101227,95.67859786,1.491439398,3.360062442,1.0,3.953145802,2,31.59643684
17.0,4.852292638,2.087193068,1.740580189,4.272515844,169.2899019,95.55393319,1.778802493,2.380110337,0.0,6.751491732,1,36.179356595
34.0,5.946811314,3.646763025,8.025800246,6.517502160499999,265.6250255,100.0,4.69598116,5.590057789,0.0,8.788660668,1,45.75304729
26.0,4.321557293,1.694576691,0.334910423,7.564819786,255.5442978,99.91555711,0.003078438,2.758794759,0.0,4.48099177,0,25.99182295
35.0,9.912016786,3.851694262,5.67044519,7.186100485,277.6896866,100.0,0.358881173,8.528244587,1.0,10.04550016,1,41.69007818
36.0,5.876268135,2.543551282,0.392451166,6.104112617,7.491074975,96.51975077,1.458841558,4.423291961,0.0,6.90147813,1,24.41384883
36.0,7.0,5.984741156,4.130921115,4.612161823,191.977852,84.31697853,2.208623136,4.0,1.0,10.32514166,2,29.92565674
28.0,5.71955219,4.549232108,5.29437534,5.634734633,253.9475266,93.59252675,3.00225136,3.313453023,0.0,-0.556196175,1,38.71847152
25.0,4.240390344,1.641172602,5.955060885,7.202498758,251.1621777,100.0,2.146000439,6.135647427,0.0,9.714680605,1,95.82402604
24.0,8.765903449,4.462425829,6.907389365,8.810538251,137.0434454,100.0,2.223567942,5.273676898,1.0,6.973686031,1,60.6694013
16.0,8.008278475,4.196688333,5.265651908,3.867600179,242.6787197,91.13384467,4.782753782,8.098009609,1.0,2.663252604,1,32.79502105
26.0,8.67868823,6.43196825,7.486533758,5.758240703,94.64704616,100.0,2.0,6.994027346,1.0,2.455002967,2,68.60757143
31.0,7.134964599,5.32411314,0.730821852,5.777973666,0.0,95.63263104,1.482771485,0.310396775,1.0,5.863763901,2,4.143824896
20.0,8.479243291,4.0109189,3.172403702,6.390500321,165.9822073,100.0,2.0,2.120401653,1.0,5.462,1,31.52544019
33.0,6.517397405,2.34964787,4.35146011,6.445319729,197.036501,96.41241664,1.717262548,2.254856826,1.0,4.746079229,1,51.83883789
33.0,11.94688624,3.705833048,2.409604472,6.517502160499999,278.443379,98.21935992,1.080450957,0.529353675,1.0,10.95235484,1,40.91641678
34.0,4.214871451,3.518155487,7.40270753,5.066074353,168.0888121,100.0,2.238248783,8.212033998,0.0,4.340237545,1,37.09512938
32.0,12.22666043,5.029428754,0.496172086,4.96048909,120.695713,83.00311286,1.468079705,4.751966755,1.0,7.219854933,2,4.339031144
36.0,6.464204969,5.279912916,4.1412097370000005,4.343465121,246.280077,99.62242633,3.98252525,4.015155932,1.0,5.405704729,1,56.60754667
18.0,2.485233619,1.616628839,5.807332656,6.774862129,618.5742511194022,100.0,0.264994782,6.391711533,0.0,7.593011648,0,68.66867001
27.0,7.931638867,6.376122691,5.071416202,6.789004442,223.9130155,100.0,0.976497888,1.1400566,1.0,5.521016745,2,19.6742745
24.0,8.151047239,2.824663122,7.37287345,6.19223156,251.5814603,99.38793384,0.907582295,10.36801701,1.0,4.1813144,1,64.13392803
27.0,11.30263506,3.771381605,5.533239125,5.746313878,61.26497635,83.80231443,1.319462728,9.271431683,1.0,3.942020865,2,14.98733341
37.0,10.82762619,8.197606673,1.059361707,8.031331625,339.9028714,81.08930609,0.915352119,4.651080884,1.0,10.11623729,2,0.0
23.0,8.454098756,5.060813486,7.16936106,3.79312348,94.72364082,99.60030951,3.205284579,6.037143368,1.0,2.760979571,2,48.88983054
34.0,7.099420893,4.156000449,7.53760722,6.133624588,201.3784637,96.6238115,1.670394888,8.319059102,1.0,1.861080252,1,62.47843372
23.0,9.448502936,6.066224657,6.754398111,9.02833031,144.3599064,100.0,0.0,5.725068388,1.0,6.056372143,2,74.8384413
24.0,12.11855671,10.17660603,3.043212292,5.343223931,82.90275108,69.07463283,3.914660072,0.0,1.0,8.539572285,2,0.0
36.0,2.409778543,0.114869926,2.107081292,4.620013484,113.1280479,100.0,1.2814251,4.0,0.0,1.21187066,0,31.81003966
34.0,11.45696998,3.771381605,5.288015581,4.499966882,145.8635393,94.9149633,3.607327169,8.229759239,1.0,5.755412654,2,20.62477296
27.0,10.05412163,3.771381605,4.653905672,4.505245761,52.96221833,75.91752725,3.086092673,7.571229191,1.0,4.315360474,2,18.07242059
31.0,6.966711221,2.4431987,1.960451658,7.311768124,531.0206863,98.09250182,1.791819433,4.0,0.0,4.801056475,1,45.32806451
25.0,3.790441178,3.135161647,4.1412097370000005,6.009895866,281.9600356,98.24619854,0.337270722,6.721364629,0.0,5.462,1,44.4190578
17.0,3.780959257,3.212633758,2.038195986,8.451258176,182.3236503,99.94460518,1.29258152,3.475710184,0.0,3.148171418,1,43.63085126
27.0,11.35925339,5.715250881,5.190542322,7.20804659,43.72067836,100.0,0.78655185,5.454266837,1.0,3.945078635,2,41.67080757
27.0,6.241101041,3.772474061,7.195519206,4.794956517,127.7293183,96.7583751,4.090427901,11.23699493,1.0,1.989945247,1,80.66656132
38.0,4.02162921,3.771381605,4.308039037,8.74266605,165.9822073,100.0,0.0,3.126469642,0.0,5.462,1,36.179356595
21.0,12.58748976,7.024102904,4.252095704,5.215932143,162.0187437,80.33301611,3.480870141,3.368061423,1.0,7.796333223,2,8.95119894
38.0,4.413011595,1.47719233,7.26587354,8.106673119,392.1952295,97.69929606,0.0,5.698725936,0.0,11.8568669,0,98.64353324
25.0,8.953775846,4.006510122,6.901619348,4.938838534,109.8745247,100.0,4.479059885,9.666619058,1.0,5.311421962,1,38.45250344
23.0,2.965527375,0.926837821,4.583958037,5.039102658,288.9129257,100.0,3.863902149,2.419254335,0.0,8.202697354,0,73.08517362
25.0,7.0,2.819585887,2.357228222,5.097934873,22.53146844,100.0,2.371043854,2.790419705,0.0,5.462,1,35.15758881
29.0,5.485137411,3.458736538,2.648223128,4.751813281,166.8874307,97.6916336,2.097091681,1.131108534,0.0,1.057640753,1,34.69118699
33.0,10.83400854,4.800562371,7.646482036,8.711062873,165.9822073,100.0,0.047687712,8.33206141,1.0,5.462,1,97.80353779
28.0,7.0,2.743180575,2.095900443,8.767345694,188.7903176,100.0,1.344161679,5.919509852,0.0,4.190020957,1,53.68496882
39.0,7.644474845,4.342836573,4.202669684,5.852929453,100.3902872,100.0,1.71091926,1.698203942,1.0,0.572183709,1,36.179356595
38.0,7.0,7.954005018,3.52945091,7.969198238,202.1700053,97.94538951,1.953457093,4.0,0.0,5.462,2,11.56006674
36.0,9.600172646,3.865402114,0.67391505,7.236587328,38.79183369,100.0,1.25300718,3.972311518,1.0,5.4392345,1,5.733368233
27.0,7.0,6.189876805,7.812651725,9.057678983,194.2546388,100.0,0.394388185,9.987389507,0.0,5.462,2,67.23449623
21.0,6.572095425,3.771381605,5.607810007,6.517502160499999,111.1998947,97.9754974,2.531733717,8.480464978,1.0,4.580245877,2,27.7623796
38.0,8.739089972,6.120437562,7.979326876,6.533381999,196.0089222,99.33863135,2.009866177,9.151157155,1.0,5.989790618,2,52.72186561
33.0,12.3273972,9.220002654,2.962963905,5.87309961,161.1118396,67.46940515,3.339392312,1.39313839,1.0,11.31662762,2,0.0
32.0,6.65553236,3.334888226,1.263818425,8.524637021,238.4449767,94.79282943,0.0,2.909129323,1.0,8.583153708,1,7.91175628
16.0,12.01312805,7.309746952,3.148777133,5.294612516,144.8339063,76.37161908,3.94036086,1.425444074,1.0,7.644770449,2,36.179356595
35.0,8.580375073,2.73697391,3.141397109,5.813454057,231.3307257,100.0,3.669864514,0.413974096,1.0,9.361239136,1,34.05252056
26.0,7.247231908,2.331488063,1.078230506,6.00338222,195.1261296,100.0,3.452763973,4.00546819,1.0,7.130741076,1,21.1188749
28.0,7.131678366,5.807502905,4.909312739,8.035268021,46.67183403,98.66217715,0.0,6.440505218,1.0,3.394147601,2,48.23612177
39.0,1.918055062,1.204987916,6.717188303,5.278680562,428.039442,100.0,4.181827938,7.305373256,0.0,6.482322764,0,58.71636044
29.0,5.948194783,2.687008814,5.299398275,6.517502160499999,229.8941533,98.57887307,1.49082733,6.87171205,0.0,3.645016808,1,70.42473252
18.0,6.526231557,4.114277298,7.16003431,4.725514727,124.3318549,100.0,1.986202414,8.029565616,1.0,1.875195357,1,79.40590992
35.0,9.60840873,8.005782834,4.1412097370000005,6.433593454,118.3810787,96.91658607,2.789321567,1.343590068,1.0,5.462,2,32.86213065
15.0,6.889281733,3.315807824,0.584116562,8.049375806,123.8301865,98.34755801,0.911123025,3.141527853,1.0,5.19995193,1,40.88838856
27.0,10.51216226,9.193645573,5.895362081,8.2567831,188.1172358,92.81853749,1.668221502,5.42278721,1.0,9.562895439,2,34.95514164
34.0,3.6985367,1.604896312,0.653321415,7.351447149,165.9822073,95.25335271,1.48171703,4.105110575,0.0,5.462,1,36.179356595
29.0,4.156527997,3.276582804,0.0,4.043806904,34.4682391,99.77245527,2.988737682,0.915978534,0.0,2.708629012,1,0.0
27.0,8.026867263,6.873984986,6.190549904,8.20929726,217.6123628,100.0,2.845588861,9.335889269,1.0,5.406959703,2,44.57367602
20.0,11.46927239,5.411642024,4.040041254,4.924577242,117.4953398,85.42416314,2.181843342,2.86362825,1.0,10.27349548,2,36.17660202
37.0,4.096527427,1.600484908,2.796113124,5.156877801,190.834543,100.0,2.970049388,6.411927895,0.0,6.793815644,1,5.730454824
34.0,3.988251609,3.675955508,1.034583047,5.316848426,136.574777,90.62810574,1.971676857,2.768464899,0.0,4.892630986,1,6.431439895
24.0,9.430543682,6.180599999,4.1412097370000005,5.996621269,122.2154852,79.18212786,0.753746674,4.649627993,1.0,5.462,2,6.570770076
21.0,7.189368873,5.069634906,7.45010988,4.006984215,112.6390075,96.64804299,4.157661618,6.578567549,1.0,0.973551779,1,68.03782652
25.0,3.102341046,1.257182587,0.273554075,4.720697155,165.9822073,98.78276529,1.051774952,1.442218653,0.0,7.956830843,1,21.16001077
16.0,3.839810677,2.114755967,6.46795403,5.250483944,135.5172036,100.0,3.733114272,7.07439435,0.0,1.0061555,1,55.29255354
22.0,6.456733089,4.246526797,6.835142483,7.328371711,54.27209524,100.0,1.174311676,6.070697904,1.0,4.777165581,1,55.44862252
31.0,9.724758796,3.231893259,4.1412097370000005,4.914855687,105.2385031,100.0,3.078682855,4.529783767,1.0,5.462,1,72.09106413
27.0,2.367975493,3.400632985,0.386437945,6.616482608,122.7007144,91.30157419,2.20337496,4.240860477,0.0,4.050720283,1,4.065284026
24.0,10.62638922,8.61964104,4.68225244,5.993669769,172.5573437,83.57440782,2.415242018,3.726278792,1.0,9.790114966,2,9.199394593
32.0,10.36742083,7.625106249,6.094530078,5.425214116,80.49725153,90.89881929,2.0,7.27825109,1.0,6.958460475,2,7.56625844
19.0,4.605534243,3.823086732,1.393217879,6.517502160499999,186.5526659,100.0,0.0,2.876526151,0.0,5.830619415,1,4.286489873
15.0,5.465502106,1.946268181,2.332671944,4.356971488,285.1891242,98.71890468,4.428417609,3.519286828,0.0,5.462,1,13.80373808
27.0,6.753347924,5.616957215,4.1412097370000005,8.14314385,165.9822073,97.12548476,0.0,5.872543124,1.0,5.462,2,39.0895192
16.0,5.447972803,1.722631416,5.266849933,7.827625106,507.5868768,97.45544865,0.0,4.0,0.0,11.09005567,0,56.20741426
35.0,5.289780704,2.321338173,1.626416762,6.116683314,207.181114,100.0,3.059326257,3.871846443,0.0,7.008570048,1,31.42851263
21.0,5.166762943,1.662832998,2.063745012,5.893636831,269.5908051,99.75621077,4.80965923,1.073278486,0.0,9.397253218,0,25.2743264
18.0,3.567568021,2.716998169,4.849500432,5.858322125,204.60147,98.11838676,4.052078223,3.752537358,0.0,5.358100259,1,62.3558759
28.0,12.10239867,5.649032405,6.943325308,7.931720539,174.4997432,99.07483489,2.112971451,8.134042596,1.0,7.82793602,2,57.70739618
30.0,7.07998779,5.005802397,6.075646444,4.206311006,242.7486255,100.0,2.225294137,8.645578069,1.0,5.264338646,2,17.20968838
24.0,7.860662806,7.788487684,2.580241688,8.458895585,148.9488897,100.0,1.75185232,1.272415686,1.0,6.784550151,2,20.13497307
32.0,2.853476473,1.057683132,4.14464933,8.048535499,165.9822073,100.0,0.0,2.426853035,0.0,-0.043997242,0,35.10699874
22.0,15.43853604,4.305778958,6.000373231,6.261826285,72.21333632,94.74368816,2.0,4.887406556,1.0,5.768407846,1,66.48988078
17.0,2.860338717,1.577098339,2.034639599,8.007434323,57.33114543,99.54669317,1.043271634,0.0,0.0,3.178885034,0,49.74250995
34.0,9.028750053,3.771381605,1.661053456,8.553966506,78.89777302,86.4856327,0.398517156,0.482735422,1.0,7.364388739,2,0.053978492
33.0,4.483263535,3.476658179,5.123408252,8.496287269,18.00469082,100.0,0.133924197,3.74068602,0.0,1.023376276,1,45.69187486
20.0,7.531730889,5.701283052,5.838838106,5.455087348,165.9822073,100.0,1.846194519,6.895345819,1.0,5.462,2,28.80908339
28.0,4.057625355,2.710118884,7.812553363,7.124898736,211.6548016,100.0,0.648343323,4.870897111,0.0,4.658665007,1,76.26957424
25.0,14.69222398,7.457409664,5.893553633,6.218694004,185.1481894,97.38258987,1.108499623,5.527068254,1.0,6.850761578,2,42.50069158
27.0,4.246871701,1.711256271,4.1412097370000005,9.135750512,169.9614659,98.01695999,2.125833936,2.13762287,0.0,5.462,1,67.25700696
33.0,7.658804452,7.550438154,6.114627249,8.855156151,20.19746618,100.0,0.287897885,6.994886161,1.0,0.433042427,2,35.08455332
26.0,6.216462633,3.796355843,0.218671108,4.182426134,174.9053115,92.92021952,3.334799842,5.108632764,1.0,7.315084946,1,36.179356595
27.0,9.583922414,8.37031131,7.451059811,4.270108698,24.21253493,100.0,2.94141666,6.349192844,1.0,6.957504423,2,34.08776699
38.0,7.956342599,3.060949329,2.03442899,5.723308099,224.8012032,97.08937276,2.451883873,0.118435319,1.0,6.018960978,1,25.63876402
24.0,5.261255326,4.334499869,0.459139742,4.004528981,174.1205002,94.26036761,2.189322684,4.368043886,0.0,5.721469108,1,0.0
29.0,10.88266616,7.553842067,6.4079987,4.869557603,140.5396287,100.0,1.158244439,7.289485545,1.0,5.557233169,2,17.07880884
34.0,4.862752292,5.504861882,7.769172277,7.956289455,233.2782245,100.0,2.94184181,6.067692719,0.0,9.59258571,1,72.45411927
16.0,1.660007331,1.027093197,1.899830517,5.118247799,114.1747443,100.0,2.639798816,2.143981505,0.0,0.622098529,0,46.14436091
18.0,7.592892908,3.459039993,4.424586566,4.461231617,148.3997421,98.9807563,2.281822826,2.919543128,1.0,5.116149357,1,40.29355895
22.0,8.957465968,5.154789774,0.455681565,5.465142542,280.1460463,68.28285175,3.544198929,2.578824689,1.0,9.215577037,2,9.267912018
15.0,4.868550367,3.34369053,8.041667147,3.814797028,209.590361,99.73810507,3.59247878,10.00430316,0.0,1.704888906,1,68.52882726
20.0,6.359433487,4.567224917,1.659803923,4.975355849,252.3370922,80.67900807,4.16633921,2.289589458,1.0,5.111199393,1,0.0
23.0,3.288513897,1.981922563,0.647090369,5.443643963,223.3299419,96.98091555,2.791945817,2.700354263,1.0,7.053495481,0,20.846815
16.0,7.0,4.89507367,2.203975202,6.098985712,124.9050986,94.44186882,2.070039839,0.358804252,0.0,5.462,2,18.3714458
38.0,8.827560325,3.392168222,4.1412097370000005,5.402329677,272.4073597,77.33139334,2.818661371,1.25043976,1.0,5.462,1,36.179356595
27.0,7.536862921,4.806347417,4.1412097370000005,5.280115745,129.7683986,83.4418016,3.26848302,1.445811228,1.0,9.150903576,2,9.396814084
22.0,6.313331541,1.71624894,5.424643558,6.517502160499999,80.03049771,99.84597187,0.765476449,7.193921587,1.0,-1.371743577,1,77.05317593
29.0,5.952116093,2.934199974,4.382498632,6.399953659,148.1096916,100.0,2.482824428,4.816428968,1.0,2.106557742,1,16.06828453
29.0,4.38826485,3.352759373,3.557151578,8.498554743,97.9865774,100.0,0.853055256,0.702756014,0.0,1.43727727,1,54.94612809
32.0,4.293392372,3.812926127,5.659924043,6.517502160499999,208.1941263,100.0,0.624507056,7.08182431,0.0,4.594694947,1,34.21127249
19.0,3.324242797,0.61264276,4.253340857,5.273390372,191.1567757,98.57090273,3.276586786,1.110631899,0.0,3.307440442,0,45.52017137
18.0,3.23649117,0.561005638,6.014518808,8.053319762,251.813939,100.0,0.861140448,6.82785972,0.0,4.448074507,0,80.1211733
20.0,6.602432005,4.2602102,4.1412097370000005,8.96433566,175.7539691,100.0,2.861976188,1.311795203,1.0,5.462,1,49.62387124
37.0,10.96843646,5.551794035,4.42032608,4.369837706,64.80198634,87.6660199,2.320277939,2.377563558,1.0,8.368299058,2,13.00411328
22.0,12.97303613,6.403733836,4.993400375,6.446427438,182.6089903,100.0,2.353964703,5.70056777,1.0,10.24553915,2,17.4966193
18.0,5.811345886,3.771381605,6.255503611,7.878388505,176.6528954,100.0,0.0,8.062637721,0.0,4.674386606,1,60.50234562
23.0,9.142214616,3.67195752,0.169912692,6.398433598,183.5702241,96.96186488,1.375916544,1.941024034,1.0,8.031254866,1,0.0
19.0,3.46402081,1.050421962,4.520888957,4.84179461,203.3727751,100.0,3.894281502,1.674713342,0.0,6.646022342,0,42.77552887
33.0,9.048634696,3.771381605,1.148187347,8.163996448,246.1945655,94.10627579,0.893556478,3.153641049,1.0,12.8722221,1,0.0
17.0,8.179284684,4.54408839,1.921112899,4.6218568,326.8164431,79.21969997,2.965561652,3.902959369,1.0,11.32622322,1,0.355588916
31.0,7.0,9.501183709,0.248690484,7.752614688,178.6994236,72.48948937,2.132973295,3.506190698,1.0,8.802828281,2,0.0
31.0,4.071940828,1.715306181,4.1412097370000005,6.432357214,487.623733,100.0,0.407494862,2.592174241,0.0,5.462,0,61.59197206
24.0,6.425641282,5.541221568,5.696341208,4.93796902,53.54321886,97.08034842,3.318895428,8.377110182,1.0,3.735407079,2,27.86204032
28.0,7.721398722,3.342274916,1.768229496,4.449915657,41.61852012,96.81784926,3.909756871,3.132363168,1.0,3.052309306,1,9.396860781
22.0,7.012900478,2.079328735,4.253516163,7.922599229,120.649482,98.80801243,0.681338156,1.418179032,1.0,6.374894041,1,64.95021636
19.0,5.78614989,4.069405118,0.675179604,8.763658405,272.2977479,97.60875952,0.578792808,0.168095136,0.0,8.664559151,1,36.179356595
37.0,13.95516082,5.358563948,5.934198894,6.159316063,449.2167142,97.40219153,3.324053419,7.007114354,1.0,16.51097121,1,43.92908285
28.0,9.268651353,5.148999881,2.549877199,8.615901588,165.9822073,99.3237518,0.081010586,1.338337846,1.0,5.462,2,8.617601408
35.0,5.957145549,4.242661592,3.393525759,7.935072437,228.950358,99.67997319,0.920148193,0.901993006,0.0,3.056566971,1,24.71300273
23.0,4.748391133,1.915874454,1.563308186,9.702667849,110.9139328,96.96439228,0.772601953,1.435529001,0.0,3.337974046,0,31.72598113
29.0,12.12194988,9.527054252,6.170863509,8.649433583,25.93286367,89.22069625,1.793844564,5.51036997,1.0,4.775846938,2,10.34464278
31.0,4.254979538,1.528126287,4.1412097370000005,6.980589399,58.75812291,96.92046238,1.01935205,1.408477963,0.0,5.462,0,46.99474293
27.0,8.77781984,6.145480751,0.417536302,6.371385205,235.0623178,74.70265955,0.0,0.489574356,1.0,7.747978768,1,0.0
17.0,5.079943601,3.478355139,0.607297951,6.364252216,267.9903425,100.0,0.439841947,1.551036344,0.0,10.28470027,1,6.805443464
27.0,8.560788348,2.07202142,2.131188471,8.531622921,238.4856331,100.0,0.0,3.274763828,1.0,9.477317381,1,38.39060254
32.0,9.294620519,8.06764303,8.094422391,4.063464861,152.3524573,96.71871718,2.940974598,5.788211224,1.0,5.542487982,2,39.68046262
18.0,7.0,2.733143641,6.527279534,4.405307913,33.45990607,98.1208153,1.651598889,10.13935552,0.0,-0.888077985,1,67.76300033
25.0,13.50811998,3.771381605,5.221690066,3.500082444,329.1355867,97.47817263,4.552048469,5.41070067,1.0,9.51874188,1,34.00486945
22.0,7.513896301,2.744813163,4.088962626,7.727040846,185.1039601,100.0,0.57793012,0.339861,1.0,5.397647067,1,43.56210345
26.0,7.868619115,4.823255395,5.670219273,4.584951479,70.79548526,99.36474979,4.099517299,6.492836284,1.0,3.839142135,1,41.97192168
38.0,7.4646949,2.66027988,7.228931225,8.320680416,78.94972226,100.0,2.046055988,9.512849578,1.0,3.957466323,1,58.81892279
27.0,2.955833751,1.86370167,1.517453418,8.148259107,165.9822073,100.0,0.562619791,0.864689525,0.0,4.069482492,1,40.51705806
38.0,11.53907552,5.376733964,7.571639375,4.966504564,154.2557486,100.0,3.68975713,9.811905732,1.0,9.566717209,1,36.179356595
27.0,8.976849708,3.637847689,4.304823554,5.186891002,356.2506085,98.60339109,1.131870158,1.455627755,0.0,6.246098855,1,40.41273607
16.0,10.41731857,7.936236712,2.868525959,6.800810639,186.3439854,76.78260275,0.972918641,3.635233529,1.0,8.75166585,2,4.661665779
26.0,7.0,10.02016767,1.595006933,6.348578819,308.2724075,53.49402769,4.709850506,3.157781391,0.0,5.462,2,0.0
23.0,13.04956961,5.274102037,4.37923361,6.517502160499999,341.991712,98.55122768,3.727246124,7.154551501,1.0,12.91466109,2,39.48820027
26.0,3.217801421,2.050494804,8.029912104,7.327860863,145.4416596,100.0,1.763561323,7.003230827,0.0,1.688767761,1,86.034655
34.0,9.534832248,3.771381605,2.161514078,6.637249306,223.6722826,62.58841513,0.001161636,2.22488699,1.0,8.971165633,2,0.0
26.0,5.124845136,3.771381605,4.486670735,3.778898,172.0084364,98.75216958,4.386116718,2.552951337,0.0,3.973161327,2,34.84226918
34.0,10.66260842,3.771381605,2.314698438,6.755679915,230.5879009,68.76717451,1.331931293,0.0,1.0,8.249785937,2,0.0
18.0,6.127419609,3.409199099,4.530161284,6.742745054,14.16161601,98.51664045,3.586249138,6.68945633,1.0,0.155775376,1,43.34004276
28.0,6.747947932,3.961497664,7.113417858,6.517502160499999,46.15177229,100.0,1.620061762,6.763194877,1.0,1.620601164,1,73.26303724
21.0,7.163210526,4.240537717,3.280610507,6.517502160499999,301.227679,94.50141822,2.473367924,4.959324087,1.0,7.948386316,1,0.0
27.0,8.435335904,3.079342822,4.1412097370000005,6.480837939,165.9822073,100.0,0.49866957,7.36847421,1.0,9.931728018,1,29.85437301
20.0,10.82858977,7.256000553,1.161408603,6.414232053,165.9822073,76.18605922,4.366041258,2.838381076,1.0,11.99093147,1,8.493682729
35.0,3.733337059,1.205840007,6.783773335,8.202619707,205.2571621,100.0,0.45845599,4.957788766,0.0,3.66862817,0,100.0
39.0,6.736817044,3.60081678,4.269271612,6.08192557,165.9822073,100.0,0.894822973,1.347597521,1.0,3.136878561,1,36.179356595
20.0,3.904005685,2.890679346,0.457313293,8.876830885,138.2327432,100.0,0.0,1.723432574,0.0,5.809573999,1,14.47328563
26.0,4.91335,2.415613659,3.227825211,6.527982575,165.1683756,100.0,1.242083585,1.367425031,1.0,8.676253701,1,1.517223899
29.0,3.656968427,2.063029795,2.325968012,7.476417155,234.10492,98.3374167,0.762103807,3.057452065,0.0,7.405912656,0,46.6859975
33.0,6.781196337,5.306364228,6.820484015,5.196675893,42.78141406,99.99460262,2.530224266,7.882538815,1.0,-1.240026149,1,63.20482541
24.0,4.278980094,4.844070601,7.363366246,5.580546335,209.0693335,92.94392158,3.626282691,8.603675286,0.0,5.838195908,1,68.27215336
31.0,1.437604282,2.129668905,4.1412097370000005,6.139522394,272.3292716,100.0,3.00399436,1.172887978,0.0,5.462,0,20.36123193
37.0,11.25017797,4.509685034,7.448683191,6.517502160499999,187.5640281,100.0,0.253792332,4.3126314,1.0,11.5402425,1,70.21339528
25.0,6.375362668,1.306379003,1.408018964,5.380100276,165.9822073,99.22811432,4.228326868,0.333850397,1.0,5.522345251,1,35.07045786
17.0,4.434966824,3.038931485,0.584909677,6.144217445,244.0240848,100.0,0.0,4.0,0.0,7.199629712,1,0.0
23.0,8.063148674,2.443202058,6.594517874,7.917380197,58.55552459,99.3394128,0.0,5.998885278,1.0,4.124809867,1,73.45403173
24.0,6.862952202,4.302582542,3.043338826,6.163589341,157.3021794,98.84831133,1.119289713,4.800208812,1.0,5.462,1,30.21964774
16.0,10.22960377,3.124855127,8.427730127,5.009075656,165.9822073,100.0,1.25501826,4.601195777,1.0,3.573566248,1,36.179356595
30.0,2.904389617,2.427322024,4.076017801,5.442975216,274.2229573,97.64727238,2.779467862,3.525447779,0.0,6.512563976,1,35.76067872
25.0,5.552609224,5.587579208,8.389991341,8.652297608,200.9691461,99.29416919,1.027767663,4.627959459,0.0,1.192632214,1,54.77061185
35.0,11.71732532,8.834087544,7.25583124,8.801272727,206.5155814,97.28634722,0.67924208,7.598797916,1.0,5.178178036,2,41.78181624
16.0,8.638614758,4.207160222,3.114931873,8.578736801,103.7505689,100.0,0.214749991,3.874845881,1.0,7.091193586,1,29.82259418
29.0,9.663815023,1.868879378,6.553994166,6.889511611,170.5317422,100.0,1.992842138,10.19705805,1.0,7.27202248,1,72.74533587
30.0,3.649166485,1.525294788,5.469321754,8.033711628,62.75391135,98.70628625,1.402062707,4.894372227,0.0,2.615229163,0,85.34430263
18.0,13.90653451,4.752885097,3.189394768,4.341034444,269.6919689,83.32123624,2.557487749,2.772968814,1.0,12.31675452,1,15.28782729
22.0,12.88296566,4.931464377,1.576051216,6.543997552,27.60714602,98.81782423,1.264752795,2.836510072,1.0,6.541655476,1,5.40954945
18.0,3.836675533,4.263120149,3.209994419,8.223314249,150.771777,100.0,2.0,2.379464692,0.0,6.548913419,1,18.35113118
21.0,7.0,3.270298273,5.525820338,4.786186254,243.0648475,98.67696305,2.497040221,5.190007461,1.0,7.020899334,1,40.22784615
31.0,8.95474113,3.582530459,5.63972148,4.620219437,221.1735948,92.9451349,1.761558214,6.138965981,1.0,6.542249695,1,43.04790106
27.0,1.973790133,1.738961435,1.601678909,6.517502160499999,50.93500571,97.88437814,2.173652944,0.0,0.0,1.396055074,1,36.179356595
15.0,9.666397765,5.153502625,7.330182015,8.699530353,618.5742511194022,100.0,2.0,7.152103314,1.0,7.935069241,1,62.60742267
19.0,8.53425288,7.502577697,5.510420877,5.552352164,178.6911431,100.0,2.697774978,5.875971996,1.0,6.054578351,2,38.72738411
15.0,10.01894649,7.362296438,4.592164383,7.92796897,79.91853339,100.0,2.793121976,3.047283063,1.0,2.260099202,2,18.73807844
38.0,3.02821998,2.510232262,0.501107469,8.132800173,23.62622995,100.0,1.902814821,1.826823117,0.0,1.303118284,1,33.24114314
25.0,8.823349253,5.118454425,5.348872462,4.269303766,281.3137183,99.877335,2.270687353,9.812978903,1.0,8.370173144,1,6.798541571
16.0,1.86669938,0.135846103,6.765610082,5.135217323,208.5512862,100.0,1.887696829,6.397951256,0.0,3.304333192,0,73.12613502
31.0,11.66244309,8.718408355,5.444729741,5.291458461,36.43938278,97.41253986,1.316270324,8.014990354,1.0,4.027789428,2,0.0
20.0,7.134504655,3.961155167,6.746412757,3.602250216,153.2699779,96.63384291,2.644934133,4.116483524,1.0,5.619960071,1,53.76769958
23.0,8.711781054,4.845464427,1.948069002,4.719678385,88.07581901,85.94028557,3.902601222,5.825961756,1.0,2.311934666,2,0.0
34.0,2.577648044,0.774328571,7.245115267,6.091003832,112.0708724,95.51289787,3.911703293,8.996450786,0.0,2.188226003,0,69.4709631
18.0,9.398057227,3.700603228,4.1412097370000005,4.677866584,159.8305082,100.0,2.576096032,5.892125292,1.0,5.462,1,58.85677704
38.0,7.0,8.276396181,3.422117807,5.69864201,241.5047875,83.0644032,1.738239324,3.629783945,0.0,5.462,2,36.179356595
31.0,5.949256071,2.931261798,0.655956563,7.480923395,158.3752748,88.32047298,2.0,1.30916561,0.0,6.060567324,1,3.131753179
17.0,4.629796846,3.073969134,4.185238276,6.634363625,0.0,96.70782196,0.0,4.0,0.0,0.565276438,1,69.39142908
37.0,8.911535517,2.773570993,5.327609761,8.363968335,95.93903926,94.78506397,0.396082872,0.784076484,1.0,4.315924894,1,61.60827068
27.0,6.277130468,1.822472695,1.70482657,5.271670515,317.3068763,100.0,0.779108859,1.016980559,1.0,6.916317163,1,36.179356595
38.0,7.0,1.012416613,5.252600035,4.459324463,30.4064964,96.74637206,3.331626849,7.714237826,0.0,5.462,0,59.42670545
26.0,4.479304928,3.061279935,0.956136065,6.195592682,264.8415068,94.02915126,2.0,2.652850544,0.0,8.021212309,1,1.877960963
38.0,7.0,4.677992089,6.519447568,6.475625634,259.0354284,99.87438004,2.0,3.057592932,0.0,5.462,1,44.53346153
31.0,6.63827539,4.351454615,4.066905022,5.190324123,123.9453878,100.0,2.081274351,3.900665082,1.0,3.008680958,1,27.68863749
32.0,3.510638402,2.227853361,6.472145665,7.460465855,130.9058261,94.39065071,1.586218023,8.041617234,0.0,2.554794458,0,36.179356595
35.0,5.445427973,2.918304925,5.823897129,9.00745161,214.9826976,97.85889648,1.341368763,7.758884513,0.0,0.93985256,1,76.33667922
35.0,10.08361001,5.641814365,6.265537512,5.755727203,66.4957106,99.77608374,0.0,6.870379807,1.0,6.597701999,2,42.25456238
25.0,10.66399444,4.604344256,6.462754107,7.209813026,295.2010403,98.92953018,2.00602682,6.179279924,1.0,8.269490606,2,67.14971734
25.0,10.13918452,7.995714376,7.582605626,7.795016261,29.95991692,99.01155032,2.0,5.734666627,1.0,4.171595936,2,58.93135897
25.0,3.078436399,1.398150716,0.088490846,7.367538934,255.7002243,100.0,1.653200387,2.584803486,0.0,7.497870924,1,45.34594499
29.0,11.85577205,6.477080613,6.675500339,6.039123079,47.88722019,100.0,1.012500775,4.0,1.0,6.813578727,2,30.36656731
16.0,8.473728132,4.355864997,1.46171222,3.79999757,305.313394,84.23010454,2.40729501,1.271508424,1.0,10.88986937,1,0.0
38.0,7.579481294,3.238391891,6.013663679,7.788339721,61.37210743,96.0343554,1.270283968,10.2703199,1.0,4.699433876,1,71.98815286
36.0,7.357273955,5.714470458,3.970538836,7.787734012,127.8863596,99.2962507,2.104654503,3.252240883,1.0,7.083333484,2,11.34006913
18.0,6.644173679,2.819836638,7.259768087,7.148999187,299.3904034,100.0,0.343400235,6.639141389,1.0,6.471471506,1,76.72055001
25.0,6.939581183,3.103214593,0.29039667,6.419408046,241.9073274,99.84016437,0.0,0.0,1.0,12.52359269,1,36.179356595
39.0,8.86696584,7.455304054,5.871416692,6.449530817,234.1200755,97.52207335,0.700858201,7.76742393,1.0,8.060207146,2,46.67626259
33.0,5.951836376,4.049189831,2.421111351,6.517502160499999,267.4330195,100.0,0.0,1.642066174,0.0,7.542280399,1,7.91731817
27.0,9.954460025,5.977790644,6.988969764,7.663817422,90.2749345,94.86063743,1.126540129,7.731719429,1.0,3.00382887,2,39.2794485
37.0,21.08852265,4.561545064,4.1412097370000005,8.145818009,253.5845377,98.478761,1.072621751,2.166177208,1.0,7.735905514,1,4.183674513
20.0,4.293615494,3.389385284,3.421669094,4.977856067,154.5815988,100.0,4.572941807,2.14342424,0.0,5.015651097,1,30.13335244
38.0,3.876581011,3.771381605,6.040791642,5.93869869,223.2873306,98.43386332,1.106037248,3.048419635,0.0,4.782353633,0,73.03387664
20.0,3.131504754,3.092529814,1.528827042,6.146664968,195.3681739,100.0,2.893178938,2.89748063,0.0,8.669363299,1,21.66485011
30.0,4.661643374,5.407239477,0.0,5.902979832,288.0355171,77.92270209,2.740057854,1.450318222,0.0,7.311561745,2,1.18416767
32.0,5.039731442,1.577352867,0.353115732,5.232191599,161.414085,100.0,1.509934991,4.0,0.0,7.000831999,0,13.55495102
33.0,8.180952305,6.832100595,7.54093481,4.503651641,15.53705079,100.0,1.784072155,6.717860288,1.0,-0.112159899,1,31.32021518
19.0,9.865921956,6.124985197,2.669320986,7.90662971,293.7092233,98.23921812,0.767270568,3.399159453,1.0,14.37276565,2,17.3171293
27.0,9.291061161,4.635090809,3.491689462,7.10732513,122.6781952,91.52251064,1.342023355,0.537500574,1.0,3.664313031,2,9.072108476
22.0,6.456517602,3.561280566,2.429779981,5.674101995,249.6803631,89.74877847,1.077805143,3.231778349,1.0,11.64150093,1,7.540941693
38.0,6.782542732,5.739020885,4.685047613,5.172825439,239.9120793,95.0281586,2.0,0.856931589,1.0,6.51231996,2,2.24444933
38.0,10.32273877,8.621551055,3.823616787,7.473817069,279.1970011,74.39740657,0.0,0.0,1.0,5.129120623,2,11.86455123
18.0,12.05232459,9.622512129,4.031506246,7.859388641,162.2449109,89.37041971,0.0,3.011993928,1.0,10.76568419,1,13.78585207
38.0,8.909581921,5.270041312,5.913194468,5.592995145,255.8173077,87.74647233,2.865077228,7.645508683,1.0,7.961828459,2,16.51311564
37.0,9.445752187,4.247494938,1.735195716,6.517502160499999,146.5360365,94.45631845,2.359860104,2.511242694,1.0,6.226156639,2,7.317071788
25.0,8.948848088,4.984445258,1.45796028,9.198627524,165.9822073,100.0,0.0,4.496382614,1.0,5.462,1,24.35949126
21.0,7.0,4.217955417,6.365927163,8.736855687,234.5820693,100.0,1.864260665,7.682820078,1.0,7.798090499,1,66.95880258
39.0,6.840124639,2.648325279,2.846731229,5.092087639,85.41555999,98.87067452,4.593657437,1.170130511,1.0,5.10352094,1,26.89379111
19.0,7.0,4.613288195,6.625616432,7.735053514,262.2094164,97.55693193,1.522806382,7.633059281,1.0,9.820888705,1,59.63257026
16.0,6.948593612,3.257277063,0.316859549,6.47326394,135.2941376,94.01037238,0.81917866,0.0,1.0,6.590220504,1,20.60546033
37.0,8.024163529,4.025945612,4.909205539,3.930357998,100.6893268,100.0,4.191643753,6.683916561,1.0,5.852555193,1,43.16650931
23.0,5.058633558,3.915197184,5.004222761,8.632834364,110.5174325,99.15055789,2.101930008,2.553754196,0.0,2.194869878,1,49.7449744
38.0,6.401155009,4.862918028,1.901687188,7.841327906,0.0,87.42440448,0.508925431,2.30781599,1.0,4.161199274,1,4.729719987
30.0,7.666500757,6.415267224,3.845849019,4.910929432,48.04424522,96.24056742,3.375310831,1.729449293,1.0,2.605576679,2,22.34150018
22.0,8.424684744,4.475381433,6.831962138,7.136589554,189.1904113,100.0,0.0,5.78549612,1.0,3.697480028,2,72.40796989
16.0,4.914614654,1.303718409,2.163794958,5.565575447,193.0247711,99.39797893,2.01496488,0.0,0.0,5.256139711,0,42.0188996
32.0,7.560767125,2.939796312,5.478151442,4.57459627,164.7883449,100.0,2.636218898,7.559869401,1.0,5.462,1,74.20992008
29.0,6.633556154,3.130948267,6.869070575,8.532894055,316.309516,100.0,2.244231143,4.646902557,0.0,5.000886591,1,75.8926764
38.0,8.086290842,5.863245701,4.397707025,4.061302818,231.6013413,78.99961557,2.541406311,1.845487996,1.0,4.449458757,2,14.38917504
18.0,6.563873211,5.844532311,7.811786313,4.257824432,87.07215947,100.0,4.024148409,7.808876916,1.0,4.867110467,2,46.56222322
32.0,3.71008852,1.230594282,3.2225714,4.208223452,174.7755938,100.0,4.115178684,2.974277662,0.0,3.13783541,1,30.55444207
16.0,3.990172663,3.446817422,5.412766407,4.948989382,123.3359731,100.0,4.738764496,6.874516611,0.0,-2.091814482,1,55.00777065
37.0,7.0,2.459900773,3.178289045,4.555477327,87.32935741,100.0,3.403263387,3.158924482,1.0,1.910845457,1,17.30391495
37.0,9.582807529,4.414089439,4.623690358,9.103414853,98.40080256,97.97470591,1.032760761,3.45518928,1.0,4.757242438,1,47.69969553
29.0,8.312597877,6.990830904,4.142962594,7.738367725,67.10820124,100.0,2.836660884,1.865424832,1.0,5.144025968,2,31.4944195
26.0,5.239894744,3.053382404,0.0,8.387888392,165.9822073,100.0,0.04831133,3.199366634,0.0,4.173934272,1,42.24512282
34.0,5.746287626,3.103797563,5.571199297,4.83477079,5.970694758,97.87087362,3.485845514,6.812700062,0.0,-1.097879337,1,57.26375457
16.0,11.23611407,4.853291169,6.304484847,6.781315639,389.6920676,98.60706179,1.514018342,8.472916823,1.0,3.733284461,1,54.79322462
28.0,1.861570846,1.117909194,8.047654506,5.547343363,170.5453025,100.0,3.618005145,9.988894345,0.0,-0.458324986,0,85.59779781
20.0,11.89768903,3.974230312,3.198388071,7.47151839,26.1435239,100.0,1.773281919,3.146587049,1.0,6.029711125,1,50.37016475
36.0,3.411349855,2.490270128,4.192855167,6.627402021,329.2516042,94.56498431,1.610638906,4.558150612,0.0,6.851663479,0,51.67676984
33.0,7.204631871,1.920612436,6.946623521,4.755602628,223.1266886,100.0,2.802245778,7.402128009,1.0,7.208406547,1,78.32114391
20.0,9.07918889,3.589748636,3.383504799,7.6909103,185.2744196,100.0,0.403059139,1.059657841,1.0,3.689634888,1,41.72873373
23.0,2.867438541,2.794979972,3.767907552,5.160239556,256.1981506,100.0,4.037290655,4.03861908,0.0,5.462,1,44.34672864
16.0,5.228624093,2.467818391,3.233172512,5.066026352,223.502117,99.27785013,2.579162254,4.0,0.0,10.17199876,1,38.89750808
31.0,10.47842814,8.802711559,0.0,7.538795445,128.0629613,73.99130035,1.315459483,3.28836003,1.0,9.082542007,2,0.0
30.0,2.400325905,2.353626326,2.261173984,6.736875634,192.0836434,98.07830392,0.030252936,0.0,1.0,3.771269061,0,49.40878345
20.0,5.172333366,1.099816263,1.324683551,7.772492583,219.4030389,99.46691494,0.805765226,1.283139432,0.0,4.602114197,1,52.26174472
24.0,7.337564706,4.897085606,0.0,9.653326809,252.2708539,93.50491915,1.966390497,4.178194682,1.0,10.92969464,1,0.0
28.0,6.856622033,1.798062662,2.800657416,4.874532225,191.6107842,94.77543113,2.320308245,2.740136317,1.0,5.462,1,35.97451219
27.0,3.338884723,0.801351029,7.050318189,6.517502160499999,266.563171,100.0,0.763454828,7.744761787,0.0,2.588274855,0,70.76222099
30.0,5.234159491,3.771381605,7.642884985,8.558885391,86.20968044,100.0,0.0,8.093989505,1.0,-0.059729688,1,36.179356595
35.0,2.851632098,2.688739271,6.008526726,6.854992338,79.06794565,100.0,1.887623034,4.370253444,0.0,1.7622188,1,74.45976987
27.0,6.650093723,2.018372119,6.603280667,3.843289268,226.9121195,99.90780162,2.842119842,6.486256004,1.0,6.626872069,1,61.45845111
15.0,11.09270677,6.450340545,2.159204195,4.589123187,275.2051488,80.72667794,2.061878065,0.250235865,1.0,11.36825207,2,0.0
26.0,6.698458513,2.294870333,4.1412097370000005,7.431069184,220.9314769,99.07881367,2.0,0.645633465,1.0,5.462,1,26.63759657
31.0,12.29425188,3.273633895,1.650486146,5.817133651,165.9822073,92.22356608,2.189101551,2.816384625,1.0,5.462,1,33.80489088
25.0,10.23443041,4.241023953,4.321309745,4.32911019,242.4272678,94.12008517,1.369936837,2.54396124,1.0,8.749084303,1,31.52231478
28.0,10.46242784,9.020257055,5.092738869,6.517502160499999,59.11142316,83.16339182,2.0,9.906943304,1.0,6.328008658,2,0.0
27.0,5.82131616,3.271670044,4.420312692,8.791566449,54.01625624,100.0,0.916019258,4.0,0.0,4.085728376,1,37.19056716
21.0,6.880346227,3.304241464,2.101624973,6.345163397,121.2197625,100.0,4.585241868,4.0,1.0,3.938451068,1,14.28965683
17.0,7.0,2.217323094,7.46474818,8.082168233,120.0729443,100.0,1.467163207,10.34080042,0.0,0.436284059,1,90.41929447
17.0,5.954125986,1.934675151,8.251132284,7.433728397,202.965419,100.0,0.217451503,4.0,0.0,3.642587448,1,71.76582476
35.0,17.43058494,2.904237002,0.873576421,8.548668788,618.5742511194022,95.78842826,0.0,3.194523924,1.0,19.54586268,1,21.62366457
37.0,10.49509512,8.182342227,5.636021446,6.869605886,109.9209881,99.49333618,2.139279828,8.122193856,1.0,3.798218588,1,36.179356595
17.0,10.6837489,3.771381605,6.346536668,5.519453199,112.7439107,100.0,2.295221458,5.289078459,1.0,5.044172345,2,40.35653753
15.0,10.05730556,3.191020578,1.736214354,6.990188554,172.1201516,94.27795437,0.575747745,1.057670568,1.0,9.501095488,1,27.73113622
34.0,10.45277767,4.140465789,2.721944732,5.116258691,0.0,94.37910476,3.012621686,2.078811584,1.0,0.615347825,1,25.35985055
16.0,9.525382875,2.294523581,4.1412097370000005,6.176092047,170.2823194,100.0,5.167121403,1.414035382,1.0,5.462,1,71.86356999
22.0,4.709553154,3.771381605,5.861666047,6.565291403,307.604143,100.0,2.021101089,8.104379302,0.0,2.949296717,1,77.74598933
26.0,10.49694279,10.72721584,1.54213039,6.517502160499999,112.1972794,66.85794713,1.192594014,2.781723568,1.0,7.414980525,2,10.18650203
15.0,4.232973774,2.825785391,2.76291592,6.534399982,82.52578275,100.0,2.133392928,3.062256875,0.0,3.042877241,1,32.58830933
36.0,1.617372904,1.370379672,5.700165232,5.484192358,197.9050958,99.56569485,1.581184571,8.210240292,1.0,3.383958051,0,62.97369817
21.0,13.63630399,5.933029774,6.218133252,6.558603112,228.9003482,96.20930783,0.541954769,7.713690477,1.0,7.792854057,2,34.42271296
16.0,4.185689697,1.474779576,4.088648411,9.435539542,119.420117,100.0,0.0,5.042067564,1.0,5.462,0,75.51105137
25.0,7.982043998,1.724713832,3.238944873,5.654431622,209.7736039,95.16794121,1.683253689,1.333800881,0.0,4.165000468,1,24.20620244
16.0,5.691821179,4.681706087,6.810472319,8.395536631,234.032481,99.73996482,0.0,9.482799423,0.0,8.081659436,1,62.7291009
31.0,7.763925217,3.901624423,0.364752047,4.340690398,83.39572992,100.0,4.082796486,2.50934312,1.0,6.716133933,1,0.0
29.0,5.889628722,3.771381605,4.1412097370000005,7.512958584,174.279146,100.0,2.130164781,6.196221869,0.0,1.623197453,1,80.82914891
15.0,7.615897074,4.19968554,7.402642123,4.9076884,44.06421221,98.0766739,1.88848487,4.0,1.0,0.803269965,1,58.33726388
15.0,5.219680801,1.648324908,2.325539527,5.890481076,322.0502756,100.0,4.148482506,3.903727048,0.0,7.120469753,1,21.71444938
31.0,2.345227995,1.936849206,4.230458219,6.951585312,89.8709584,99.94784084,2.154865304,3.697401632,0.0,2.061667237,1,36.76587202
38.0,10.25133705,6.157916611,6.471485929,7.647653476,255.3579136,100.0,0.0,11.40189622,1.0,7.953146509,2,33.31634013
21.0,10.22187396,6.469615712,1.380062916,7.685728957,174.8158789,89.12085825,2.0,2.572150531,1.0,7.846725016,2,1.006471723
32.0,11.86163596,9.874940404,4.840807461,8.582146627,290.0736379,100.0,1.335107247,4.735670249,1.0,15.91551471,2,0.0
18.0,15.29722022,7.012371373,5.208181305,6.253806811,222.460374,100.0,1.041739121,8.6297828,1.0,9.509570108,1,22.48620588
27.0,10.63731936,6.766847536,5.285405839,6.171877952,85.05411179,98.38232756,2.877869613,9.978099699,1.0,8.215852111,1,0.0
18.0,11.86258064,4.37093318,0.859947538,7.50078202,135.0886813,94.54222036,0.258522218,5.523623921,1.0,8.080357423,1,9.069702496
15.0,4.571665029,3.050299647,6.932930289,5.335955999,234.9698145,96.83385917,3.317057129,6.656078134,0.0,0.548301228,1,85.8984406
20.0,5.729783354,4.966021782,7.731191908,5.845707498,202.6661403,97.78860266,2.121173187,7.845797949,0.0,4.98150777,1,36.179356595
24.0,10.69781491,5.173639312,6.960898133,5.122727356,83.57843353,100.0,4.320819274,10.23602228,1.0,4.338045169,2,34.45426069
19.0,3.333249418,1.626948417,4.005714477,7.684550268,108.9829703,100.0,0.466602783,3.443056758,0.0,3.911463983,0,66.13888879
25.0,7.0,1.994377983,2.495344327,5.958373566,12.16506299,98.95679451,3.336595401,3.121375113,0.0,5.462,1,45.95411697
21.0,5.31168179,4.586523783,5.395212281,7.710080703,281.7086785,100.0,0.688178191,6.193098482,0.0,6.718902577,1,49.1355512
27.0,9.945337192,5.664418619,8.498113247,8.424209388,105.2062417,93.88162036,0.065136776,3.734750492,1.0,3.538042439,2,85.6043154
16.0,4.641435512,0.564299084,0.493502275,8.179506909,509.3160461,98.30528167,0.0,0.434880333,0.0,8.68879296,0,13.41770704
32.0,3.196440821,1.427929741,5.814264352,5.980458691,102.4253951,100.0,3.104555422,9.293066657,0.0,1.034042293,0,56.92947131
24.0,7.47712491,5.322765569,5.824556978,8.785923061,81.15041383,100.0,1.041073996,8.013133729,1.0,2.333528912,1,55.80159352
38.0,3.784336477,2.017850396,4.613288066,8.331340014,247.4782928,98.38193156,0.697054834,0.0,0.0,6.279011719,1,50.54101838
31.0,11.56913981,6.758036766,4.1412097370000005,6.66244333,234.9172048,99.8850756,0.79166925,9.202912911,1.0,5.462,2,76.95523309
18.0,9.591155532,5.555881222,4.274982049,4.992468485,276.0130389,91.52432551,0.888677405,2.425353358,1.0,11.59507314,2,0.320486244
19.0,4.802605925,2.596451228,5.019012829,6.983220116,165.9822073,99.97193002,1.498078012,2.218829393,0.0,5.462,1,36.00765719
16.0,7.0,3.126193717,5.745453598,4.454152676,73.15902623,100.0,4.178534504,8.481612044,0.0,-0.219156979,1,51.43476589
31.0,3.347402454,1.621900065,1.131612824,7.633376344,252.3609228,100.0,0.0,0.0,0.0,4.091981358,0,32.06924776
35.0,6.115556678,3.835351582,3.994371046,7.676113918,259.2580044,100.0,2.0,1.28205686,1.0,5.89744337,1,10.86287032
18.0,7.0466249,5.588500178,3.877728283,6.954927144,45.13384062,100.0,1.968183315,3.290895909,1.0,7.938583817,2,16.8225582
23.0,9.442507349,7.60975353,6.045921425,8.025475277,132.3344693,100.0,0.43790673,5.099394846,1.0,5.079021185,2,29.20614673
33.0,7.0,4.809600304,6.501396668,7.595799049,237.8629707,100.0,0.0,3.24337421,1.0,8.330870444,1,70.96852968
36.0,4.077558849,2.414111548,4.1412097370000005,7.384081641,146.3324174,97.9842569,1.587066699,4.071500239,0.0,1.004164865,1,36.179356595
35.0,9.105788653,4.657577041,0.093900046,5.707856809,104.2753841,90.06275838,0.0,1.951318803,1.0,4.444069408,1,10.52141055
27.0,5.997078087,2.494643762,3.547019917,8.455632352,258.4759946,99.57915763,0.5216872,3.709653491,0.0,6.727089621,1,58.66418118
28.0,8.483610607,7.665589224,7.300808654,6.136317609,120.8859248,87.24321091,3.02038053,7.943591717,1.0,7.871477481,2,31.91290394
24.0,2.98320874,1.511075681,2.554732718,5.635988687,168.5682111,100.0,4.222675597,4.0,0.0,1.515079826,0,47.53728214
36.0,6.989905448,2.443618976,5.823982006,8.206709186,19.53339098,96.6098667,1.221606191,6.957746611,1.0,0.878956897,1,64.47903211
38.0,13.18423489,3.555097244,2.335821072,6.265253401,452.3506093,96.46336312,3.135443169,2.716847154,1.0,9.551404069,1,17.16004005
27.0,8.371008748,3.386434119,5.672227573,6.514141877,160.716135,100.0,0.347559432,8.882816484,1.0,8.883336044,1,25.7693187
31.0,10.55683609,7.457203748,0.905665066,6.358144375,169.7538248,73.79030751,1.471576884,1.182388935,1.0,9.276601622,2,4.060520426
34.0,10.13778894,7.815786179,3.196821958,6.517502160499999,110.2977124,81.26541106,0.0,0.0,1.0,7.667538978,2,0.0
32.0,12.22243011,10.39089795,4.031030609,5.014517332,261.5215965,70.20570536,3.950991897,0.734412977,1.0,8.338493458,2,0.0
26.0,2.386117313,1.881807396,5.961398592,5.885430581,221.422403,100.0,1.372055467,7.364824073,0.0,1.187246127,1,36.179356595
36.0,6.839340743,4.100883278,3.13036508,6.773186889,0.0,100.0,0.0,2.091007522,1.0,0.188913363,1,32.84883135
16.0,9.693379728,8.822359764,5.893956731,4.258213384,94.67694944,93.43842162,4.210796495,8.255884355,1.0,3.225325042,2,4.156266405
37.0,6.563848892,3.329051806,4.647232784,8.919281366,231.4054606,97.55246274,0.189316726,0.855654102,1.0,6.967068502,1,60.69930981
37.0,8.566822469,7.15044803,4.1412097370000005,7.804668762,176.137193,100.0,1.818285396,3.967214431,1.0,5.462,2,37.68968173
27.0,9.593014232,7.395454907,7.90515467,8.722576518,149.9753396,96.76709966,1.756585361,8.232632876,1.0,5.925270045,2,59.91507013
28.0,4.767075574,3.771381605,7.312625603,5.319318415,214.2015331,100.0,2.598604119,8.916245533,0.0,3.843407559,0,100.0
29.0,3.523586292,3.771381605,6.887126754,6.517502160499999,270.9053344,100.0,4.649382213,6.570222261,0.0,3.988725822,1,82.77252275
23.0,7.0,2.070917538,5.049256388,7.334273954,151.8350126,100.0,0.0,2.828459585,0.0,5.462,1,41.81014768
31.0,8.841229822,7.785578207,5.299454208,7.377081864,34.61004285,100.0,1.197338503,8.511378659,1.0,1.6049185,2,41.76210995
20.0,4.972424408,3.92689302,0.62680247,6.517502160499999,251.3002164,88.42252988,0.906066919,2.6710566,0.0,10.19558468,1,0.0
19.0,6.584323444,4.221330896,4.73392177,4.014877464,150.9167703,94.91263751,2.637570436,3.512158308,1.0,6.552006762,1,42.10033101
25.0,1.812273208,1.649424942,6.089449901,6.755415649,126.1875863,100.0,0.0,4.653510039,0.0,-0.377150023,0,36.179356595
23.0,2.696071628,1.359522543,1.187924,5.344303074,262.5194063,97.333059,2.181781907,2.739246001,0.0,8.646519181,0,15.48592611
17.0,7.0,5.887709415,4.330345061,3.430785909,187.1506416,99.05416036,1.2470537,1.949489279,0.0,5.462,2,21.11894854
33.0,11.19552652,6.714979295,1.571381152,3.867101129,169.5780102,78.05842454,2.2344209,0.350809187,1.0,11.10406868,2,0.0
27.0,7.0,5.433925813,2.462972599,7.613826293,317.8715013,97.30007714,2.0,0.673695821,0.0,9.248430301,2,0.0
37.0,11.67118009,4.837234194,5.33686349,6.517502160499999,100.319074,96.34293819,3.112983335,6.697105663,1.0,5.462,2,41.16478495
24.0,8.166251488,3.207975738,4.1412097370000005,7.950691396,61.85208355,100.0,0.202583872,8.821761702,1.0,5.462,1,64.13315583
28.0,4.899251412,1.800711905,1.071598086,3.203962531,57.20878104,100.0,3.134509092,1.378332641,0.0,2.462372607,1,16.22153896
39.0,4.169556671,3.771381605,4.666758274,8.5838296,285.4477614,99.25301217,1.861267306,0.0,0.0,8.129297289,1,68.83507608
18.0,11.10714989,7.009590607,3.48965276,6.517502160499999,44.93374422,97.90379855,0.0,2.090807048,1.0,5.063974425,2,0.0
22.0,5.186237435,2.935137438,1.682325943,5.475405274,7.930796894,100.0,1.096906649,3.755179343,0.0,1.855795694,1,0.0
16.0,5.275000102,2.94236585,3.767660086,8.61733602,161.8238086,100.0,0.706932122,1.496557144,1.0,4.824016974,1,47.59236036
23.0,6.341134204,3.512080831,2.509246813,5.772685587,275.9908817,100.0,1.811403879,2.347348126,1.0,3.947442643,1,27.3401872
17.0,2.508824878,3.771381605,1.04416169,8.010932514,302.3880326,100.0,0.607819174,2.901793535,0.0,8.637375153,1,18.18654482
29.0,5.90194693,3.771381605,3.908251785,4.541140824,157.6278662,94.37904166,3.977529838,0.930368344,0.0,7.610371656,1,33.89234019
36.0,7.203979946,5.325186495,3.211453501,7.592212079,190.6381873,100.0,2.777440775,4.617548773,1.0,8.030040168,1,38.24951688
37.0,11.02234666,5.50233475,0.0,5.268402751,31.17980817,82.28641461,1.858914999,3.953916741,1.0,5.287796897,2,0.0
30.0,9.685103376,3.38990116,1.873478734,6.517502160499999,185.7375365,97.42284703,0.60020547,0.0,1.0,6.225175906,1,0.0
27.0,8.986959352,3.771381605,3.620469462,7.301698601,323.2562804,88.34550174,1.341394097,4.0,1.0,7.708590414,2,0.0
20.0,5.368218366,2.029415005,6.575334189,6.204373027,190.1169556,100.0,0.0,4.0,0.0,2.247566254,1,80.49881109
26.0,10.23636704,4.914623992,5.720369279,9.254928924,218.1790367,93.98056993,1.524096156,8.842609967,1.0,12.29477921,1,54.83071292
27.0,3.575775773,2.403621155,6.053243716,7.145386147,107.2793278,100.0,1.842693005,6.190898244,0.0,1.959855415,1,68.3806459
26.0,8.807511302,4.447852812,5.024289162,6.517502160499999,116.0933116,100.0,1.477272475,10.01589015,1.0,7.027707086,1,71.02677728
32.0,6.336733993,6.415915563,1.090307797,7.340697336,346.3750444,82.08078548,0.585985978,0.812885181,1.0,11.46805148,2,0.0
27.0,3.274198107,0.506468586,1.971247039,5.652283098,69.60022247,97.49408816,3.348649865,2.222868122,1.0,2.722950293,0,51.71506754
19.0,7.0,6.578956377,0.890993211,5.651877953,157.1717928,74.97827433,2.0,0.300606631,1.0,6.0854157,2,0.0
21.0,7.59805959,4.041121967,7.532091359,8.184961273,266.3844287,98.98740431,0.438627224,7.202377427,1.0,7.904478235,1,57.64383663
24.0,9.948459506,8.01309958,4.533160372,5.642184779,241.6441387,89.69753739,2.635210806,1.669403236,1.0,6.282116953,2,36.179356595
36.0,8.519008228,5.071177659,1.695963258,4.122678037,21.99920661,100.0,3.95187034,3.394488536,1.0,5.395309234,1,11.42226468
16.0,5.261796344,3.152236091,3.923566114,5.238381104,190.5652977,100.0,3.960324917,1.47232748,0.0,3.191381978,1,45.68606368
26.0,9.371597395,8.068279832,0.168980395,3.605275955,53.88923582,69.73027565,4.20705472,2.243075173,1.0,4.840569137,2,0.0
22.0,4.750433894,0.941728187,2.558192805,7.19001996,252.1177067,100.0,3.014161228,3.710226313,0.0,5.774445115,0,30.70066784
25.0,6.146511617,3.771381605,4.226136062,5.904682694,34.71833737,99.23786374,2.428521417,1.302191942,1.0,5.297685082,2,25.21329531
35.0,9.447196082,5.160049088,0.00313612,5.856060926,268.9946738,100.0,3.663963923,0.0,1.0,0.979998918,2,0.0
19.0,11.31213904,6.66996173,2.230059767,4.585611111,158.3629498,88.98147827,2.515119593,0.804995209,1.0,12.81588241,2,0.0
34.0,5.674132098,2.494394886,4.562970697,5.718801999,83.67413144,100.0,1.276415326,5.16061587,0.0,1.529847084,1,35.63851158
27.0,4.832438974,1.526002531,7.137870959,6.826932607,127.3499327,100.0,0.0,9.059688289,0.0,2.575133204,1,92.18790361
15.0,6.00699537,1.782517003,4.1412097370000005,6.517502160499999,316.4695028,100.0,1.898064573,7.892417418,1.0,5.462,1,87.02502329
38.0,11.0986507,8.865287603,4.1412097370000005,9.180926735,249.6796109,74.8852667,0.432203507,1.539930595,1.0,5.462,1,10.02258567
24.0,3.845737682,1.657677707,0.408722659,7.167737386,165.9822073,100.0,1.961846204,2.84169517,0.0,5.462,0,3.46401411
28.0,5.781218778,4.793246538,8.293332008,5.046111092,44.10452621,95.87390756,3.90525468,4.321487937,0.0,2.505445946,1,54.28988198
32.0,6.89739323,3.862743116,4.570774889,6.600175153,41.82759438,97.04025156,2.221581145,1.553851107,1.0,6.988006196,1,50.83108997
39.0,4.980208287,1.781657112,5.911791203,8.607110265,233.9593415,100.0,2.453347783,6.750960791,0.0,6.858944973,0,96.94179589
20.0,10.81323774,5.000072969,0.0,6.314248074,184.0620752,85.00705909,0.224718867,5.553640924,1.0,8.853136965,2,4.625059036
16.0,8.631220683,3.406101068,7.721943619,8.377740392,42.56767737,95.11354631,2.0,6.120878616,1.0,1.744354133,1,83.5349455
16.0,1.64682371,1.476993116,1.331381424,8.284241675,84.98622454,96.82736586,1.3676015,0.946234654,0.0,0.966014709,0,50.05155042
20.0,8.500190367,6.285620412,7.60910179,4.990207141,76.05216952,98.90382149,2.779804446,3.489853716,1.0,6.074895573,2,62.60790019
30.0,7.55186513,5.758685676,0.0,5.967841255,205.1205494,86.4055562,0.857973913,2.344609706,1.0,11.38874756,2,0.0
34.0,10.680112,3.295965188,3.61112858,3.021534477,210.4211654,91.78069174,2.729345329,1.381468227,1.0,10.47334279,1,40.62863517
15.0,2.458502383,2.018551488,7.938107962,6.360843746,176.1361128,100.0,2.213306652,7.066718332,0.0,-3.958300973,1,36.179356595
16.0,9.919494552,3.614771066,0.0,5.94077044,233.5507324,88.68617792,3.762605351,0.586529331,1.0,5.136461659,1,3.856532552
30.0,4.907906922,3.490867797,0.673702699,6.945543949,70.82377669,99.25092452,1.921064359,3.333182519,0.0,3.653194046,1,0.0
20.0,3.772804745,1.279919518,0.647190962,5.289209235,83.47109506,100.0,1.2146623,5.833132257,0.0,3.028282422,0,27.19190637
20.0,16.0,8.866587459,0.546876676,5.63329049,434.8185185,57.91524959,1.454811084,4.0,1.0,16.57212465,2,6.887018724
34.0,6.833662334,2.941712631,0.508063203,5.249543812,49.16893985,98.0326384,2.496252577,0.175698392,1.0,6.751275998,1,13.99287392
17.0,3.581529425,2.930693918,2.031118809,4.70407734,220.5868142,100.0,3.725092598,1.669408334,0.0,7.996945309,1,36.179356595
29.0,4.053475589,3.381701091,4.616996965,5.005571533,256.589941,100.0,2.552263015,2.611678687,0.0,6.123264215,1,24.08080597
15.0,8.882155945,7.895964767,4.1412097370000005,8.073472454,295.7686215,94.02876224,2.61746365,4.588240047,1.0,5.462,2,0.0
30.0,7.038488394,5.906526963,3.976784455,9.357954257,191.5980574,100.0,0.83390555,4.233105676,1.0,3.699761504,2,51.92098688
27.0,5.159024556,1.736443058,3.254782145,4.800693682,265.5593707,94.52226743,4.756661028,3.364612539,0.0,7.049122945,1,44.70394215
25.0,7.0,1.960236265,0.741498567,5.010511173,250.6218493,87.72391234,2.321823991,3.299317813,0.0,5.462,1,0.0
27.0,12.05306655,3.318358701,6.788773361,4.426418287,133.9663862,99.06669529,1.788006333,10.94753345,1.0,4.234611685,1,47.82142758
31.0,5.89702278,3.596739772,4.915646361,6.517502160499999,157.8510699,100.0,2.062566412,6.255791618,0.0,5.951882313,1,36.179356595
17.0,8.852336702,6.630675056,3.418655287,6.517502160499999,105.9640961,99.06074808,1.48639696,2.721081983,1.0,2.015100896,2,8.98873943
26.0,6.976722131,2.389340759,0.396286988,7.437511967,165.9822073,100.0,0.686176059,2.387150806,1.0,5.462,1,14.63572997
36.0,10.11227775,5.814434801,3.429222259,7.42845392,275.3508359,95.69511608,0.677009625,4.088406778,1.0,7.784134137,2,36.179356595
39.0,7.311277002,5.208960535,6.658297046,6.517502160499999,165.9822073,100.0,1.596051105,4.413696354,1.0,7.626983888,2,41.79970757
16.0,2.038233564,1.435189988,7.535652569,7.956051599,169.9593741,99.92940813,0.990864306,6.222225731,0.0,5.202178782,1,87.01990926
28.0,5.079072553,4.657648984,3.353130017,5.930177627,181.0885464,95.91990151,3.52279871,4.444845162,0.0,1.965489454,1,28.71029478
38.0,4.044097501,2.71949432,4.1412097370000005,7.289786349,207.5819135,91.89650826,0.0,0.647795181,0.0,5.462,1,8.842210005
18.0,2.748716729,0.369097122,6.463273166,5.705740908,289.4433359,100.0,1.267986364,5.108954123,0.0,6.746113257,0,67.28993277
38.0,4.784062655,2.2363456,4.1412097370000005,7.83584647,234.8308392,98.15050664,0.677511917,2.44080022,0.0,5.462,1,4.590820207
24.0,3.233852319,1.772630607,2.703331929,6.543720496,39.44055765,94.39866042,1.532338204,0.410985689,0.0,4.327486262,0,53.15753254
16.0,3.369452452,2.039693523,1.552601452,6.517502160499999,223.4963749,99.79388306,0.0,0.064614173,0.0,7.178195761,1,13.75526443
28.0,11.51142622,6.52107454,1.502391232,7.89207224,200.1786366,80.39636823,0.731660553,2.354534892,1.0,11.14135547,2,5.041557028
21.0,11.66811724,7.427991871,4.719114024,8.411363878,166.0902998,98.71367693,1.430159873,0.834904864,1.0,6.09636992,2,8.236189065
39.0,2.220434699,2.073615571,4.1412097370000005,7.96213398,79.49229235,100.0,1.412976948,9.020744662,0.0,5.462,0,92.32217852
21.0,7.527594543,3.118333687,2.607946148,6.13102571,61.95717261,100.0,3.165558715,2.819631862,1.0,8.253324198,1,22.0029465
29.0,5.773587158,2.683313421,5.27693931,7.922743495,194.0955025,97.37505488,0.679035649,5.226851959,1.0,5.470118553,1,84.61610798
35.0,9.953110184,6.507150233,5.319075317,8.265862821,285.6278019,99.04389019,0.718829317,4.0,1.0,9.00338476,2,35.55190847
17.0,11.5686901,4.670739197,3.528341798,9.269501414,161.818442,100.0,0.825756234,0.152578775,1.0,7.090825075,1,24.05970983
17.0,7.736367874,3.132185634,3.71032885,5.725513733,146.5668216,93.69208302,4.09824391,3.64559315,1.0,2.482549508,1,36.07772177
29.0,4.010803908,1.226361038,5.814397458,7.940466689,66.8604951,100.0,2.137146762,4.843059826,0.0,-0.59959898,0,98.93021666
34.0,12.10377214,7.647465652,0.831699795,6.178905213,230.7562644,83.19636547,0.301836228,0.196720688,1.0,8.633855998,2,7.020125492
39.0,7.0,5.697939472,7.590248486,5.498545129,248.8359798,100.0,1.876265682,4.081857561,0.0,2.385782342,2,50.2100036
32.0,10.0993895,4.191378344,2.982574039,5.895975843,186.101363,100.0,2.15033251,4.406877675,1.0,4.789985357,2,7.837447072
30.0,6.797757744,3.843379601,3.176390212,4.655342448,247.3176208,95.38900156,3.885295213,1.991905433,1.0,2.495944978,1,3.979843993
20.0,2.492043611,0.299893669,1.313580229,5.459718891,110.5874543,91.75845188,2.228912068,5.524905796,0.0,1.498675129,0,31.87491933
17.0,3.677235098,3.398140877,5.65334702,5.684171027,278.1928788,100.0,3.993334073,5.798812491,0.0,7.056966804,1,46.20316366
16.0,8.195604611,6.998393819,0.882779519,4.027147762,83.50205428,80.00121486,2.000149685,2.726722766,1.0,4.869971742,2,0.0
16.0,9.168905181,5.047412472,2.814385222,6.317645327,207.7686132,93.63395382,0.0,2.157145225,1.0,7.271537466,1,15.51530709
16.0,9.683494993,7.510683793,5.347614355,7.948758781,75.8283858,94.83609657,0.313698958,7.200549598,1.0,6.28758731,2,36.179356595
16.0,4.984454455,0.795301206,5.259091024,8.916750917,307.2072926,94.73851947,1.702873029,5.073531982,0.0,10.4365761,0,78.22533707
23.0,6.671045169,4.010269057,5.610337362,6.517502160499999,90.7798,100.0,4.612223658,7.754894376,1.0,8.014677868,1,27.95930593
23.0,4.442950349,2.798161601,2.163104922,5.743801276,41.06801329,97.2204345,4.570594882,3.026666108,0.0,2.682925566,1,10.47029889
20.0,2.801850026,2.655893073,6.359225881,5.560057683,201.2626667,99.06745329,1.968198613,7.641688011,0.0,2.954808135,0,54.06964485
16.0,9.780477602,4.283198257,2.886783839,7.996235419,152.1716823,100.0,1.087405716,1.509345477,1.0,6.241479273,1,38.93644648
28.0,5.205121752,3.513978731,4.1412097370000005,6.181240476,139.0810452,100.0,2.714841618,5.484719574,0.0,4.399295539,1,62.96007847
37.0,7.0,0.774020312,5.801409193,6.522205548,244.3949778,100.0,2.520412576,3.795083881,0.0,5.462,0,77.10853516
33.0,7.68128881,3.401752093,5.446958164,5.476084125,56.85981738,100.0,4.891813752,5.992319421,1.0,3.03829474,1,61.27104367
32.0,6.589089681,4.35988295,7.763119889,7.009486485,25.10670916,96.83707233,1.596370133,4.0,1.0,1.294804096,1,59.0997434
29.0,6.119876491,4.055625649,3.943465497,8.402576469,164.6642348,100.0,1.592626424,4.904602462,1.0,3.285910201,1,47.23289351
37.0,6.872815325,4.477814915,2.645275124,6.433109572,106.7325148,100.0,0.800459005,2.188409193,1.0,0.113082639,1,11.57173841
16.0,8.999176257,6.896759755,4.476340418,7.359395718,165.9822073,88.87489533,1.434180407,0.559762659,1.0,6.756527147,2,35.77160927
19.0,9.179725759,1.939601784,3.863914586,6.059372049,80.22593918,100.0,0.207126935,0.0,1.0,7.95016591,1,33.92076858
29.0,5.930483175,1.417023802,5.292971044,4.169671078,84.31919855,92.53877316,2.281182336,1.403196584,0.0,5.884686455,0,58.26324166
28.0,9.20770661,7.615477438,4.1412097370000005,7.406173885,258.4955087,89.64324691,2.240330237,8.905897071,1.0,5.462,2,28.51962389
33.0,4.222811438,3.280076818,7.008538382,4.152176835,189.4095847,98.0976701,3.147735535,7.619220248,0.0,2.809578742,1,65.51064137
20.0,8.129872982,2.929842873,2.389628167,5.560058871,172.6062373,100.0,2.212247146,1.702781095,1.0,5.219145587,1,2.352886495
37.0,5.719714749,5.978119548,5.208079088,7.85205346,81.69474268,100.0,0.121772983,4.74691762,0.0,6.180521411,1,50.60899732
31.0,2.193616794,0.861386063,4.1412097370000005,6.122882148,195.5993783,99.88863235,0.0,1.799573131,0.0,5.462,0,54.09264035
20.0,5.204167501,3.514484968,5.564071346,5.830588221,236.3124224,100.0,1.823918934,5.327182059,0.0,5.737906642,1,57.98807859
27.0,5.360281377,2.418253871,3.246978572,8.09345298,16.77620025,99.74065403,2.029103626,3.867689363,0.0,5.420558264,1,35.68716422
22.0,11.70921825,7.349213998,7.720786442,6.643314811,287.8070843,100.0,0.0,4.941235783,1.0,9.542407698,1,52.77184304
33.0,5.697779228,4.025090289,4.1412097370000005,7.472445606,219.0169616,100.0,0.443325289,4.0,0.0,6.053502118,1,23.17208921
27.0,6.645407262,5.307595553,6.28056201,7.293275732,165.9822073,95.97628303,0.0,5.897371862,1.0,5.462,2,21.2127466
16.0,6.969067334,3.573243097,4.1412097370000005,7.094252006,33.59006574,90.43556102,0.634971241,0.056320252,1.0,5.462,1,53.72778721
22.0,11.29450646,7.915699498,0.323829699,7.429077203,25.01764822,82.8729772,1.157122173,1.620701301,1.0,6.442799334,2,0.0
38.0,8.46600753,7.793800292,6.799566226,4.293022491,168.7384029,100.0,2.612939718,6.332645323,1.0,8.597327635,2,32.40805302
24.0,9.380073087,4.495100452,4.1412097370000005,6.356585234,312.2089687,79.38729547,1.926541318,2.203824987,1.0,5.462,1,9.337548274
38.0,3.250276091,1.78630395,4.294630741,3.960566348,290.2038531,97.22068314,3.000593336,10.59308375,0.0,6.858505939,0,59.64414292
21.0,16.0,7.338483271,7.671135833,7.258068289,547.9636803,100.0,2.29944555,6.42181785,1.0,15.12529255,2,57.53210906
28.0,3.503200072,2.135647307,6.343161394,3.359782833,64.63244954,100.0,3.89367351,8.32543678,0.0,0.726853977,1,74.35420847
16.0,3.154080133,3.771381605,6.475975603,4.462412764,90.04008672,100.0,3.62516471,7.184361697,0.0,1.660961931,1,49.34785963
26.0,7.440951272,3.771381605,2.466057038,6.776136884,147.1059623,100.0,0.0,1.733533732,1.0,4.57183654,1,16.53765694
31.0,4.205031369,2.520184424,1.476721159,7.053345625,253.4381182,100.0,0.641249695,1.680738137,0.0,7.185306053,1,47.79792944
15.0,8.96647532,6.726172916,7.632703472,5.702651804,49.29575618,100.0,2.501712354,8.123685573,1.0,3.950071151,2,48.47698557
29.0,6.888283522,4.200833619,1.505838507,7.365829954,172.5655797,100.0,1.756404486,0.0,1.0,6.850612996,1,19.21322191
15.0,4.552136026,3.1121334,2.726273759,8.269209945,160.5972074,100.0,0.536105859,3.199030395,0.0,4.892958841,1,24.16570925
32.0,7.638561976,3.771381605,6.021387731,4.27525439,173.6203432,98.96051016,0.95975751,6.883658845,1.0,5.250070159,1,32.22989184
19.0,8.339661828,1.89441112,4.1412097370000005,6.678087336,248.0301577,100.0,2.555966524,2.657274809,1.0,8.006570876,1,52.23247505
27.0,2.895472523,2.002524648,5.815585015,6.223295762,164.4677067,100.0,2.041579201,6.610000903,0.0,3.151200208,1,62.67138583
32.0,6.612597761,4.925167279,0.0,6.347912023,331.4563183,77.53904306,1.191771907,1.859127219,1.0,8.050593746,2,1.704083451
33.0,7.042294223,2.039737158,3.818475751,8.392565779,107.6070236,100.0,0.0,4.0,1.0,7.067978205,1,52.12480813
28.0,12.49897973,4.213049064,0.0,4.177957043,295.4934837,100.0,2.421953615,0.918288741,1.0,11.97713331,1,27.37771962
24.0,5.878506643,2.372041345,0.902881071,4.413106125,205.4134842,89.60389514,2.72223248,2.426669342,0.0,5.969906322,1,7.184343364
29.0,3.522055433,1.119876094,2.631645562,6.350189744,244.7525235,100.0,0.0,0.90802736,0.0,6.658272324,0,47.62181621
15.0,8.136553519,5.970111532,3.085569068,8.433377751,47.74975314,100.0,0.41514382,1.707274455,1.0,3.868221502,2,39.48251814
23.0,8.648425994,6.59528649,4.925418203,8.393880521,61.91333282,99.17676196,0.512459305,2.160531258,1.0,6.570102551,2,35.41163739
28.0,7.0,3.771381605,5.130810914,7.71384779,314.0700361,97.81219605,0.007441167,3.562713529,0.0,9.33245759,2,27.66393459
36.0,2.548974999,3.771381605,1.365184195,5.028548833,97.76665196,96.5708906,3.424093573,4.160632594,0.0,3.006145467,1,2.641090546
24.0,8.983194434,3.043002451,5.217394662,5.492603328,46.62293904,99.60027305,4.07047678,2.578723102,1.0,5.736667703,1,20.04659677
17.0,5.013628792,2.418633044,0.18069647,9.121308461,305.6349578,98.17939999,0.0,0.551209994,0.0,9.035841379,1,25.14025047
15.0,10.14012973,3.771381605,2.425452273,7.412823467,118.220724,100.0,0.0,4.532130767,1.0,4.398619685,2,17.46160634
26.0,7.112638847,3.792093869,4.179931079,5.233251128,311.0490325,100.0,2.401408684,4.0,0.0,6.316950293,1,29.18028499
27.0,7.394973408,6.080775001,0.0,4.894678577,100.1697247,81.69797222,3.327051025,2.810550511,1.0,1.899989471,2,11.66981901
36.0,8.553338299,3.092822311,7.806253228,2.991545649,123.0471494,100.0,1.397867313,5.031166765,1.0,-2.637974915,1,73.70483456
37.0,7.0,0.001360637,5.706594884,7.416171723,305.4121253,100.0,2.0,4.550619515,0.0,5.462,0,63.07374802
27.0,8.126589546,7.316917773,2.843367145,5.357015663,58.22506793,87.40241833,1.599602633,4.0,1.0,5.261910713,2,2.761640221
37.0,8.239535295,2.986031058,4.611938259,8.556854567,144.230535,97.97397869,1.830414116,3.082726521,1.0,6.374301846,1,54.84865222
27.0,9.639461803,4.505390692,0.686424017,5.974597282,69.35629394,92.77949531,3.095972601,3.421536155,1.0,8.780043076,1,0.0
33.0,8.384370573,6.08358089,6.571730871,6.517502160499999,115.7794193,99.98089076,2.370468513,5.724669634,1.0,4.486822264,1,38.45721917
37.0,7.88722854,5.374462412,3.603980189,3.892568967,97.87816471,95.88926045,3.952142435,1.200331723,1.0,4.063482994,2,14.51738824
37.0,10.19401162,5.292345394,6.693075319,5.077084251,214.9912795,95.75452918,2.0,5.941884249,1.0,8.982188472,2,48.43974256
27.0,5.895724222,4.953572188,7.420010147,7.118361516,244.5046246,98.65322222,2.113082763,5.769655465,0.0,4.184364173,1,74.64772705
35.0,5.049712655,2.904126046,6.761938035,6.248007676,112.1424079,100.0,1.017169782,5.283195313,0.0,2.262904663,1,62.92746445
29.0,6.850268427,4.87393805,2.062989962,7.811905295,185.5511278,100.0,1.998378819,2.14015068,1.0,7.022405707,1,35.65234807
16.0,8.196338941,2.506771678,7.598284142,4.105488286,289.9432269,99.92223174,1.906160636,8.886889781,1.0,8.282631924,1,59.05585339
30.0,7.839523001,2.689212069,5.389737911,8.330711886,140.7126385,100.0,0.0,0.164308134,1.0,4.45104325,1,73.52342331
23.0,6.601903325,6.562411624,6.655818795,4.139697394,216.9259296,94.07443278,1.040224273,7.109684337,1.0,4.661766008,2,36.179356595
27.0,5.056205921,3.436959768,4.877736386,6.815048286,142.1698096,97.26463979,2.676611253,0.628957518,0.0,1.668340509,1,42.71523492
36.0,4.784484502,1.570658138,1.212568095,3.779137649,253.8337063,99.81741449,2.049960265,3.239652416,0.0,5.530796111,0,13.83838462
27.0,3.355951205,2.388709533,1.626268137,6.656991879,179.294857,95.19165335,4.809534728,3.298408606,0.0,8.414169267,1,21.93429325
26.0,6.412322222,4.137922836,7.126586082,6.965766377,212.0902017,100.0,1.048628553,4.443308904,1.0,4.778835761,1,54.18583387
15.0,7.800914429,5.001867555,5.5540033,8.401980941,111.6327158,97.45352684,1.428336493,4.603437366,1.0,4.845413505,2,29.59037426
25.0,12.14112807,3.927194533,6.739060514,3.482275457,276.2396828,99.29031402,3.845916151,5.496687454,1.0,6.591083532,1,45.54970235
26.0,8.006188499,2.874433268,1.452372315,6.066913238,208.7620213,100.0,3.314018914,5.019167311,1.0,12.86904485,1,21.56017588
36.0,7.10922514,3.870618291,4.1412097370000005,4.491225034,88.14284358,100.0,2.189940322,6.140913513,1.0,5.462,1,53.16948279
17.0,11.63015173,5.34430556,6.838449579,7.540543435,168.403401,99.51240087,1.976881914,6.873534326,1.0,4.781460381,1,78.87218387
15.0,2.551414097,2.691114658,6.940730575,8.958276036,24.22432196,96.92248971,0.360736761,4.056156081,0.0,-0.444390834,1,95.28151673
34.0,7.0,6.307478047,6.940730622,4.409557615,204.9289329,94.97988665,2.215117025,8.788834559,0.0,5.462,2,40.26987787
35.0,8.670791976,6.180270497,5.105175185,5.755768413,179.8303938,91.93977109,2.909785541,9.171872055,1.0,7.130413909,2,24.70166549
25.0,11.22271037,11.31062954,3.02698672,6.653170863,212.1305793,70.0378413,2.558900793,3.100031359,1.0,5.922583697,2,0.0
34.0,4.685381884,4.247266848,4.676321506,3.550721231,107.1226744,100.0,3.118197023,1.88731643,0.0,5.356346241,1,20.17266384
30.0,8.447061294,5.752438812,1.628921504,7.800592688,141.055273,92.37395675,2.278517905,1.149166388,1.0,8.435678094,2,0.0
30.0,6.234370059,1.832037793,1.873397465,7.849153515,33.38023393,98.88929091,0.0,0.870885358,1.0,2.985409125,1,47.54986151
33.0,5.330379542,2.901470437,8.46794833,6.517502160499999,187.8089942,98.4666853,1.324559777,6.062781287,0.0,0.569945702,1,81.81761318
39.0,12.23007559,6.213163488,6.293869686,5.739525462,245.9270527,100.0,0.0,4.075377756,1.0,7.520911417,2,57.2632792
37.0,8.151853406,3.771381605,5.86191273,7.548020729,108.4382282,98.33059803,2.404206942,7.348313072,1.0,4.611168661,2,43.57677233
17.0,7.601182446,3.09916455,8.089331666,7.121571281,165.9822073,100.0,0.0,4.596448249,1.0,2.113668702,1,95.62515759
27.0,7.424765087,4.312596153,0.439935711,6.163918915,147.7391138,100.0,5.528802253,4.0,1.0,4.439537867,1,6.031173338
27.0,2.032909162,0.212169897,3.955680281,6.069139014,165.9822073,100.0,3.842012424,1.541298356,1.0,3.52778814,0,68.90319134
24.0,6.064696822,4.853580909,6.234687628,6.402849117,240.7687143,100.0,0.0,7.142901496,1.0,6.287150476,1,51.96628101
22.0,10.53687704,6.489298811,4.783083041,6.754112331,64.60643763,98.27215693,0.0,3.06001267,1.0,5.372303835,2,18.697348
31.0,3.753788825,0.426264403,3.505276693,7.688366708,272.3301877,100.0,1.429431524,4.745302048,0.0,7.32683401,0,67.22754494
21.0,14.90566051,6.989579342,7.501640853,7.960988003,531.4301444,99.97815536,1.289395108,5.18808479,1.0,15.50329518,2,66.96312632
38.0,3.509601799,1.861599724,7.219060684,6.654738217,104.6925958,100.0,2.606587776,6.5258922,0.0,1.563923002,0,100.0
28.0,6.388448048,4.191688549,1.736689445,6.723090052,180.1880307,97.7268366,0.307944367,4.977626033,1.0,7.188948993,1,18.6940693
34.0,11.34746681,7.45856812,2.846509448,7.317730039,245.7231631,76.57334982,0.309686657,4.0,1.0,11.35221,2,0.0
27.0,7.131705406,3.705792993,2.715453018,4.971935051,169.8223223,97.59313711,3.766051854,3.846162094,1.0,7.143869303,1,25.61720969
18.0,2.350264697,0.577673708,7.120865973,7.970465914,246.1366847,100.0,2.292003193,8.7208029,0.0,6.882382486,0,71.34846205
33.0,4.820700672,1.577511658,3.604803023,6.963227708,204.8183561,99.46312827,0.0,3.28964419,0.0,5.474537284,0,76.79117101
39.0,7.0,3.086441607,4.418334512,6.165001724,80.04129211,100.0,0.42518615,5.177598598,0.0,5.462,1,61.38768201
28.0,6.837248921,1.648315435,0.976434888,7.230817733,221.51727,100.0,0.324028766,3.084539894,1.0,9.732580518,1,28.94696803
17.0,10.6401494,7.880321355,1.656216429,8.88187545,30.35247261,95.73848296,0.0,0.962650434,1.0,4.940086842,2,4.246972678
27.0,2.846132817,1.513437803,5.334497734,4.161234571,104.9161579,100.0,2.972569131,8.315239248,0.0,0.383660195,0,67.92907648
37.0,12.12217939,4.676249251,7.890509248,9.867589829,271.0772632,98.44395241,0.0,4.0,1.0,10.54018103,1,91.89276167
37.0,9.559606881,4.914173789,6.781690315,5.839277385,197.7024622,98.58963353,0.92529011,4.0,1.0,5.462,1,84.57116181
39.0,9.655033186,5.640341338,0.0,7.210130497,74.91640645,83.85063319,1.419437272,4.641613736,1.0,3.768349111,2,0.0
35.0,6.073831391,5.325155547,1.803062461,5.35934449,108.7203092,85.25563169,1.986494808,6.5279615,1.0,6.011663709,2,3.021136615
23.0,1.755839586,0.839421636,3.393065154,6.779207306,94.01080931,93.98476709,3.633587974,2.316248629,0.0,5.48885018,0,58.2404867
31.0,5.74401319,2.927060563,3.481465948,7.189739579,247.878973,96.20044404,2.675754709,2.164561369,0.0,7.432382218,1,30.44905477
35.0,8.970150331,3.901654702,6.227851099,5.163706382,158.3002833,96.80678191,3.77849146,6.371640302,1.0,5.270358026,1,38.32445792
29.0,10.49204219,6.90456306,2.404141031,3.822816264,74.1745707,92.24899594,1.32776841,3.075300886,1.0,2.669759165,2,0.587895179
21.0,7.41821889,5.769955495,3.784915779,6.494386864,218.1700553,98.44709098,3.035852848,4.630095293,1.0,11.03947238,2,15.90887581
31.0,8.359182523,6.177671559,3.881156227,7.03113154,206.2931297,100.0,2.949630491,3.112333922,1.0,6.107186563,2,26.75542788
15.0,10.54617114,2.277071509,1.902318171,7.130259152,210.5197715,94.78730379,0.919469257,0.0,1.0,6.096808559,1,12.26005155
21.0,6.347630754,4.011435568,4.490015258,5.064719598,165.9822073,100.0,2.755812315,7.146946092,1.0,5.462,1,41.24770891
35.0,4.031538443,1.662596381,4.1412097370000005,4.822190732,188.3920704,95.77337459,2.516132576,4.171273141,0.0,5.462,1,27.47036269
20.0,6.037503193,3.254130705,4.298931976,4.419908568,76.40105763,100.0,3.835478921,4.0,1.0,5.728922706,1,58.62677606
26.0,9.026281069,3.379215618,1.544877351,5.157340529,117.5938224,100.0,3.76252211,0.264312839,1.0,5.057114549,1,7.302747013
33.0,5.917688042,3.771381605,5.473886554,5.129136057,463.5217084,99.5139531,2.0,5.595996626,0.0,4.106702534,1,57.99304898
29.0,10.29416234,8.777555191,4.1412097370000005,6.501179797,293.0999696,70.1782652,0.71524724,4.908584186,1.0,10.21716727,2,0.0
36.0,3.356059773,1.217206043,7.056093624,6.342038881,295.4133816,93.06829712,1.47409388,4.447647376,0.0,7.422585385,0,97.51899693
36.0,5.042105646,3.723625254,6.405748919,4.296510792,38.82286993,100.0,4.060326234,6.649972589,0.0,2.561453806,1,32.95955997
38.0,10.96451977,3.771381605,2.618838027,7.876166345,18.11357688,100.0,0.065043634,4.363844944,1.0,5.600129291,2,36.41885182
24.0,10.14182393,5.380153909,1.605561343,3.701305519,128.2067395,85.2969536,1.854401113,3.734413823,1.0,8.983031254,1,0.0
27.0,2.276567654,0.96128964,7.729929879,6.66607207,3.521941021,99.41507945,0.787952003,5.642625623,0.0,-3.834391927,0,100.0
38.0,11.71325629,3.789469261,5.096885818,6.301120851,173.7259392,96.72197255,1.518422474,10.64195259,1.0,8.643830314,1,78.93735411
34.0,7.932481266,4.583736022,5.975869147,6.326543507,98.44385007,100.0,2.529774011,3.724428014,1.0,4.585549556,1,49.35696
23.0,7.474584253,3.771381605,7.261925566,5.81936792,154.4168576,99.61939367,4.420400839,6.483218555,1.0,4.547038236,1,47.75098804
33.0,7.0,3.83092043,6.519810907,8.087031907,66.02570767,100.0,2.160793893,8.955055019,0.0,1.433867,1,61.60500054
16.0,10.9546284,6.999835317,0.118696671,7.790513316,214.4963602,72.11825511,0.880170935,3.279986767,1.0,9.999931632,2,0.0
24.0,7.543149865,6.778956974,3.299591706,7.912417575,125.3447645,98.12901039,1.814652798,1.8156457,1.0,4.148216522,2,13.46870982
25.0,3.025521221,1.859782603,4.1412097370000005,6.528770097,127.9177645,100.0,0.796093585,1.62669911,0.0,5.462,0,46.23404931
27.0,10.84078928,7.118664154,4.959867136,5.120303328,85.817057,96.16700421,3.837911779,1.872081889,1.0,8.366724101,2,30.65464326
17.0,2.232088976,0.38680566,3.954451779,9.865034826,181.4783455,98.43193695,0.0,3.15548112,0.0,5.745095797,0,73.26049699
28.0,7.379358707,3.771381605,0.812781922,7.367139353,188.8230223,93.58066259,0.048314945,4.381744041,1.0,6.162950571,1,11.00059879
26.0,6.348562263,5.154142202,6.904123068,8.683624498,184.1567649,92.50265248,0.460174541,5.997647518,1.0,2.871793937,1,67.04914585
19.0,8.792313042,3.771381605,7.703595257,6.453656814,97.35749017,98.96151592,0.0,5.235178293,1.0,3.608323384,1,39.85682876
16.0,6.789338447,3.186071779,2.118352322,5.991360356,116.7776172,100.0,1.520827161,3.273088111,1.0,5.323035164,1,36.179356595
20.0,1.161574894,2.931965242,0.116799635,8.229463437,284.2563225,100.0,0.040858841,2.794874797,0.0,3.334093938,1,9.182605263
25.0,3.832148824,3.167309718,6.668187846,6.095574035,205.2178484,98.9923992,4.332420748,6.741869266,0.0,4.979928649,1,77.81266008
22.0,5.58974116,3.514400378,0.388524773,5.393542377,209.2153249,100.0,5.43511025,3.826307188,0.0,9.02691887,1,0.0
17.0,7.0,2.215495469,6.46496274,8.914979341,305.4525074,100.0,0.693003759,8.46192641,0.0,2.119808252,0,36.179356595
37.0,6.621485953,4.586534641,5.378020584,6.218018491,85.40279013,100.0,1.265197657,7.904120947,1.0,1.60465637,1,45.38460008
15.0,1.761999533,1.258772371,1.589906166,5.398383939,165.9822073,99.64992982,3.116279417,1.553904958,0.0,5.462,0,8.032761247
36.0,8.642742181,4.033182167,1.678914251,4.203912824,29.04682424,100.0,4.211300102,1.1528592,1.0,5.146563926,1,17.90024802
29.0,4.634931629,4.045965101,4.1412097370000005,4.687967256,223.3659597,100.0,3.522965598,2.216306519,0.0,3.884578725,1,17.07174265
15.0,7.262372412,5.591362669,5.873720062,6.944430256,165.9822073,98.75241744,0.676973954,5.761183636,1.0,6.640134697,2,45.57999653
22.0,9.969276252,4.856785023,5.533610618,4.118981804,76.2918087,98.8862402,1.501935877,6.276243731,1.0,3.661961726,1,42.72052967
31.0,11.4017355,9.226266682,5.214245403,5.418064128,165.9822073,95.78513908,0.080217488,7.378055596,1.0,4.285217804,1,17.75508816
16.0,7.078234834,3.789518572,6.537543117,5.905150098,241.8003044,100.0,1.179503883,6.302081266,1.0,4.13610588,1,58.76575764
22.0,7.345626622,6.944936624,2.541461577,5.63511822,169.5565439,88.15652087,1.750422667,1.663372239,1.0,6.335335175,2,8.335290328
38.0,4.068966713,0.804231947,4.494325305,6.658703426,70.31466307,100.0,1.930049038,0.998430667,0.0,4.128859559,0,61.38808967
19.0,8.424248138,5.316698959,6.631305692,7.782784841,153.3005704,100.0,2.0,5.422048162,1.0,4.33373452,2,58.08957044
24.0,5.173694691,4.357344261,1.198945996,6.719518044,79.61606313,99.5541666,0.0,2.488126145,0.0,5.110399251,1,13.8404318
21.0,3.223547502,1.716707072,5.25039369,10.031156,55.56527189,100.0,2.201240796,4.0,0.0,1.048141324,1,61.48338168
24.0,7.0,4.982552179,1.263836837,4.727767268,191.8504922,80.53759439,1.564438488,0.0,0.0,5.462,2,0.0
29.0,2.192269393,1.659757419,2.394293667,6.890343528,78.99060135,100.0,0.133720034,0.645517734,0.0,1.031583695,1,33.38493986
26.0,5.577262017,4.760849086,7.128049657,8.020152614,19.70988872,100.0,0.0,9.448829459,0.0,4.154453551,1,66.21063682
37.0,7.700479764,6.513926984,3.650967744,5.196380515,253.7627529,87.37471637,0.621230752,4.983850588,1.0,9.193382293,2,17.39378947
34.0,10.58576029,8.851294702,1.532595102,7.75583485,300.8836271,63.97119491,2.617514237,2.693114951,1.0,11.33880016,2,0.0
31.0,8.096661461,3.472856223,4.132616951,7.886913019,177.5379571,100.0,0.932139378,3.948144527,1.0,6.920319574,1,41.75246637
26.0,2.995714423,3.771381605,4.455089213,6.517502160499999,165.9822073,100.0,0.863467168,7.708231497,0.0,5.462,1,92.46824891
26.0,2.845217342,1.059398926,1.702703265,5.835857049,65.12640636,100.0,2.456065202,0.0,0.0,1.155648841,0,27.75832889
15.0,10.61320674,5.033812886,3.770311393,6.286669922,77.36715263,100.0,1.835535378,0.546090502,1.0,6.247237832,1,29.66951293
23.0,10.29514039,3.771381605,6.813332267,6.517502160499999,165.9822073,99.14013595,0.0,6.726016727,1.0,5.462,2,36.179356595
15.0,7.345926162,4.531871251,3.221921236,6.589242242,134.0261444,100.0,0.571079249,3.155871747,1.0,4.183525802,1,20.48537347
39.0,6.332057261,5.37378506,3.761555996,6.234147333,295.9994083,87.7222549,2.539042148,1.622372843,1.0,6.08303967,1,17.11059204
34.0,9.987182949,7.291233257,0.657719818,6.061799896,239.6427665,73.31707374,3.478204579,2.549398382,1.0,10.73277316,2,6.530540004
32.0,8.495696885,4.529923051,4.1412097370000005,7.348808345,111.6272371,100.0,1.307895384,4.0,1.0,5.462,2,46.61712965
35.0,2.591131667,1.35786054,1.600004569,6.1082489,235.8483093,100.0,1.348476867,1.132622716,0.0,8.068175093,0,36.62194883
15.0,8.054732806,6.706186687,3.778361111,7.468212328,165.9822073,100.0,0.73833662,2.635768579,1.0,6.968937666,2,45.38670906
27.0,6.276447316,3.837483644,4.1412097370000005,4.351175276,270.8214982,98.86652181,1.861195903,3.766943527,1.0,4.831273744,1,69.41806398
25.0,5.601717265,4.545712185,6.941850568,7.939443653,81.639705,100.0,1.492482127,7.029568539,0.0,-0.587495293,1,79.16181026
23.0,4.411270342,1.714037017,1.593076855,8.437219577,56.39365923,100.0,0.0,2.68051794,0.0,3.397485669,0,43.00450537
31.0,9.880710155,4.210233861,1.835692856,6.336303245,165.9822073,97.53812458,0.0,5.908190444,0.0,5.462,1,14.23688154
30.0,7.243394618,2.610620272,4.665064718,9.429166775,176.650199,100.0,0.179930268,2.352822136,1.0,5.605957041,1,79.02967185
36.0,6.183970765,3.750877957,4.1412097370000005,7.45295812,276.8488649,99.90501668,1.324621229,2.181686745,1.0,5.462,1,12.9350674
39.0,10.81056179,8.849800803,4.851771006,4.763461046,146.5158916,78.01610981,1.395914285,5.502666045,1.0,6.86763918,2,0.01955285
21.0,4.715906653,2.245874713,2.368179244,6.3564336,214.4971562,99.74406323,1.526200072,4.288928333,0.0,6.445463383,1,39.48392115
21.0,7.966106082,3.771381605,0.0,8.551786667,71.55289158,99.85223303,1.650106138,1.999769514,1.0,7.40820923,1,26.41469287
27.0,5.640628771,2.597009142,4.92283779,5.644504177,165.9822073,99.2943123,1.023175841,1.348169962,0.0,5.462,0,68.34831041
24.0,11.97955818,6.582103759,3.918729351,4.672669205,70.29300238,93.20797077,3.753550115,4.436634014,1.0,7.216632258,2,22.65707447
35.0,3.244512909,2.67508446,4.1412097370000005,5.818454148,87.57795402,99.81701167,2.0,2.11626128,0.0,5.462,1,20.1816999
37.0,9.208271132,2.927598324,6.785936894,6.193039702,204.9331773,97.86831771,2.713644285,5.373531344,1.0,6.188488297,1,51.54443719
30.0,11.50736372,4.798084792,5.446095969,4.966790776,125.417998,100.0,5.112213314,8.155081949,1.0,6.412588606,1,43.51543563
22.0,10.98487064,5.145718047,7.736915107,6.765907279,296.0313679,100.0,0.982430428,4.380712145,1.0,8.849370956,1,70.92683152
38.0,3.001576322,1.846517078,1.178344172,7.545497294,24.38582551,97.61354552,2.649620334,1.983559885,0.0,0.902707447,1,39.90524252
24.0,6.777772885,4.007585814,0.469271945,6.268616258,63.25069332,89.85206499,0.135129969,0.0,1.0,4.768170914,1,0.047212805
25.0,4.839706597,3.374033249,3.995291357,7.154292518,271.2344117,100.0,0.803717374,2.929505926,0.0,7.895703054,1,36.179356595
27.0,10.47427274,6.161999435,6.15196902,3.190182946,221.1756071,93.96844758,2.063709709,6.94593129,1.0,7.942171059,2,19.74195821
26.0,7.195736832,3.921215119,7.261282436,4.012401939,180.5887025,99.35266945,4.265956342,4.180331232,1.0,4.470217351,1,60.62389811
20.0,4.643796016,1.485354315,4.454941619,4.637787857,60.63141685,100.0,3.694551031,0.221133745,0.0,2.450041323,0,49.21677873
33.0,9.567622393,6.693085071,0.607754919,4.556349957,106.8669409,73.48518841,2.663608718,3.046523252,1.0,4.819110697,2,1.320854024
37.0,3.15331608,0.819185722,2.287813333,9.317910143,60.65878487,100.0,0.095843609,4.841898299,0.0,3.7101703,0,57.74759634
18.0,6.969786865,5.308812303,0.172512056,3.095174956,208.3275556,83.74805451,1.610796649,2.92994071,1.0,6.77337275,2,36.179356595
21.0,1.460074538,2.38181361,5.503636236,5.012668686,35.82185274,95.08322389,3.056139313,4.0,0.0,-2.514554058,0,55.53314472
15.0,12.27720003,10.19803876,3.01495394,8.432989924,113.7959736,74.46442447,0.943331242,0.713172788,1.0,8.433523273,2,2.650009517
32.0,10.05218808,3.305855505,1.802529218,4.129517796,54.36281734,100.0,2.0,2.125222945,1.0,6.595357239,1,27.28614928
31.0,3.076168671,3.771381605,5.980027212,8.471547067,293.3980538,100.0,0.633498756,10.4206633,0.0,3.892173203,0,100.0
27.0,8.603807254,4.724992211,4.383721049,5.111882425,259.3442513,85.88285698,3.083265596,2.78045106,1.0,9.420810261,2,24.56530689
19.0,10.82717864,5.567337674,5.924581077,9.054753337,286.4251122,95.28885988,1.178373465,4.0,1.0,10.63251657,1,66.03471543
15.0,10.44738098,4.442661503,3.907281123,7.267464039,100.8379117,100.0,2.591441057,2.447580085,1.0,10.01802581,1,30.49229184
37.0,2.895754315,1.910948113,2.451579868,4.061503462,159.2553491,96.57305382,3.680868644,0.0,1.0,3.427459945,1,31.4307406
34.0,3.393809768,1.315100562,3.006636,8.336986342,368.3322835,99.04987784,0.599781215,2.103921154,0.0,4.558206422,0,69.6937543
30.0,10.15747264,6.563554181,1.864207948,8.051948648,36.74884637,96.06816243,0.90493657,2.260732925,1.0,4.040857106,2,0.593204383
26.0,10.27291305,8.017184659,0.395821486,3.75107151,24.88618523,72.63868483,4.221515693,2.168638036,1.0,6.502784462,2,3.597268026
19.0,10.68683725,3.771381605,3.852348091,4.860995865,112.1263641,95.91961485,1.915985282,4.554650137,1.0,6.421032729,2,16.43236173
15.0,6.44542157,5.617895775,0.380982329,7.759900436,131.466497,94.86426872,2.319762425,1.608704603,1.0,7.713604059,2,0.0
17.0,3.508720693,2.45868073,6.258917826,6.10332952,220.6148668,98.56324644,2.940622287,8.035952859,0.0,3.421081565,1,77.69679053
27.0,5.403645164,1.703444285,3.259276679,9.042363219,114.2001339,96.60802251,0.970346392,1.012472351,0.0,4.951753909,1,58.18353604
22.0,7.75635682,5.431688597,1.840317181,5.619514527,287.0322953,78.42653846,3.156800192,0.961122009,1.0,8.591039677,2,3.268836053
15.0,5.69473885,4.444608733,8.532505382,5.051413121,113.6541536,100.0,1.604113509,4.0,0.0,-1.124259231,1,57.74791716
27.0,12.54416684,5.606238307,7.630485519,4.558224654,106.3502779,98.79035453,3.867564023,6.953578637,1.0,7.366024689,1,57.92200249
21.0,12.14562035,5.962580728,7.667730171,7.932663204,212.349686,100.0,2.725962333,9.282951268,1.0,4.523385199,2,63.19446221
33.0,3.669767028,2.366424743,3.475953995,6.021131208,262.8954219,97.48859322,1.980480393,6.625845805,0.0,5.731037215,1,34.15178713
28.0,10.58953687,8.895706071,1.299343098,7.241822316,203.7974244,64.1938141,1.107677507,2.868195543,1.0,8.693179113,2,0.0
16.0,10.25120938,3.29967946,1.57347956,3.389920952,33.6795127,93.72417315,1.398962045,2.564429161,1.0,5.31041225,1,5.541884036
16.0,9.658740856,9.733766032,1.71895625,7.027796601,263.9263883,75.43249618,0.593487747,1.037087074,1.0,9.686832865,2,10.09169469
27.0,6.136509835,2.452995154,5.207456894,5.873840752,165.9822073,99.65063506,0.356489956,3.238305776,1.0,5.462,0,58.51862043
32.0,5.249254663,0.794073894,2.185557391,7.348519235,181.9451244,100.0,0.284580306,1.379018412,0.0,5.462,0,36.33744244
35.0,8.938059284,3.297962015,5.11249499,6.820514426,181.0666889,100.0,4.047530471,8.774153738,1.0,6.339153159,1,58.3296321
38.0,9.471840563,7.194698223,5.004223522,5.860757604,72.93813837,88.81331374,2.926371692,0.99511224,1.0,9.924810855,2,4.385891337
30.0,9.560505914,8.446243739,7.663196825,6.00867103,15.5700907,94.00081256,1.814555048,9.576934201,1.0,2.107910261,2,52.03173458
17.0,11.57685279,10.392205,4.996697635,7.667746171,45.94912203,90.53368833,2.178678901,8.189466626,1.0,2.763181256,2,16.84758403
17.0,4.471436181,0.478699676,8.53151039,7.69615893,552.092537,100.0,2.0,7.653309801,0.0,7.898089633,0,84.0688721
32.0,3.274465308,0.550567353,3.634379477,7.372356208,152.6772574,100.0,0.088336955,4.783338065,0.0,4.916977648,0,26.9708621
24.0,2.757327493,1.135722923,7.923405144,4.788218478,170.1502586,99.52773157,4.228503066,4.885907508,0.0,-0.778623059,0,80.42883003
18.0,8.93726913,5.883655301,5.844931622,8.444462491,196.1594527,100.0,1.373300134,8.62280298,1.0,4.218849049,2,64.81125289
17.0,7.247390537,5.28037741,4.552478196,3.643915538,323.0934616,97.31864362,2.766049071,0.444088933,1.0,6.012302936,1,0.0
39.0,8.041591468,4.438724217,8.407435008,7.641011496,129.7052198,99.6856112,2.0,7.824257714,1.0,5.006953862,1,60.66640051
27.0,7.0,4.507842702,0.425052402,6.118226225,135.2491724,100.0,4.27802724,1.936763264,1.0,9.114132541,1,7.132645847
38.0,7.0,0.808457203,4.350450938,4.52886958,227.8111544,94.75986794,2.0,2.996036829,0.0,5.462,0,62.28900371
24.0,10.81410834,10.56416827,3.142994505,4.09988534,267.4708199,62.20769581,2.694273279,4.925976443,1.0,10.6576551,2,0.0
27.0,6.779518445,3.46395234,4.041113217,7.732250874,90.36735255,100.0,0.993206818,1.384447234,1.0,-1.289119218,1,41.39531805
20.0,11.43560913,4.775747155,2.60362254,3.308601213,161.7527179,87.4220084,3.911454069,0.696843497,1.0,6.682281979,1,26.06173022
19.0,5.617558291,2.668287287,2.266188226,5.461901645,41.4106919,99.86688292,2.474585908,3.778197774,0.0,4.16208634,1,9.995631471
33.0,7.465006631,3.982478349,4.601603856,4.768178377,213.6217668,96.6484457,1.754282683,2.339627137,1.0,5.999848189,1,19.73195045
22.0,4.771609158,2.698135385,1.308324347,5.977614379,19.47630648,100.0,1.521407756,4.182144084,0.0,4.370891121,1,0.0
24.0,10.51680237,4.817875519,6.527267399,6.238800839,129.2624507,97.62006786,0.005144047,4.95849847,1.0,1.419089461,1,54.68464529
35.0,11.81354411,6.977372689,7.098406008,5.00616455,45.63375045,100.0,2.206753009,7.089091069,1.0,3.219973008,2,39.48044219
29.0,11.51104888,7.885376274,0.0,6.734855778,97.66903797,83.4825649,1.152174293,0.0,1.0,8.6143982,2,4.66607684
37.0,13.40472319,3.797382354,7.017307565,6.08931131,444.5732714,98.22701923,1.733845815,6.747464064,1.0,14.36902481,1,42.54685188
38.0,11.98791989,5.652748022,1.388078604,9.607267353,49.64049709,97.41498392,0.171538403,2.669716004,1.0,7.604216807,2,24.5248009
36.0,4.948690754,3.771381605,0.494925325,5.314651785,293.3377834,81.2400448,4.135972852,2.761248704,0.0,8.607646698,1,4.6731155
24.0,5.107839105,3.023585121,3.845447954,6.790465874,166.2781771,100.0,0.0,0.747292601,0.0,2.437599713,1,52.40008051
22.0,6.27924175,2.482485273,6.58545442,6.602557555,212.264206,100.0,0.0,8.697544192,1.0,3.851038999,1,62.08853105
18.0,9.446562394,6.763613243,4.642644812,6.694083199,262.8221305,92.70863393,0.0,4.343838953,1.0,13.21970002,2,46.6140668
39.0,6.22074447,3.771381605,5.755985664,5.177322104,202.0017586,100.0,2.554785517,0.913656394,1.0,2.90485718,1,42.1510047
21.0,10.53870472,7.258376515,4.219346479,7.412566972,149.905028,100.0,1.214695412,2.995025144,1.0,4.170506969,2,36.179356595
19.0,10.99756417,3.53617246,7.151496877,8.153537363,41.07963567,100.0,1.463056722,5.442689285,1.0,5.534708481,1,85.83657512
27.0,10.87729417,3.889255627,1.736322992,7.313521232,77.26547162,100.0,0.271857335,2.683738966,1.0,4.344520397,1,32.90285451
37.0,3.272683404,0.720636807,0.464123661,6.917283906,22.25683208,100.0,1.448700809,0.0,0.0,5.526668459,0,36.179356595
31.0,7.166813312,4.624613211,1.084940984,8.490591017,165.9822073,94.50595879,1.465926905,0.697398341,1.0,5.462,2,5.699278209
37.0,11.30966431,3.771381605,3.299279585,6.33244662,255.7649273,86.40220346,2.351443799,3.762800527,1.0,9.298467631,2,28.56707075
30.0,3.434354704,0.930245586,1.859669113,7.958787305,273.1561528,98.53313373,1.929510012,3.977383246,0.0,7.241303964,0,36.179356595
30.0,7.674318358,3.771381605,4.419231027,6.517502160499999,82.79338632,95.34834004,0.035304113,1.727758621,1.0,0.517942962,1,60.23829693
21.0,8.040711765,5.969937971,4.759583799,6.41680642,186.0839752,97.05850756,3.475479514,3.948652655,1.0,8.37737071,2,20.74540163
37.0,7.028788531,2.537769026,4.222671234,6.45072067,257.4614223,100.0,2.550330411,4.409896167,1.0,2.91954778,1,54.75176949
26.0,2.623133826,2.27668422,8.017244223,4.286053698,72.78048224,99.13686113,2.652729779,5.86940146,0.0,-2.317069549,1,84.92383385
29.0,5.464656237,1.447708156,7.646326645,8.644722675,187.1522527,100.0,2.339056379,6.203839902,0.0,4.418659697,0,100.0
19.0,8.092690448,4.409457739,4.306500241,3.38160101,176.6984544,95.86519004,2.001354738,2.797834131,1.0,7.383678705,1,42.97865668
25.0,9.712795717,7.453195239,6.836004224,9.431853439,147.1823443,94.68584676,2.918741843,7.69265068,1.0,2.78144757,2,62.75669699
27.0,8.587299344,5.863725,2.640736395,6.517502160499999,57.17163684,93.43865246,1.223401059,1.194100253,1.0,3.55979425,1,0.0
27.0,9.607443122,5.9362594,3.160228636,4.733822898,237.7650279,73.24718209,1.723889137,0.05012669,1.0,5.287808131,2,0.0
23.0,9.6226065,5.947671009,2.441790713,5.830153767,66.08246495,88.07410907,2.0,5.463670298,1.0,4.766361198,2,7.884112037
32.0,7.439083942,5.176732487,0.0,8.311797238,200.8389729,81.43376639,0.214854628,1.27932999,1.0,6.134812928,1,0.0
39.0,4.198722051,4.379405622,1.378413988,8.802654322,157.3606842,100.0,2.709447839,2.291015727,0.0,3.56165591,1,24.99700109
39.0,9.322169167,6.440727726,3.328220969,5.248038767,213.3581487,100.0,2.410186837,4.023548859,1.0,9.232213832,2,0.0
29.0,3.64993073,1.822675891,5.866806442,7.636620766,274.7129893,97.22507772,3.98329884,4.0,1.0,6.122321596,1,85.71610626
38.0,10.20600738,3.771381605,2.262473803,7.652180261,39.46155141,97.57567941,0.0,1.611745926,1.0,6.335866481,2,27.31926147
21.0,9.646628705,9.661900531,5.442812454,4.312611349,134.3580569,87.50331896,3.216410084,6.460696473,1.0,5.619230386,2,3.442190633
21.0,7.084615625,2.811598798,2.077135551,5.496560118,165.9822073,100.0,2.001611782,0.541945084,0.0,5.462,1,9.929606428
29.0,7.042504391,4.851850697,3.415950469,5.824757634,95.1235915,93.96213817,2.027693908,3.034991428,1.0,4.328746472,1,25.23160727
16.0,1.8412244,1.147116227,1.620124188,9.394700261,92.9805105,100.0,0.524553109,4.501335962,0.0,1.311414027,0,48.85946431
21.0,3.516355007,1.535054489,4.1412097370000005,8.124763407,108.6303683,93.40722822,1.640527885,6.081068114,0.0,3.539890738,1,72.57001779
20.0,15.02058874,5.803893075,4.1412097370000005,6.11128733,32.79231488,98.35445167,3.487647247,0.0,1.0,6.061422321,2,24.6013901
22.0,4.733223289,2.793520668,4.1412097370000005,6.645316394,132.8018967,100.0,0.0,0.577135713,0.0,5.462,1,42.28998419
16.0,7.403583404,3.950867395,1.452740489,9.196704227,95.13402178,100.0,1.326801541,0.461620332,1.0,7.305189569,1,23.57779808
19.0,9.614024238,3.25613061,1.962225249,7.489832994,287.751102,95.5135285,2.867189372,3.232942021,1.0,11.921542,1,0.0
37.0,9.385467875,4.898862636,5.695351796,8.468165214,203.0406433,96.25865236,1.750282113,8.309800602,1.0,6.450665174,2,44.80348269
31.0,11.16986406,3.112986999,3.304251342,7.985293231,200.7902658,98.45952348,0.0,3.828393053,1.0,10.35517612,1,44.22379627
26.0,7.0,7.737976344,2.92988393,8.067125262,181.0976587,99.44820906,1.488237759,5.222086097,0.0,5.462,2,7.726934492
22.0,1.774067889,0.850471068,2.015655513,4.933921203,89.99254724,97.98927628,1.810840246,1.600040288,0.0,1.499510865,1,45.25147174
29.0,7.0,3.771381605,4.774120412,6.05114963,163.9898134,97.22552897,3.983663289,3.766687714,0.0,3.001294907,1,30.34070529
22.0,5.315938949,1.844826491,7.464985512,7.591143552,110.4759213,98.71944998,0.0,4.247731786,0.0,2.62449124,1,100.0
17.0,3.516865519,2.868883233,7.592467098,5.135357962,0.0,100.0,3.534468922,7.685128769,0.0,0.949864607,0,70.0510637
33.0,11.46285351,7.495198703,6.47014393,4.528159508,161.407908,82.09177318,4.332796542,6.448339992,1.0,8.129896035,2,23.80018389
29.0,7.0,8.677302871,0.833792136,7.714924828,178.9259049,76.8651916,2.587747555,2.173457454,1.0,10.30279461,2,0.0
38.0,4.401474065,3.705017098,6.05854279,5.667967452,145.5448119,97.9898125,2.822856113,8.171551707,0.0,3.569053748,1,48.227619
32.0,8.019753456,2.401989655,6.650936372,6.001251737,45.9015523,98.75842435,1.885202636,6.21838561,1.0,2.613889239,1,65.85488448
30.0,8.604445538,3.597295333,4.839116354,8.222382391,174.3169013,97.00172081,0.0,1.127453157,1.0,8.739200522,1,67.69643774
18.0,7.0,7.402096557,1.920466922,8.920513746,575.0182402,100.0,0.0,2.375662171,0.0,5.462,2,2.446297743
34.0,3.044391654,2.249615536,4.02211042,6.311562431,277.8308008,100.0,1.569120061,2.631523094,0.0,4.538638815,0,46.73951104
25.0,3.847776344,2.119058506,7.241711753,7.767413738,265.6259324,99.30903712,0.220358978,9.32001717,0.0,5.886457435,0,81.81652084
23.0,2.125233369,1.259438241,1.464944143,5.221213485,276.6070748,94.09953912,2.062600997,3.593110841,0.0,9.211037947,0,8.708650268
20.0,8.347744466,7.078425645,5.580829065,6.130286305,114.5752142,98.9348461,0.757268256,3.29874278,1.0,4.099453618,2,36.179356595
35.0,5.165823573,1.809962279,7.856106571,7.221807075,236.3223975,100.0,0.219914689,4.0,0.0,4.430669069,0,84.12787632
35.0,16.57830123,4.642381844,5.716499866,6.982857868,90.34417398,95.85060111,0.432088739,5.090989238,1.0,1.737546601,2,69.02808456
27.0,9.164153901,3.771381605,6.185315131,8.311592111,101.2456177,98.90386298,1.292506029,5.352804778,1.0,3.668357734,2,23.68082392
36.0,4.558163999,3.043389915,5.045538477,5.621920796,88.87061545,97.62370351,2.886724322,4.316519261,0.0,3.959294098,1,63.84181502
25.0,9.01384498,9.238404316,1.23754041,5.945474147,62.98635145,88.43071713,0.326684504,6.529618623,1.0,8.553974695,2,0.0
27.0,6.183718159,6.02588382,3.739116107,9.184168634,85.41641106,98.88504332,1.578700816,2.279280752,1.0,3.091881182,2,41.80373074
18.0,3.969426732,4.712287678,4.559677095,8.017845151,222.5207666,99.78168,1.579011942,7.530255325,0.0,3.469276994,1,44.0137453
37.0,10.85569122,4.861427631,4.441462698,7.644923747,165.9822073,99.43241674,3.309258935,2.32468105,1.0,5.462,2,42.08717005
31.0,11.23502635,9.000861431,6.69468282,6.517502160499999,232.7109135,80.47959641,2.199134735,6.751883527,1.0,5.033966467,2,12.0817756
22.0,5.001950528,2.516835945,7.647467066,7.793744036,128.3666915,100.0,0.258227412,5.684426424,0.0,5.245232907,1,92.53119203
17.0,6.813751146,3.406763564,6.573686812,6.517502160499999,14.06239307,100.0,3.705157028,5.137240376,1.0,-0.745448529,1,72.19726336
26.0,10.25554372,6.324592894,4.121193229,6.579113115,15.50350479,97.7578492,0.0,2.249107883,1.0,4.829068506,2,8.254565585
27.0,8.492320602,6.119403905,2.502758523,7.963540791,25.92025897,100.0,0.0,3.752031026,1.0,4.611726201,1,0.0
18.0,3.31759925,1.229186159,4.418653356,6.742839801,63.84191116,100.0,1.477474311,6.288105877,0.0,2.865522726,0,41.92756842
27.0,13.48071725,5.097704651,1.794657156,8.096396708,180.1250747,100.0,2.0,1.485390046,1.0,10.31564719,1,21.22896524
29.0,3.955593438,3.483345038,2.17960945,5.002420618,103.9188471,100.0,4.786132087,2.816621764,0.0,3.407716406,1,0.0
35.0,8.023511608,2.877171916,7.311173266,6.517502160499999,165.9822073,100.0,4.628714883,4.866236723,1.0,5.462,1,50.68709981
31.0,2.869987005,2.075307155,6.594107832,7.379776414,0.0,99.62163479,2.14113359,9.001113713,0.0,1.126140219,0,36.179356595
28.0,3.197987844,0.643632163,5.265324786,7.882391909,13.45218618,98.25241077,2.10757753,9.082561587,0.0,3.881353153,0,78.33289361
35.0,4.218750662,1.708252588,7.812946642,7.598910254,110.7392478,97.03177224,2.59357309,6.792000924,0.0,-0.224763263,0,79.12490359
15.0,8.167966123,3.438472208,1.962020301,3.822832015,75.09958636,93.35927613,2.0,0.0,1.0,1.319271938,1,24.4491602
24.0,6.166565718,3.443743617,0.912372117,5.273123822,209.2338103,96.54443515,2.757322964,2.761882966,1.0,3.90046132,1,7.135175435
33.0,7.0,3.771381605,4.892023678,7.30223761,533.5069967,100.0,0.091295666,4.0,0.0,5.462,2,18.63616387
17.0,3.546835147,2.864395179,0.0,8.197704138,165.9822073,100.0,0.575339838,0.710750044,0.0,5.462,0,38.74803825
24.0,10.35619819,6.418060329,4.02664493,4.916825547,13.82810328,96.87935651,2.2198634,3.137626963,1.0,1.593441457,2,7.752672988
24.0,6.087020784,2.727062513,3.758078183,5.029205434,61.81491596,96.75708931,3.653396046,2.414438037,1.0,2.319651441,1,47.62409613
32.0,8.567244578,6.358938865,3.572543299,6.248877963,197.2740845,86.21755742,0.942453306,3.591389248,1.0,8.867586046,2,12.07742052
35.0,9.770224147,6.272749473,7.761606901,8.635215148,270.995835,100.0,2.181221632,5.381952166,1.0,9.229517454,2,57.22807432
27.0,9.216388835,3.771381605,0.484287755,6.9912278,56.48764293,99.78980455,1.195302134,3.769311669,1.0,4.348198111,1,14.39863699
32.0,3.316475908,1.406285882,1.458836313,4.358923237,258.4462142,94.81913739,2.0,6.55315116,0.0,5.317793462,0,17.87294471
33.0,3.446979204,2.317714634,8.02379965,4.709927024,165.9822073,96.86448012,1.419872644,3.957610778,0.0,6.167907345,1,85.07247746
29.0,2.017831155,2.061879884,4.1412097370000005,7.040674188,247.6450015,99.57563266,0.953670848,9.722890092,0.0,4.956603161,0,100.0
36.0,7.607606819,7.04620969,8.237344804,4.082155292,209.1017119,100.0,3.496595651,5.501126338,1.0,5.462,2,38.52193624
39.0,7.913678478,2.479651686,2.690514268,6.517502160499999,255.9006002,100.0,1.800341943,1.900910156,1.0,8.510700511,1,40.99513151
27.0,2.249948704,2.424980423,7.550433687,6.909648479,58.00291657,100.0,0.474113246,7.638605649,0.0,-0.55859152,1,66.94287112
21.0,9.707186214,3.83163153,4.1412097370000005,7.770371858,232.0456567,100.0,0.058029581,4.564555667,1.0,5.462,1,33.55411682
29.0,5.521112559,2.495727105,5.445722998,6.188707989,194.10572,100.0,2.241122641,11.34388293,0.0,4.629260163,1,64.60009767
27.0,2.200223051,1.163487872,6.841704054,7.020744613,9.912399635,100.0,1.690681848,6.112139513,0.0,-0.455560207,0,100.0
39.0,5.035237955,1.217318406,4.107959497,5.331988723,115.8339725,100.0,3.863586643,0.0,0.0,0.304276466,1,50.57899055
18.0,4.235088037,0.874670013,2.451496559,7.791406691,282.5474448,99.25773053,0.128889274,2.042925777,0.0,5.760312302,0,49.15811179
17.0,12.93317397,4.12876522,3.780295235,8.46698066,480.3336586,100.0,0.840196042,1.576542424,1.0,13.83773608,1,14.22020471
28.0,2.422959718,1.277083088,5.865874136,5.891257746,105.9310601,98.82101018,0.0,10.08118078,0.0,2.542926096,0,77.27220276
36.0,11.67923166,5.61730866,7.933367522,9.603689153,157.4611516,100.0,0.0,9.768309792,1.0,5.058390446,2,63.29174965
39.0,7.0,4.723274006,4.835987635,8.328761097,194.4299161,99.25483845,0.0,3.829484771,0.0,5.462,1,42.91287791
17.0,7.044119846,2.017334659,2.858133005,5.423133524,218.6978914,100.0,3.119418395,2.842872194,1.0,5.825868114,1,13.9858546
31.0,5.923508507,2.315556949,3.496949191,7.417299567,482.7285973,100.0,2.612456806,1.208673743,0.0,9.365958776,1,46.99373351
34.0,9.559407904,4.302857297,3.932615727,9.564026929,112.2155461,100.0,0.0,2.657787351,1.0,3.561644606,1,42.83320616
21.0,9.920747902,4.091182674,6.874649902,6.350132119,280.5324666,100.0,0.053115615,5.352060305,1.0,8.161834033,1,45.72976453
21.0,4.938877028,2.216180566,1.947066463,8.885153592,193.1644831,97.67589162,1.676854799,1.571836619,0.0,5.954734401,1,46.00839865
35.0,6.427363146,2.019463502,3.119005655,6.36702473,63.64666716,100.0,1.655211678,0.0,1.0,3.163463117,1,54.35297665
16.0,1.371519984,1.320023168,3.9828738,6.779554532,238.0222896,96.9759925,2.321733056,1.887767681,0.0,2.585617653,0,65.65808293
26.0,6.680604111,2.886346664,6.73779195,5.184012435,20.96604154,100.0,2.958630805,5.674758906,1.0,1.462772828,1,77.58220574
30.0,7.186174775,3.771381605,4.1412097370000005,3.656417115,253.8964631,100.0,2.882551434,4.224215454,1.0,6.724133933,2,42.74185065
23.0,4.211074063,3.677490609,7.013759836,8.194588627,204.4654001,99.46109366,1.163592593,9.44398348,0.0,2.006982434,1,94.43509435
35.0,6.637215157,5.742770686,1.670405056,3.498519182,133.0847025,91.76059596,2.697733927,3.022827765,1.0,5.645348628,2,0.885071339
25.0,13.47589537,4.886048106,6.459970263,8.166021659,107.0186821,100.0,0.789572296,5.345357964,1.0,10.5609841,1,96.44208958
21.0,4.069281559,3.771381605,7.598870132,8.750636092,120.3133049,100.0,1.832055983,7.073747609,0.0,1.862079716,1,100.0
33.0,5.75919165,2.339201438,0.819912864,5.720758801,220.6037527,98.68653336,0.380533071,0.0,0.0,4.12353584,1,23.94019562
38.0,8.560194388,9.430151184,6.912167829,9.470229016,160.9185109,95.67462835,2.0,8.147148246,1.0,8.361906575,2,19.74428128
21.0,3.869524678,3.196966264,8.185264348,4.678635222,95.04392361,99.18345842,2.349478895,8.16492661,0.0,3.894304523,1,83.15640062
17.0,9.786969524,7.964432961,4.345647109,5.544735673,234.5671066,82.04597686,3.111523221,3.701643751,1.0,11.14618752,2,36.179356595
18.0,5.095322374,2.529811682,0.0,6.517502160499999,212.4397858,94.12498903,1.180000017,0.170629482,0.0,5.462,1,5.118989546
38.0,7.0,4.975023255,1.069574998,3.669820721,315.6609244,76.34683341,3.17932262,3.653373324,0.0,5.462,2,3.698044411
17.0,4.819111902,1.577601362,3.028410328,7.800446808,84.25548582,95.01889826,1.621399772,4.399802694,0.0,1.400090946,0,64.96974914
37.0,8.767766946,5.818480912,7.258309433,8.151504473,44.85242943,100.0,1.611018079,5.65051218,1.0,5.385887718,2,82.08362636
33.0,2.5791838,2.556161185,1.70936623,7.198961553,77.53188123,100.0,0.599213782,0.340548357,0.0,5.539177581,1,23.81582376
23.0,3.640368948,1.171273458,1.236245433,4.414523126,309.1109037,99.5662468,3.81363913,3.940325981,0.0,5.790782728,0,37.54488924
33.0,11.21321614,7.610457261,7.253087324,7.92732664,180.5729342,91.90827382,3.082580489,5.500438756,1.0,2.001927304,2,41.78947831
27.0,11.98563494,4.805065252,6.343127158,4.78869768,241.9991407,99.24102171,1.787619417,6.854244767,1.0,8.894290189,1,48.36771091
17.0,8.30888785,4.028274683,0.0,7.820852245,111.5373517,95.81984136,0.277186195,1.367837526,1.0,4.576673836,1,36.179356595
17.0,10.39110314,6.343224422,0.0,6.517502160499999,109.799098,93.0611429,0.26056995,2.795980414,1.0,5.977001109,2,6.732870916
39.0,11.01525323,6.228570962,3.539953219,6.982280644,229.2667199,100.0,0.0,4.321472681,1.0,8.554536891,2,12.4716375
27.0,4.634343348,1.422707193,4.593853481,5.766012541,96.22105192,92.69658075,2.933704846,0.802002681,0.0,3.683183782,1,43.26417179
18.0,7.099533756,2.152858489,4.823169336,5.101055036,165.9822073,97.55091243,5.428197746,0.0,1.0,3.600610611,1,79.7936037
34.0,6.717591383,1.99502777,1.897434152,6.517502160499999,23.43019807,100.0,1.446639866,0.785811828,1.0,3.530322474,1,3.506819214
20.0,2.391841188,1.992371129,6.370925559,5.154397234,259.7844204,97.89422164,3.375094546,4.920212459,0.0,4.228022983,1,62.90108063
35.0,6.959821188,1.613894988,0.361622339,9.055875202,112.1029651,97.66470947,0.0,2.021358719,1.0,1.002786724,1,15.22920987
20.0,4.953460106,3.036284855,0.123915182,6.517502160499999,165.9822073,100.0,0.440386495,1.646300312,0.0,8.256323107,1,0.0
27.0,5.783388318,2.555494112,4.418972559,8.17750544,567.8739807,100.0,1.151427358,5.061018143,0.0,4.889585999,1,54.20846651
37.0,6.642173233,5.161176419,6.660263283,6.517502160499999,255.9389117,100.0,1.564642584,4.877825077,1.0,3.91406069,1,70.45392007
24.0,4.047025106,2.707991543,3.486842142,6.611443614,112.8232231,100.0,3.477167435,0.0,0.0,1.781928435,1,63.96801097
31.0,7.0,8.397419191,4.1412097370000005,8.338416838,210.2304043,100.0,0.760496487,6.009169245,0.0,5.462,2,36.179356595
31.0,7.0,2.87514021,3.284101564,3.947519875,291.3960855,100.0,3.681207922,1.268268725,0.0,6.219159823,1,23.81706593
28.0,5.661557135,3.43715734,5.840462512,5.794762928,87.39870485,100.0,3.076799557,4.930216106,0.0,4.115479055,1,56.49304645
18.0,1.768055945,1.613661547,5.651243007,5.808549405,116.307841,94.94944923,2.246828496,5.042831853,0.0,2.387979057,0,80.01564317
32.0,6.360715037,4.438746569,6.522732193,8.151295747,281.9525428,99.89404793,0.029874206,4.0,1.0,4.519381836,1,83.6445312
18.0,11.79730546,8.157446806,1.424398245,7.444613182,100.152785,74.18040375,2.12218955,0.916833544,1.0,1.56577027,2,0.0
32.0,10.23976505,7.239310813,3.309635578,6.517502160499999,188.8081793,91.94216829,1.209938671,3.14779099,1.0,8.144966155,2,0.0
16.0,7.0,5.410989386,3.677230235,5.801596545,71.6675352,100.0,4.684010192,0.645174156,0.0,5.462,2,7.051088552
38.0,8.82096719,3.771381605,5.090787174,5.621935801,170.5508676,79.23066305,3.424297966,0.593574406,1.0,5.889376177,2,6.125317126
30.0,7.410718244,2.343578273,5.853730681,5.864763643,0.0,100.0,3.509786892,6.749929561,1.0,3.270448865,1,54.63365838
31.0,9.834451847,8.963533444,0.143708514,8.50242813,179.9981741,76.12079923,2.395728777,4.854217242,1.0,6.470791216,2,0.0
30.0,11.20297734,3.81207368,4.795428006,6.723841882,188.5800161,100.0,1.847435185,3.886649753,1.0,7.242422463,1,50.74843599
28.0,5.892833709,3.863139046,1.447113312,6.946502879,152.3696097,96.40250734,0.0,4.322128158,0.0,3.718521812,1,7.213065651
25.0,8.792919956,3.771381605,6.953615255,6.658581308,325.8262803,97.58174223,0.258877806,6.332299077,1.0,10.22149685,1,34.11169951
25.0,5.915472787,4.090402508,7.683984756,8.019242104,132.0739455,97.82892564,0.809963121,4.0,0.0,1.473218285,1,100.0
33.0,7.0,9.168357774,4.1412097370000005,6.517502160499999,241.1627791,90.61935641,2.0,8.066383129,1.0,5.462,2,17.87694781
21.0,4.744776122,4.49239252,7.129293292,5.052870729,74.29808961,97.09847114,2.23866866,8.487858122,0.0,5.462,1,75.70841462
26.0,3.253954587,3.834627085,7.137055616,3.824167405,75.08438924,97.18619695,1.352099134,8.204159016,0.0,2.583909894,1,81.05306953
27.0,9.790054936,6.603710356,3.08849242,5.323667815,287.0028247,78.40593375,3.583742827,0.474856227,1.0,8.730244923,2,3.956781953
33.0,2.601900751,1.668003953,7.232196163,4.599219591,239.7260987,100.0,4.127570016,7.637855383,0.0,6.601056507,1,70.1929979
24.0,7.975867275,2.923402442,1.758101009,6.248422095,100.8130064,100.0,3.602459965,2.630269024,1.0,8.075781749,1,5.954222689
23.0,4.909112102,3.771381605,1.706760451,6.517502160499999,43.42924062,100.0,0.546014829,4.598692471,0.0,2.163580787,1,33.39568502
15.0,7.31191572,3.530557806,5.763566863,9.052635228,259.842802,96.57814805,0.945109574,9.049596449,1.0,7.673142652,1,72.13130389
38.0,6.367235735,2.433554683,3.645632866,5.36910673,121.1833612,100.0,1.775603575,0.22350837,1.0,7.061510522,1,14.08363858
16.0,7.0,1.11783359,1.984202387,7.09824886,104.7486159,94.67900012,2.0,3.3258749,0.0,5.462,0,29.01437637
21.0,2.39774102,2.047966032,1.441063824,5.826663188,243.6194448,92.15299176,3.120170349,1.735920097,0.0,3.797488922,0,23.63892557
33.0,3.765077227,1.922289226,0.469003296,7.992475427,46.90290325,97.8058783,0.0,0.993712215,1.0,2.820027646,0,47.44131215
24.0,10.05803852,7.908199453,3.3932431,5.902171411,165.9822073,100.0,2.145407448,1.582534787,1.0,3.376390789,2,5.818545648
31.0,3.204905211,0.698092654,4.833015441,4.043421229,278.0954814,97.62075306,2.905191288,6.812264732,0.0,6.016447182,0,57.0687388
32.0,10.67223674,5.16059878,6.489795001,4.6314552,215.1497567,100.0,2.280808488,6.658355652,1.0,6.117229684,1,54.25891338
27.0,5.647840432,5.272397983,3.002339433,7.382510969,293.0240277,95.76966961,2.199500112,4.0,0.0,8.529310211,1,27.06014661
27.0,2.312566421,2.328704269,4.939105107,7.998926011,268.7347385,97.93118972,2.168090806,3.998133489,0.0,1.471662839,1,56.91835149
17.0,3.307654145,2.212620046,6.35690086,6.647704087,231.2902678,100.0,2.809022593,7.441805185,0.0,2.128600929,1,74.08090448
34.0,4.627268552,2.542754385,6.356564015,3.910315489,229.4918946,98.82014629,3.991491804,7.431247637,0.0,3.410055663,1,55.44018258
34.0,2.641487577,0.997113603,7.292765156,9.178138326,271.7089215,98.22869009,1.973851848,5.67668898,0.0,4.246664495,0,89.43148315
30.0,11.86743595,4.53321284,4.664032334,4.484797423,258.2389287,100.0,2.481686894,2.792619292,1.0,6.675123124,1,25.62685625
33.0,7.603773203,3.013747924,4.1412097370000005,3.949244295,42.23916905,92.64152627,3.331595825,0.846335108,1.0,2.009061773,1,17.12912823
26.0,2.998184474,2.6951843,0.0076489,7.942525777,317.4929685,100.0,0.0,4.690532463,0.0,9.402898992,1,15.82299819
27.0,9.070121498,7.841057574,0.611098629,6.640764335,74.47979416,88.79071562,0.0,1.744947447,1.0,7.635657141,2,0.0
27.0,5.378158551,4.502578833,6.058103705,7.320063533,259.1647326,97.85617809,0.262937459,8.359318428,0.0,0.987693302,2,75.84832811
32.0,11.27838028,9.713986866,3.749106251,3.979881121,240.1098924,75.0044108,3.647903116,4.147380097,1.0,8.143164843,2,7.691247301
26.0,4.787451889,3.248966674,0.210525277,4.637617134,281.6122037,81.03636168,2.676494726,3.587008937,0.0,10.51248476,1,0.0
21.0,3.193394015,1.137843381,4.788741091,5.556479505,308.3578088,100.0,0.165124901,3.037705392,0.0,7.099307974,0,36.179356595
27.0,8.705659481,3.571568268,4.1412097370000005,7.530977127,312.0878654,100.0,0.0,2.96411538,1.0,5.462,1,46.16013713
29.0,10.80900304,8.93630039,5.072419579,7.537877418,125.2309934,88.16897308,2.0,7.108663808,1.0,7.51568979,2,21.47090945
18.0,9.326683293,7.603733596,1.053705997,5.566933583,127.350268,78.78837323,3.076371479,0.050149954,1.0,4.976374388,2,7.351136922
39.0,7.0,2.812885838,5.60494018,7.584460643,558.1777803,99.09185349,0.0,4.179963287,0.0,6.466728952,1,61.38299776
39.0,6.324018178,2.565169385,0.787517477,5.294002135,130.4275518,100.0,3.826723287,3.683007592,1.0,5.462,1,1.318737127
39.0,3.45569738,2.077341031,6.899771776,7.302658599,116.3126589,100.0,0.0,6.836120053,0.0,2.19833046,0,96.24059675
39.0,2.832253684,1.766570452,3.028284876,6.709808138,81.61455138,98.50095712,2.547518334,4.725079515,0.0,1.35266653,0,76.30774544
23.0,11.4967826,7.690573196,0.0,8.208313588,264.839222,77.48237158,0.251202023,3.305006899,1.0,10.94900334,2,0.0
32.0,12.11152305,10.12014584,5.09688636,8.168548434,297.3944699,81.9665788,2.305801235,3.549771108,1.0,8.194295803,2,0.0
34.0,7.572509788,4.195888739,4.147823803,6.70088252,174.2126298,100.0,1.323903594,4.052609125,1.0,7.254473678,1,20.60718592
18.0,5.733160475,2.761890442,2.692792637,6.866826833,235.0664766,100.0,0.0,4.577673265,0.0,3.889402674,1,59.62216227
38.0,5.416660923,3.564419176,5.601192155,6.237277573,131.1359378,100.0,3.632619963,8.912175801,0.0,2.01817308,1,49.57085694
36.0,4.619443739,1.523437617,0.52702231,4.76090384,266.2967929,100.0,4.018549101,5.240669213,0.0,8.841121088,0,13.74198103
27.0,2.43703908,2.88491131,4.1412097370000005,4.822546791,66.82985987,100.0,1.936672638,3.90320836,0.0,5.462,1,52.28363865
15.0,5.709613892,4.381091147,7.502753404,6.753899694,58.2858053,100.0,1.383477345,6.662333779,0.0,0.801396521,1,72.17721082
34.0,8.248723886,6.306419566,2.814479246,8.617013132,183.6798771,100.0,0.516188909,0.0,1.0,3.528691009,2,7.604323923
28.0,6.18694181,6.33923347,6.203287041,5.273590931,292.1320287,98.24940917,1.872303092,5.177784861,1.0,6.982859994,2,19.03289432
25.0,6.832586735,3.846020475,0.652333429,6.017579203,192.0731702,89.13708803,0.0,1.892978197,1.0,5.801704254,1,0.0
19.0,8.284872658,5.089438134,4.1412097370000005,3.673939342,12.74364393,99.44442256,2.822425266,1.685154983,1.0,5.462,2,7.308980221
38.0,2.694847463,1.631913888,3.115180092,6.366787052,155.3876312,96.93933592,0.651358471,4.464114901,0.0,2.487374014,0,32.29424441
22.0,2.917157819,2.380700017,0.683721062,7.17229939,60.56790188,100.0,1.917865518,0.0,0.0,-1.036513102,1,30.72573793
26.0,10.19938918,6.484728237,6.607991278,4.973711226,222.4351044,95.65858257,2.946845224,8.98671944,1.0,4.798535709,2,36.179356595
33.0,3.812535408,1.284768184,0.362122733,6.344987615,547.4042944,100.0,0.0,2.042289125,0.0,5.943144637,0,13.45276007
27.0,4.642931438,2.060665099,2.759176783,4.511645592,477.4459868,100.0,3.648092519,3.075646875,0.0,11.26016619,0,25.74398127
22.0,10.45857553,3.813922964,5.725487497,7.452819025,142.2388219,98.78798195,1.19544857,7.419381068,1.0,4.028643888,1,39.56968577
20.0,2.204452827,0.848462196,4.1412097370000005,7.652793495,287.9646481,98.52678936,1.034120915,4.455711919,0.0,5.462,0,47.65762748
19.0,10.82715922,3.771381605,6.637998157,6.969731525,237.5921833,100.0,1.526033044,10.25399063,1.0,9.75897081,2,33.26266734
33.0,11.23315708,6.155490795,8.442516142,6.038415236,174.967631,98.46782788,2.158412375,5.905953637,1.0,8.802465215,2,57.31021576
32.0,7.0,3.771381605,5.648188982,8.578050264,64.41621253,100.0,1.66564704,3.333805423,0.0,5.462,1,52.78535919
39.0,8.158546789,5.266394416,6.507941592,6.517502160499999,223.3344029,100.0,0.0,7.516097497,1.0,6.023505103,2,38.26347054
20.0,1.953808016,1.488643027,6.081524237,4.730441571,239.0325574,95.51029767,2.400813742,6.47326444,0.0,2.690269068,0,52.32769771
27.0,2.974407515,1.335787061,2.956006751,6.753941735,122.6786389,100.0,1.343910461,4.458041823,0.0,4.132423149,0,62.3623091
33.0,7.733885947,2.106341546,2.913238614,4.323909332,555.4320641,95.39747455,2.119843476,3.062808217,1.0,13.46887532,0,65.95273914
26.0,4.966441547,3.947496373,4.1412097370000005,8.504816379,120.4810116,97.65611415,1.734519366,1.406738531,0.0,5.462,1,68.81338422
36.0,11.56793448,5.024878281,0.934604005,8.392336083,165.9822073,100.0,0.0,0.727499358,1.0,10.68804423,1,20.14260086
31.0,9.487112864,6.151299075,4.071805275,6.508460037,226.1477402,100.0,0.491569588,1.827664902,1.0,8.865124074,2,0.0
27.0,5.365303946,2.266761647,3.578693436,4.213764911,74.00612636,100.0,2.620913003,2.53389025,0.0,2.093924905,1,30.64535359
30.0,9.565452671,5.697550004,1.401067716,8.688210798,56.54861924,100.0,0.515787489,2.516764697,1.0,5.462,2,7.972981519
27.0,3.969231373,2.794407501,4.1412097370000005,6.401164302,100.161926,97.84459646,0.0,4.495295514,0.0,-1.412753263,1,64.92295147
22.0,6.043421264,3.741157696,0.0,5.6567981,48.40232921,96.27952332,2.100897562,2.190386835,1.0,3.884446076,1,11.61552466
38.0,10.79427138,3.285442708,5.74599743,8.264314978,165.9822073,97.70305696,0.01545447,10.16778118,1.0,5.462,2,41.74801041
34.0,8.025037291,3.627011601,1.730995912,7.782464106,54.84065886,100.0,1.601610993,4.385296209,1.0,1.834981133,1,39.77086617
21.0,3.716706013,3.219082197,0.888019403,8.017908639,132.384655,100.0,0.448642342,1.216337188,0.0,8.967948422,1,11.07494889
27.0,7.0,7.952046207,3.462784535,9.100256573,137.0425857,100.0,0.514113911,5.504974114,0.0,5.462,2,0.0
18.0,9.281538071,4.479693838,4.043953209,9.147726516,256.1033683,100.0,1.163303406,1.352778833,1.0,6.868759111,1,30.82511774
31.0,2.257562976,0.134022185,1.957574398,5.177442149,284.1030961,100.0,2.659959326,3.289288962,0.0,10.33195502,0,37.28908462
24.0,3.669777266,1.988999473,6.14114503,5.124256378,61.30333373,97.41949041,4.153250783,7.293214453,0.0,0.226513714,0,68.02543595
22.0,11.22484115,6.165675687,1.581766257,6.472647357,68.55225167,86.41348186,2.0,2.455094396,1.0,8.169613809,2,0.0
15.0,11.8607091,3.815014392,3.528722287,6.589823723,93.85771891,100.0,3.734252494,2.421857278,1.0,6.924157419,1,44.91832294
16.0,6.700867811,3.833068914,6.087057013,8.896822296,210.5070544,100.0,2.366474212,8.633753481,1.0,4.810940793,1,46.8823434
29.0,4.154291443,2.215419875,5.003903902,6.562680503,144.4382962,99.92562437,0.0,5.833786364,0.0,2.790857362,0,79.63595434
27.0,2.004969146,1.661943502,1.045138838,4.785936947,271.2308099,95.41781931,4.045123317,0.704645212,0.0,8.986862529,0,20.2399346
18.0,6.627730883,5.802413819,1.551350838,4.648815392,149.7519081,93.34426787,2.096340491,5.495964597,1.0,7.595958495,2,3.532141551
37.0,2.617330859,1.804161944,2.494556725,6.134576615,85.71954937,100.0,2.0,1.803315998,0.0,2.02987964,1,43.1505991
32.0,9.851829201,5.969305122,1.275885553,8.747804826,37.65825976,100.0,0.017211321,2.396695255,1.0,1.195666068,2,8.323589219
35.0,6.871535289,3.165932011,0.233326497,7.718073439,201.3298814,87.48608655,1.901761997,4.073046444,1.0,8.001223106,1,28.36967889
32.0,9.059036407,5.06487696,7.652022538,6.468985172,153.8058772,100.0,1.091681076,5.846434982,1.0,2.8170791,1,64.16558226
27.0,2.774736499,1.734790427,1.102179272,6.890666664,253.9729635,100.0,0.0,0.379770489,0.0,7.213359673,0,20.70154866
33.0,7.172074748,2.666062085,5.757794401,6.029105167,295.5232593,100.0,1.726377538,8.224994371,1.0,6.341056384,1,71.39489177
35.0,10.0884987,3.771381605,1.294926132,6.796249756,135.4145959,82.21033862,0.376137483,5.964793149,1.0,6.14520731,2,8.195086416
34.0,6.561722888,3.287016129,1.831803982,9.21403039,232.6942833,99.82880415,2.584676968,3.858595582,1.0,6.10903676,1,11.34387963
31.0,5.982806899,2.993512274,0.0,4.242071958,165.9822073,87.57197989,3.264004992,3.524130294,0.0,5.462,1,36.179356595
31.0,7.753516863,3.71209496,4.608994734,8.182124694,43.18496713,100.0,0.0947682,1.837992664,1.0,-0.174775872,1,49.66022864
18.0,3.026038382,1.276707903,1.76676368,4.943052235,220.4465165,100.0,4.087918245,3.679985375,0.0,6.867444213,0,7.7064096
29.0,11.05372966,3.771381605,6.407693921,4.422451476,76.27329543,98.42699539,2.660861017,7.48877475,1.0,5.81462411,2,38.83175776
31.0,8.181778182,4.10856423,4.345149036,6.812674646,314.7513933,94.40459102,2.305618843,1.539726612,1.0,8.937101479,1,34.79662643
19.0,7.0,4.630551972,0.553523806,5.098679069,115.8565089,96.55344525,2.149845299,3.731011657,1.0,6.829287188,1,3.360080266
31.0,7.628132148,4.155920438,5.13076298,6.517502160499999,165.9822073,98.52154783,0.0,3.058108544,1.0,5.462,1,50.90624097
37.0,8.309693746,5.113739007,6.446241735,4.67440298,209.2987908,98.74508001,2.459190287,9.167734093,1.0,5.526906598,2,43.56426562
30.0,2.803084521,0.445099412,0.90426573,7.516001667,249.4842025,96.5943576,0.847701176,2.2322552,0.0,5.221804568,0,16.62034535
34.0,1.584110575,1.113868922,0.93939674,6.248147102,330.2912565,96.32577383,2.344925387,2.011461711,0.0,5.462,0,21.10892173
34.0,3.36107788,0.943692487,2.575085197,8.613086001,226.5303489,100.0,2.233828969,0.0,0.0,5.462,0,60.81000887
27.0,3.537172955,3.174373798,1.325911323,7.051906395,59.55805965,99.19936466,2.473233496,3.801132736,0.0,-0.463768603,1,19.62463459
23.0,7.07217108,4.979438456,5.894258376,7.834643506,69.21704811,100.0,2.0,6.998531418,1.0,4.153557362,1,86.26876221
21.0,7.409918668,3.472120872,7.442697544,8.550967293,274.693779,100.0,0.904925696,9.204245984,1.0,6.679940697,1,36.179356595
36.0,2.908402745,1.547828151,5.640130134,9.29808088,273.9305485,96.54491446,1.115110891,7.249277263,0.0,4.799581695,0,56.08739284
37.0,8.528972621,5.493097471,3.880995616,4.665234468,125.3374134,89.89309127,2.860557182,2.413183697,1.0,2.552993286,2,18.14663479
26.0,6.144833784,4.711015997,7.421156015,7.352149854,32.94054201,100.0,1.353718665,4.0,1.0,-2.006686845,1,90.76628999
29.0,3.372272769,1.382250963,5.178466519,8.624270972,30.09598926,98.80939872,0.0,10.38549192,0.0,1.414380113,0,36.179356595
16.0,11.36438046,6.808797445,5.000174014,6.08139523,165.9822073,100.0,3.391015516,6.278770687,1.0,5.462,2,25.5289363
24.0,5.351199614,4.706914469,4.1412097370000005,2.614029593,284.9409164,93.90559152,1.751283657,4.875880669,0.0,8.288775033,1,49.16125718
16.0,4.003772651,0.926620542,6.46129037,9.289231934,114.6436702,100.0,1.737352782,4.175306432,0.0,-1.426366821,0,79.29785582
27.0,9.780791738,4.291439833,3.039766576,7.935324871,134.892658,96.9417271,1.857798851,5.107311928,1.0,7.778272929,1,35.80724837
36.0,3.226407758,1.902387028,0.0,5.061093586,301.5722708,81.94415383,2.252928798,2.930882341,0.0,6.492543911,1,11.83810824
29.0,3.951168575,3.75307345,3.310209381,4.044508179,121.4235779,100.0,2.511872412,1.819971153,1.0,2.162991636,1,36.00112144
37.0,3.581074071,1.474127686,2.568325698,7.463008062,261.1933065,96.84174271,1.695814042,2.196916918,0.0,4.416195573,0,33.81268176
26.0,7.410012404,3.771381605,8.629520245,6.364960356,57.51474385,100.0,3.327421534,6.757686828,1.0,3.140078046,2,55.50155884
35.0,2.303548352,1.075928584,0.806483511,8.366406829,91.16585384,95.99155054,1.450487085,3.227955153,0.0,4.164289964,0,10.59533295
27.0,4.650969466,2.275939504,2.728221477,9.298492558,172.324158,100.0,2.0,4.0,0.0,4.322436936,1,28.51389946
37.0,7.203119118,3.777099414,2.619804854,7.277833281,261.1952001,97.41007795,2.494360398,2.542844476,1.0,9.221934138,1,21.9845945
24.0,9.308715023,3.681447548,1.551034763,5.378559352,315.893753,96.97453095,2.58418783,0.093323128,1.0,10.53213874,1,0.0
16.0,4.834604899,2.935773413,2.022644704,6.517502160499999,40.79724689,100.0,2.247108774,1.949505865,0.0,5.462,1,47.21722099
16.0,5.721639732,3.771381605,1.147850348,6.121943194,302.5690366,89.16979523,0.604081971,1.941432814,0.0,9.324911796,1,4.952389445
33.0,8.819598358,6.494271549,0.743030349,5.134824007,120.2070762,79.00901526,1.1369886,3.514007616,1.0,5.989957199,2,4.422239538
28.0,8.544753923,6.777691813,4.1412097370000005,8.913196169,250.629867,99.45046589,0.32004671,0.554209365,1.0,5.462,2,41.67428561
20.0,7.047313192,4.280132026,6.589513864,5.144681266,201.2681831,100.0,2.218632302,7.259679319,1.0,4.790621741,1,55.31095596
28.0,4.787052487,1.092445179,1.647816056,6.517502160499999,165.9822073,98.16131269,1.128270402,0.648486452,0.0,-0.294830672,0,36.179356595
23.0,7.396297965,5.92315754,4.1412097370000005,6.09075004,276.5786234,100.0,0.334221152,8.108936664,1.0,5.462,2,40.82585827
35.0,12.1941282,2.953038798,4.587211998,9.199373842,137.4665039,97.5961962,1.75347143,7.439975442,1.0,6.972327293,1,85.72165685
26.0,7.0,8.226313946,5.729182117,4.597016951,165.9822073,100.0,3.822886606,9.174587576,0.0,5.462,2,13.6081323
27.0,9.428768537,7.085533695,4.032536766,7.414517781,225.1559103,99.12148429,2.21403621,2.170033211,1.0,6.337634361,2,25.20954158
31.0,8.995162699,3.910372581,7.789558562,5.246288977,75.17517748,98.51560217,2.787089695,7.818759,1.0,4.718818168,1,66.40810464
26.0,4.94383396,1.091955596,2.314749716,4.666688072,25.55939435,98.34697624,3.351687681,1.505450939,0.0,2.059636521,0,40.14990408
20.0,7.049113197,5.375633841,6.811637561,5.79813312,208.427647,100.0,1.856971669,8.268538359,1.0,4.801660303,1,52.55738966
22.0,5.86648305,3.054140419,7.586942426,7.49561033,233.5289897,97.52495209,1.648757206,3.763419875,0.0,5.414547777,1,87.21699723
27.0,1.550830581,3.771381605,7.818140546,6.574373739,12.48246481,95.44616894,1.678402038,5.60841512,0.0,1.089740209,0,93.73311083
26.0,7.0,3.96862954,1.614133796,5.004914707,36.93076939,100.0,3.986399338,1.616345411,1.0,0.454177689,1,14.992435
22.0,4.370564018,3.771381605,1.604704149,6.818876332,0.0,100.0,0.75594329,1.99235782,0.0,4.302918777,1,5.915114532
32.0,3.586127209,3.700551569,3.849252671,4.449517965,169.537934,99.61342183,3.741635167,0.353554904,0.0,2.795761502,1,23.27892069
31.0,4.730539101,2.55436113,2.494751812,8.239900873,133.4601597,100.0,0.963643891,3.47105357,0.0,2.728205379,1,45.89216524
32.0,4.95476393,1.5314846,5.742720508,6.528818543,4.74504878,100.0,2.060335359,6.431224719,0.0,5.462,0,79.84514024
36.0,7.0,1.044097558,3.68537005,8.560508663,207.9457914,99.51699433,0.048237753,2.795498843,0.0,5.462,1,55.50636465
27.0,6.282179907,1.566501911,5.687537952,4.135881774,115.7791922,96.63199178,1.510320832,0.846598545,1.0,1.669662387,1,32.87296158
34.0,3.853228186,3.880702114,1.217673618,3.416859499,179.0351436,85.58423959,1.899113324,4.879208033,0.0,6.835666168,1,0.0
17.0,7.0,7.082296669,4.23285061,8.330256172,59.13470834,100.0,1.123771298,3.7497947,0.0,5.462,2,37.4037361
23.0,5.674851684,4.859417086,5.997255812,5.384857004,58.91098738,100.0,4.199573805,3.938301192,0.0,-1.61891388,1,42.14802652
29.0,7.744777175,6.490154003,7.227015572,7.705400463,212.3037504,98.3507219,2.0,5.109357412,1.0,7.298579164,1,49.88367501
23.0,6.41209567,2.942532778,5.436976935,5.634946992,241.8909446,97.64684054,1.406036924,8.097301302,1.0,7.469658696,1,47.54174503
27.0,7.161744477,3.771381605,0.374505755,5.671715401,250.4321609,80.59346843,4.238063851,1.799461036,1.0,5.507987551,1,9.099613187
19.0,8.687937021,3.316406853,4.152381872,6.517502160499999,94.20645161,99.33504278,0.892850494,1.474295631,1.0,5.342900297,1,29.61376007
29.0,9.275884714,7.765359628,3.587251571,7.823847787,72.56087315,100.0,0.518692742,3.633851317,1.0,6.253902476,2,8.659471273
16.0,5.974953016,2.423367585,5.239364597,8.076791057,267.5960381,100.0,0.415107414,8.700973884,0.0,3.558995711,1,83.83443868
28.0,4.7616279,1.501521173,4.215971552,8.015362192,223.2331743,99.06148075,0.690121927,0.628749663,0.0,6.151257184,0,63.08689799
33.0,7.241423887,5.163590907,6.116742009,5.469659696,91.48495209,100.0,0.905991829,3.18126833,1.0,2.265194632,1,62.08713328
21.0,7.0,0.594047591,2.496779333,6.864392337,299.0369496,100.0,2.0,3.193867674,0.0,5.462,1,38.31020865
31.0,11.18459443,8.681422854,4.815934411,9.099678188,271.6145627,91.53327471,1.242204406,5.92237071,1.0,7.712512256,2,33.37305557
22.0,7.482098954,6.92516099,5.382941178,8.167826503,225.2794948,100.0,2.470335544,9.642749494,1.0,8.716243585,2,49.06520911
24.0,4.122389689,1.435813306,2.989218017,5.8211029,165.9822073,97.08723611,0.0,2.300766468,0.0,5.462,1,34.15315573
35.0,2.975958026,2.199315273,0.515758687,8.031593164,282.3523436,94.79991691,0.70824119,3.644543291,0.0,5.750510902,1,2.168550707
35.0,9.559791786,7.236044505,0.800139225,7.598453981,189.0891274,83.10403583,0.110534713,3.053910777,1.0,6.876595976,2,0.0
29.0,7.572944321,5.138708593,2.25326077,7.347466544,63.0027557,98.62305302,2.21613671,0.067092049,1.0,6.118586762,2,11.27541209
38.0,7.0,3.678187121,0.81389788,6.334525081,197.8518853,93.76575098,3.282336222,1.889903907,0.0,5.462,1,15.75949319
17.0,1.926970553,1.846225507,1.860806444,8.056911178,69.63899482,100.0,2.982634733,2.56065414,0.0,3.918914988,0,39.06281144
31.0,6.208389172,3.816150186,5.767629983,6.517502160499999,165.9822073,97.94516623,1.88406417,6.576204152,1.0,5.462,1,69.74751335
17.0,7.0,2.108636281,6.24127724,6.732591546,156.5398782,100.0,0.0,9.367746685,1.0,5.462,0,78.2038772
39.0,7.092379155,5.428375355,5.440383548,5.059462797,0.0,100.0,4.730826611,7.691631432,1.0,1.966032854,2,51.0286594
27.0,12.62376772,6.309932244,1.684130407,8.09005955,20.10307856,93.94002534,3.212869689,1.71565095,1.0,6.302425485,1,0.551409912
27.0,7.0,1.995673467,1.755165552,7.651660079,417.2161123,98.0089955,1.253707475,2.204644821,0.0,5.462,0,27.22137716
28.0,5.648562395,2.347641049,3.146583761,6.517502160499999,133.8509491,97.94400453,3.698848192,4.638502009,0.0,4.573889522,1,24.51875619
39.0,4.595681871,1.854765975,3.106595044,9.770963978,139.6410941,100.0,1.447815413,0.941784847,0.0,5.243044215,1,53.80716468
38.0,11.78743662,6.578274836,3.86222319,5.612190578,361.453344,96.22271067,2.682319023,0.443262374,1.0,14.2204238,2,0.0
31.0,9.663965189,4.153688841,7.464698953,8.605058259,262.5716518,94.80901476,1.188531411,4.968259244,1.0,10.01267704,1,88.26484682
26.0,6.042513939,1.352271575,7.414398382,7.659276818,165.7698183,95.62974438,0.0,10.40061276,1.0,8.890399839,1,90.14330376
19.0,8.185477442,3.691221413,4.464847362,4.799172969,90.38687193,100.0,2.339140875,6.337530469,1.0,4.562190955,1,46.00697395
25.0,6.691500492,2.056157736,1.154804342,4.887264154,195.7432763,100.0,4.127287276,0.493569936,1.0,8.021777692,1,38.13976429
29.0,5.281374934,3.655372254,4.642347033,7.721387223,266.6621938,100.0,2.0,7.647231685,0.0,5.368757488,1,40.33197699
21.0,8.904812759,6.711190614,3.526644139,6.122273711,234.8472212,78.54891332,3.232826621,0.886538763,1.0,11.85981669,2,10.07341604
27.0,7.010093555,6.391937699,6.756500871,7.044224299,196.4821817,97.02728348,0.0,6.878834307,1.0,3.625869535,2,44.18495056
18.0,6.438774432,2.210756031,6.134202439,4.473944774,219.9610264,100.0,1.592189354,5.327923451,1.0,9.456819602,1,78.13190007
16.0,9.428999421,8.756127061,3.420330788,6.29932158,217.7962828,69.1058371,1.69602154,2.097442771,1.0,11.46620099,2,0.0
33.0,7.476266693,5.060637554,6.591865132,5.641064568,62.14540051,95.41032403,2.0,4.942539422,1.0,1.433696766,1,59.33833487
27.0,6.028147643,1.94913375,3.812214977,4.456102319,250.5758466,100.0,4.264748879,3.540910067,1.0,8.954580426,1,27.72983626
23.0,10.33681026,6.927266224,3.057614352,7.193735304,274.3420418,86.96703465,0.423336637,0.0,1.0,10.65142267,2,0.0
37.0,8.726820091,5.992847763,4.185701953,6.517502160499999,165.9822073,100.0,2.329491617,2.548889749,1.0,5.462,2,36.179356595
39.0,3.886436199,2.976157971,6.490574747,4.309463386,290.5054164,99.75071927,1.406745986,5.925854138,0.0,5.534536087,1,43.6662332
27.0,6.903949893,4.081762546,4.1412097370000005,7.393887019,312.086819,95.92649557,1.268857045,3.112279832,1.0,5.462,1,37.77227617
26.0,2.832918101,2.606841354,6.375563604,7.512687679,248.4776428,99.63423885,0.969458861,10.61061472,0.0,5.194621755,1,81.68414325
38.0,3.312736807,1.350360449,3.107451007,5.434932468,279.682524,99.1526224,0.879450733,1.737691885,0.0,9.306167332,0,37.9899852
27.0,6.855208886,6.994236161,7.170682033,6.517502160499999,167.9207312,98.52630497,0.166166284,5.826187836,1.0,5.777265633,2,50.48654521
23.0,6.473802177,3.300621115,1.675924745,7.855649752,31.37034241,100.0,0.0,1.289834819,1.0,1.82179262,1,45.38470428
31.0,7.0,4.859470283,2.348719471,5.456062468,304.7495879,80.10658241,2.978041179,2.468629273,1.0,12.23676061,2,0.0
17.0,4.194951548,3.05199605,0.198719398,5.914268863,315.1148999,75.0821643,0.73268405,2.113619692,0.0,4.844842841,1,0.0
16.0,7.89571349,2.365089914,0.658002624,6.483291566,140.2970756,93.5746898,2.44245825,3.932686706,1.0,5.783225751,1,3.627902951
38.0,9.845293963,7.984068462,1.935626151,6.084685411,234.8905372,77.41921331,0.0,3.443570973,1.0,8.459136908,2,0.0
18.0,4.998632068,4.272340827,5.977633471,5.703551379,216.2955817,100.0,1.860725357,2.682910975,0.0,6.348567991,1,30.53366606
23.0,7.916177464,3.771381605,3.479295833,5.248951993,73.06384827,86.02936135,2.0,4.148835234,1.0,7.917184965,2,17.96996285
29.0,2.110616751,2.534247649,7.337889902,7.364319941,294.0016568,98.66831188,1.452170539,7.172879916,0.0,5.169362288,0,77.60693199
31.0,8.744514933,3.093807446,3.668239639,5.354402944,481.4706185,99.08712918,3.436088891,0.241879708,1.0,12.1784656,1,39.45228061
16.0,6.397277776,3.799288055,6.259747159,6.314296501,248.9313492,100.0,1.611901824,8.939699124,1.0,4.90278104,1,36.56976846
17.0,10.23596637,6.056084226,0.968773942,7.344565173,207.0882576,83.84524673,2.0,0.0,1.0,10.6391987,2,0.0
26.0,7.660586522,3.771381605,5.595016973,4.246611016,179.6443714,94.86057909,4.380858578,0.998690805,1.0,5.355002966,2,27.66285796
36.0,9.241569781,8.780895685,8.188878023,8.709705817,165.9822073,100.0,2.0,5.277590875,1.0,6.171624105,2,44.73082875
33.0,5.812251476,0.585643962,7.825062613,6.690936553,209.337453,99.36666486,1.189938488,6.537626803,0.0,6.647930438,1,94.12645188
20.0,10.92427981,5.61562202,2.662805239,4.072201742,152.6007757,89.7431939,3.481226086,3.377439196,1.0,10.05386509,1,22.65369283
33.0,10.37343644,3.573204339,6.386832095,6.060930211,189.4097466,99.20400365,0.008585512,6.327181499,1.0,5.140146758,1,87.18414551
38.0,10.67195049,3.072148362,4.821999034,8.829811176,179.7580373,100.0,1.818289233,2.307090859,1.0,4.491368488,1,67.51694677
18.0,10.02570708,8.293684878,5.510866256,8.769942736,214.5708414,100.0,1.494049842,7.831635225,1.0,7.455444689,2,33.36276908
15.0,6.218867636,3.771381605,3.879804107,6.356377012,213.7250485,89.49269455,3.573865916,0.289961976,1.0,3.939518003,2,18.85898621
26.0,7.223429373,2.626259693,3.512110665,4.507185895,126.6063554,100.0,3.436889397,2.059469379,1.0,2.53609531,1,58.29986334
31.0,5.409968949,2.856442095,0.312511184,7.941142778,123.8529801,96.9371657,2.0,1.200490831,0.0,3.006977701,1,0.0
16.0,7.705276175,4.235995919,5.735453798,6.300368494,242.4941557,100.0,0.898986122,6.579904426,1.0,9.074944064,1,71.03918609
35.0,5.119347878,3.297507647,6.985197136,8.629966504,178.9137323,100.0,2.840613764,5.3002033,0.0,5.343159385,1,36.179356595
29.0,11.79574138,5.47474205,2.25666864,4.528967878,51.01334635,90.03489158,1.626003912,3.416459043,1.0,11.15609447,2,0.0
39.0,8.359169329,3.731891077,5.572191137,4.965186636,332.0812986,100.0,2.709178802,8.140417289,1.0,7.865629239,1,10.37112625
23.0,4.583210585,3.822569729,5.153089944,8.686378709,241.8965847,100.0,1.179582161,3.056231125,0.0,8.243281342,1,51.18197732
31.0,7.0,3.132825967,3.020253274,7.230160729,29.71226257,91.75507196,1.978237007,0.876605855,1.0,5.326679651,1,20.59238342
27.0,10.46365505,5.795195486,2.518510372,5.333860155,185.8355068,100.0,2.839048673,1.717347985,1.0,7.080209681,2,18.52564819
37.0,10.69170041,5.599241615,3.82316051,8.79270566,152.041912,100.0,3.0936186,3.259135125,1.0,6.946389888,1,24.32093591
36.0,7.548149522,6.178705224,5.556763358,8.265988108,18.69226466,98.81351812,0.515541232,5.874424922,1.0,1.358614527,2,37.42861973
27.0,3.351918471,2.818380044,0.0,6.840784637,51.95594001,98.1829508,0.0,1.642234015,0.0,3.232525114,1,5.401550592
17.0,9.376400127,3.395313542,1.428997049,6.517502160499999,203.8116732,100.0,0.000260229,1.540958707,1.0,10.30913756,1,0.0
37.0,9.607141372,8.14521475,4.053525908,4.444486289,112.8601701,78.48483324,0.629797693,1.933014341,1.0,5.107573591,2,21.28134111
32.0,4.527413158,1.180401132,5.858027935,7.737318301,131.4781799,98.26928061,1.384248032,6.909519403,0.0,4.832630447,0,99.70989191
26.0,7.885516839,5.77084122,0.281228673,4.813241104,58.74171745,88.94136569,1.201270071,1.770276065,1.0,7.575684995,2,0.0
28.0,2.067263423,0.201278525,5.095502688,6.561648411,165.9822073,99.12325887,1.209168051,7.133366973,0.0,5.462,0,68.77529375
24.0,6.008174602,6.048066069,2.968920692,8.560615932,165.9822073,98.45437525,0.913031784,4.0,1.0,5.462,2,10.78539752
23.0,1.489950413,0.941099999,4.700197004,8.507497422,144.1598279,100.0,0.010395766,4.847877158,0.0,2.119810056,0,91.75887793
27.0,7.732656679,4.462031503,6.724276666,4.487341574,239.4838329,100.0,2.430646855,8.104053787,1.0,5.462,1,43.54935716
16.0,10.13773022,4.064541663,6.714241996,6.517502160499999,182.8118887,100.0,1.091219437,7.3451668,1.0,4.537360454,1,69.31266098
25.0,5.905501887,2.317996402,5.403152711,4.213618341,172.9915453,100.0,3.147756111,8.652110445,0.0,2.17248357,1,42.2251291
27.0,5.514792199,4.843960745,7.008893551,4.42796947,239.3512829,98.51071719,3.947020055,9.191006432,0.0,5.388931941,2,51.08996023
31.0,6.340931384,4.036009757,1.401163948,4.246433327,223.7676801,78.86907201,2.498148298,3.946401681,1.0,6.399541544,1,0.0
35.0,12.59930913,4.617374342,0.470406966,7.057027524,165.9822073,95.13551744,1.780740331,2.542324681,1.0,5.462,1,15.51367322
32.0,3.374998661,3.383305174,7.42680716,4.851997198,268.6887408,100.0,2.266186294,5.51806343,0.0,3.89053679,1,77.13736667
19.0,10.58525729,5.804074955,4.314393642,6.60139904,159.272744,100.0,0.0,0.880873328,1.0,11.5035475,1,42.06729541
19.0,11.1767456,2.938736767,0.910154145,4.950317458,213.7213447,100.0,2.765749122,1.702179116,1.0,4.615731557,1,5.551383354
34.0,7.549541249,3.662466418,0.92526094,6.517502160499999,0.0,100.0,2.196355241,2.30843901,1.0,4.668451046,1,5.120105261
27.0,3.558702887,1.433336437,5.109576502,5.216400288,77.09245404,92.95606619,3.628211426,8.521978386,0.0,2.825520306,0,56.23725252
27.0,1.904581134,1.056015199,4.1412097370000005,8.478726664,0.0,100.0,1.857059616,1.336853257,0.0,-3.427618465,0,60.88772496
29.0,10.37361674,5.086329495,0.851923938,6.517502160499999,203.4261866,88.46956614,4.287125053,4.844324188,1.0,11.93199332,1,12.34957142
30.0,4.981156557,2.852677841,0.518006761,7.958284831,13.42790389,99.69475624,1.133961194,2.711039159,0.0,3.855331194,1,0.0
25.0,11.23191714,7.65219526,6.182745974,6.122264553,82.06277118,94.35045042,2.592009715,8.027734895,1.0,5.716293453,2,27.13488936
24.0,7.674192708,7.005184351,2.381761892,7.991163958,127.9231312,90.3633395,2.0,2.993761404,1.0,7.795896949,2,18.76890675
29.0,6.296176231,4.93499564,3.565702172,4.511758461,242.8619501,93.86061821,2.278624908,2.187446833,1.0,6.84005241,2,26.53043516
26.0,11.74547276,4.852942078,0.113577305,4.752274243,215.3626433,77.52466435,1.64965838,4.22808332,1.0,11.90977866,2,0.0
30.0,7.0,4.230518013,5.284743174,8.32906066,284.3572497,97.82685226,1.364441,5.313566993,0.0,5.462,1,36.179356595
35.0,7.0,2.6489172,4.668685983,6.589512277,150.9627867,100.0,1.372157719,8.487176392,0.0,5.462,1,71.15423444
18.0,8.475412423,3.374546664,1.669324039,8.886950216,52.33578361,96.91257414,1.079944394,0.666256026,1.0,5.462,1,45.11957851
26.0,1.507450444,2.181382163,5.202400248,5.85981336,217.9301742,97.19893208,0.793227387,6.766704641,0.0,3.950140891,1,36.179356595
27.0,7.0,6.849217304,4.1412097370000005,5.397199541,128.9727426,70.83674098,1.299288735,7.905507685,0.0,5.462,2,6.674318073
29.0,5.199662142,3.1050322,5.027971077,7.839109257,2.511291523,100.0,1.91819129,5.400248602,0.0,0.704008015,1,58.25273658
29.0,11.77381612,7.668815809,5.100951995,5.637340948,152.8330692,83.19188231,2.91615469,5.295688777,1.0,6.917042527,2,0.0
38.0,15.40202886,4.624483657,0.0,7.200264672,466.6300446,96.07164622,1.894053841,4.58054987,1.0,7.368556427,1,0.0
33.0,2.578310682,2.436084415,0.0,7.728709558,38.0531418,96.16399247,0.0,1.569842131,0.0,2.766820626,0,44.85456029
20.0,7.0,3.771381605,6.01944859,4.996470922,234.6538645,83.9378332,3.446353911,4.891653102,0.0,5.462,2,14.23137249
21.0,10.00428231,3.771381605,2.7320966,6.009046017,55.36107857,95.38214201,3.684578608,1.907764026,1.0,2.447156796,1,53.17417831
37.0,11.43572989,3.771381605,1.71706527,7.391066815,339.5564904,72.38344871,0.019242584,3.813443881,1.0,12.97436493,2,0.0
29.0,9.162106166,6.345518108,2.384119337,5.915226779,79.71130907,94.8596469,0.877235896,1.786185965,1.0,4.619167126,2,36.179356595
28.0,3.112723755,0.853445024,7.456242368,6.517502160499999,65.83468692,97.06663204,0.566846821,9.577994107,0.0,-0.435639565,0,100.0
23.0,11.8286122,9.136276311,3.391050726,5.556306425,169.7213179,82.57942291,2.0,1.73840457,1.0,8.440944672,2,7.181514518
25.0,7.0,7.075484758,1.68523566,4.203238185,38.52976329,100.0,2.360946257,2.825033694,1.0,5.199656582,2,0.0
36.0,7.240389376,3.999231812,1.980643913,6.26713612,151.4984178,100.0,0.969957103,4.371829623,1.0,6.42532717,1,18.26376899
25.0,5.083502925,2.220845443,4.880772269,4.168096891,227.2177198,100.0,2.0,8.153067622,0.0,3.360142756,1,39.68648066
17.0,9.505386367,9.45866987,7.593968131,4.658921138,76.90769386,89.37585339,1.198910703,8.937827903,1.0,6.192504368,2,21.3636664
28.0,4.361541725,2.715350639,5.801460646,8.506997537,244.7061222,97.2456896,0.943032548,5.463595131,0.0,5.496730968,1,64.49454924
27.0,8.8730372,3.663118528,2.871933789,6.517502160499999,278.6289408,100.0,1.812920898,0.148820676,1.0,10.33516883,1,40.976742
24.0,8.516735047,6.117865256,2.765570748,5.744804492,165.9822073,78.93061473,3.454731395,3.695457441,1.0,9.654085909,2,10.211426
29.0,3.102214544,0.774813876,5.922877565,5.362829971,201.0130658,98.57535026,0.0,6.841870285,0.0,-0.047735987,0,84.13710773
29.0,8.834276636,4.863830884,8.675891215,7.405250313,292.9212199,100.0,1.72544785,5.761968947,1.0,8.933713725,1,81.12438867
20.0,6.546317825,3.882671056,5.381681761,5.697003553,216.4842859,96.24514531,0.866318754,5.431340107,1.0,5.659975069,1,53.51626002
19.0,7.545289749,6.744178238,6.899960512,9.329723783,150.3703578,98.11719947,2.194812504,4.610625952,1.0,6.747814858,2,75.18692313
37.0,7.514334045,2.444401248,0.600507156,6.495698888,289.7981937,95.68536192,0.507087243,3.507722817,1.0,7.770311591,1,18.06267952
23.0,3.624127249,1.350644052,2.09488565,4.178908409,71.65959685,100.0,4.394133288,2.944837378,0.0,4.487482393,0,25.36716316
30.0,7.0,4.035289485,0.851162727,5.500934964,572.1090491,90.80431884,1.01965228,1.120328715,1.0,14.20600242,1,2.053532983
27.0,9.904446043,8.534320953,1.78795201,6.675951435,228.2971734,74.83257543,2.565295436,3.3794964,1.0,9.786207641,2,0.0
26.0,4.759603439,3.99115909,2.540133384,5.437560253,165.9822073,93.07910012,1.318792495,3.528397493,0.0,5.462,1,7.23377431
37.0,9.178769771,6.164351833,7.04347216,4.219200789,124.3963914,99.77430846,3.090968955,8.870997307,1.0,4.653426058,2,31.5088293
31.0,7.51719698,4.192535059,0.017872815,9.115394198,264.729378,82.99720014,2.0,3.946563151,1.0,6.983653504,1,11.30993562
33.0,8.332777738,2.890667167,4.1412097370000005,5.651368338,58.49986978,100.0,3.60339541,5.783782124,1.0,3.072116229,1,58.18101789
27.0,9.951750956,8.173188374,6.519159051,6.489635477,235.4528755,97.59143544,2.654870543,6.445276973,1.0,9.574918,2,41.10744154
37.0,9.644776459,5.98466037,4.727225314,6.517502160499999,190.3586108,88.42427795,3.611111971,4.789091717,1.0,10.18694019,2,6.856571223
39.0,11.41696736,7.742671824,6.439530353,7.65920888,253.5370232,90.74484331,0.0,7.75226872,1.0,12.7556852,2,58.13781926
38.0,1.89958469,1.326653289,0.363578915,3.797847178,275.5441025,95.20972026,1.86113311,4.333371689,0.0,7.405191327,1,0.0
23.0,5.677607542,3.3488232,0.256161396,7.384741172,303.3028524,93.75799931,0.077783991,1.117463614,0.0,9.330865084,1,0.0
19.0,11.52659131,8.270204423,5.189129494,8.783434879,174.8837113,92.10677265,1.508781716,8.467849892,1.0,8.602078514,2,33.1331084
17.0,8.327372417,6.144354577,6.441674737,3.918220007,59.48855866,100.0,2.099962614,7.870234783,1.0,7.277992662,1,48.14226512
19.0,2.401576098,3.771381605,3.295893807,4.997837195,299.7944704,99.85020131,3.345743624,0.0,0.0,7.249153458,0,32.46204729
34.0,5.17382195,5.279537542,2.591640845,7.701756551,339.987916,92.84548873,0.439484832,1.469072233,0.0,8.783584169,1,22.07401219
31.0,5.807362895,4.686355471,4.698849295,8.494790817,66.03656968,100.0,2.43204205,4.0,0.0,2.264149676,1,38.21203038
35.0,10.81961714,4.311082272,6.496575979,9.091857592,57.76971797,98.92273779,0.0,7.002441664,1.0,4.296648424,1,36.179356595
32.0,5.93901651,3.223052055,0.564833989,8.705975849,39.2238349,99.70440515,0.0,2.333946409,0.0,4.357332936,1,20.551591
27.0,8.959269934,4.094853941,2.510675488,5.400267829,155.2703649,100.0,2.186679988,0.485744213,1.0,5.328962921,1,13.93543996
21.0,7.076826914,5.771646402,0.493320555,4.836517185,221.3403579,82.02671713,2.467411702,0.766289841,1.0,6.564347544,2,0.0
36.0,3.975074368,3.884555953,2.229480799,6.598637552,146.8695557,100.0,0.020724139,2.191384779,0.0,4.128442013,1,20.30201641
26.0,5.108769214,3.536504643,3.543792,8.210205847,284.9645763,95.95721094,1.90891083,0.0,0.0,6.286708252,1,31.84654315
27.0,5.390397255,5.024282919,4.394384636,7.136907181,36.54001349,100.0,1.57794506,1.41507604,0.0,3.300658368,1,42.51262012
30.0,12.39326859,9.872686201,5.095412884,7.021734066,147.5966991,85.10730301,0.26376849,4.686364202,1.0,8.967793457,2,8.008518038
34.0,3.75507684,0.689269923,4.25903131,4.467507076,47.49992502,100.0,2.399614026,3.648899621,0.0,2.074855766,0,64.80704604
27.0,6.144839782,4.292572948,1.141484144,3.989566501,183.8599447,87.69687811,1.617451734,3.505479246,1.0,7.38696101,1,0.0
32.0,11.16880895,4.08981051,6.968373534,4.388785188,215.2412028,95.40762663,1.970681029,8.709312198,1.0,8.033903197,1,36.179356595
27.0,7.0,3.54932679,0.552551274,4.018125958,47.16061776,93.68013316,2.563983083,1.733493617,1.0,-2.033945582,1,9.279819252
15.0,4.116026122,3.788434317,4.813069123,7.023779241,145.983016,98.82723358,0.0,5.497930698,0.0,1.78201992,1,52.35877608
30.0,3.011822765,3.857618314,2.09573643,4.50576914,263.8650769,98.27759369,2.457299602,0.351134981,0.0,7.5691814,1,9.662701287
33.0,4.583370837,3.771381605,5.470462893,4.980879818,156.0103167,98.02075252,2.0,5.85558682,0.0,2.09311907,1,52.59746587
20.0,4.779233627,2.412770282,7.024421029,6.850821172,148.8766661,100.0,2.57777089,7.146783162,0.0,4.970655863,0,77.78601626
33.0,6.177507842,3.451503048,2.102432674,7.566325761,211.3926149,100.0,0.970882314,2.023933753,1.0,8.509133797,1,15.65965862
24.0,3.564459304,3.771381605,8.04581301,9.04952011,171.4424528,100.0,1.645271682,7.60094197,0.0,2.266348493,1,96.73982913
35.0,9.953931286,6.30623548,7.214860966,3.77208326,273.2148297,96.4911386,2.024288891,9.037311432,1.0,7.095716231,2,20.10170637
21.0,9.254339706,5.765466834,5.3469463,7.732391334,119.5186183,100.0,1.557153954,4.0,1.0,5.432640532,2,36.95025772
26.0,7.0,3.771381605,5.489125582,9.125227557,270.4281924,88.79336124,0.818712938,5.515360592,0.0,5.462,2,29.38706304
25.0,9.007114371,7.492368483,2.010832425,6.945288262,217.0024415,82.20434092,2.956731218,3.641453766,1.0,9.494362742,2,2.732865822
27.0,4.927533098,4.530371005,3.894409067,4.086770533,32.08657746,94.60395701,3.282580907,3.750614281,0.0,-2.745045877,1,36.179356595
31.0,6.911341922,3.858904686,6.478672268,4.180177481,71.525358,99.53037558,2.532107327,8.155147625,1.0,1.474437631,1,64.74649589
31.0,3.37316062,3.771381605,6.304894784,8.254195808,284.3711666,100.0,1.371489761,10.94577678,0.0,5.462,0,100.0
17.0,10.21291607,6.973901377,1.982489684,5.187632317,253.1873174,90.54008497,2.016259038,0.0,1.0,4.538852355,2,0.0
33.0,6.900284356,3.758760613,4.261913677,6.366978753,57.3633126,98.67453728,1.878495391,1.665353015,1.0,2.329207493,1,58.05238461
30.0,9.603380712,5.571240148,7.524814857,8.077213058,51.77704721,100.0,0.05761277,6.44265962,1.0,0.580591375,1,63.578071
27.0,11.32131635,2.950304956,5.570210163,8.187570123,243.3194509,100.0,0.45074984,8.703188043,1.0,8.081014254,1,54.08955371
34.0,4.412962813,2.43528137,4.1412097370000005,7.428966061,176.1791484,100.0,0.0,8.131405294,1.0,5.462,0,67.76813953
32.0,4.587897273,1.448937436,0.0,6.244813754,207.7412365,95.00200329,2.789435731,0.0,0.0,7.355532996,0,17.49518425
19.0,11.86534873,3.771381605,5.184254396,7.209345211,278.729717,100.0,2.409602429,8.476349861,1.0,9.451660289,2,40.33153695
28.0,4.965197366,2.700615282,3.191037943,5.032877796,52.47380347,100.0,2.148936359,0.0,0.0,-0.808163441,1,55.78709716
15.0,3.894349307,3.771381605,0.703230874,9.071054986,213.4069743,94.73425489,0.324171406,3.951459183,1.0,6.697421936,1,8.882531268
33.0,12.3149128,6.586025684,5.203120894,8.124275999,172.9762515,100.0,0.579342578,4.082198845,1.0,12.89582423,2,41.38873957
30.0,11.27326381,8.758904433,4.943836187,5.638930226,206.3188482,82.75175242,5.020556,3.170784558,1.0,10.4300174,2,4.348333883
31.0,6.845914012,3.594512067,7.394628317,6.203661818,167.3046813,100.0,1.88775077,5.321610623,1.0,5.909134032,1,80.79021855
20.0,6.110868458,2.120072801,5.04134404,7.759855974,100.8565657,100.0,0.908429705,7.489975593,1.0,3.169252512,1,36.179356595
24.0,4.98526417,3.771381605,7.559335956,5.39886816,69.05785961,100.0,4.47697765,4.885520396,0.0,0.624174617,2,43.96899486
36.0,5.490041701,3.416782334,4.494807659,6.290744531,71.93628878,95.08233797,1.523831866,5.819936001,0.0,1.714736262,1,51.16634802
16.0,8.330536618,2.944073278,7.43100033,6.517502160499999,469.382028,96.40019611,0.0,11.81676413,1.0,5.851555522,1,91.64179361
22.0,5.129781011,3.457445543,6.58395723,5.719264048,311.7074512,100.0,1.722710345,3.577880582,0.0,4.551983834,1,75.11266421
23.0,9.793278247,10.05859721,0.701715972,7.275233836,245.0702039,59.10614495,0.97765458,2.906619181,1.0,10.02822567,2,0.0
38.0,9.795714935,5.552600303,7.63039004,7.01447846,85.56964081,99.14984372,2.270396013,8.292867371,1.0,2.992865162,2,60.29962642
20.0,5.874707605,2.444355703,4.1412097370000005,6.517502160499999,171.4775283,100.0,0.0,9.984303901,0.0,0.74937971,1,89.00021861
22.0,9.160092083,5.722970139,5.353256904,4.443900609,135.6974928,97.61033724,2.10680395,7.222199147,1.0,4.332533514,1,32.20623755
24.0,4.797846451,5.589144492,0.869998382,6.779962889,184.6283844,89.73092416,0.106585145,2.685032432,0.0,8.332886242,1,0.0
16.0,7.186386174,3.183445672,5.590785753,3.996358812,58.02996186,99.09376617,3.5915719,9.395617721,1.0,3.353312837,1,58.77081315
21.0,9.23015188,4.162837227,8.133175813,7.247376686,244.8050623,98.38481243,0.815915792,4.221485903,1.0,-0.033788615,1,68.86405334
25.0,6.361043639,1.931653373,1.90458073,4.980396941,164.4513026,94.19746428,4.265655638,1.540136939,1.0,4.550917832,1,20.30747597
36.0,3.619388353,1.948034752,2.679502248,7.750934362,221.5910408,99.9259988,2.173062169,4.352130045,0.0,7.244184871,0,36.49653688
31.0,7.471811254,5.266987248,4.1412097370000005,8.143692018,238.3041528,99.65497854,0.525352004,2.000256946,1.0,5.462,1,87.2501634
27.0,4.200017771,1.816884561,3.900980938,4.224236182,494.1741368,100.0,3.508053744,0.511103099,0.0,11.86078432,0,28.43615594
27.0,7.0,6.007265936,0.0,6.398176388,238.1968861,79.62216675,1.157486407,2.862079435,0.0,5.462,2,0.0
32.0,6.207256557,3.771381605,0.730258787,5.756432833,284.230443,82.59177803,0.857882194,1.117660367,1.0,8.937040796,1,0.0
27.0,10.30278272,5.946054469,6.64009959,8.197802444,118.3256778,100.0,0.861420275,5.946086327,1.0,5.596466188,2,42.66193034
16.0,7.811762166,2.548932747,8.17047001,8.100950932,129.8258023,100.0,0.305488682,5.405426694,1.0,5.462,1,85.9460632
27.0,2.511984363,2.187712993,5.514418854,6.904771654,164.2036872,100.0,0.095163574,10.58762024,0.0,4.028702137,1,70.48671505
34.0,4.191463011,3.189049998,0.241193737,7.078307766,271.8636324,95.01030087,0.655179427,0.152438654,0.0,10.52372423,1,19.3123996
37.0,3.613452826,3.010143111,1.430642651,6.505545244,118.4921011,100.0,0.0,3.112772768,0.0,4.516663652,1,21.74595967
24.0,9.47942206,5.736306038,4.356652302,7.12572087,175.4073474,95.59314998,2.057256732,1.129578069,1.0,7.148783734,2,27.70709021
29.0,2.108393398,0.74731117,1.183261971,8.704921434,52.16337964,100.0,0.0,5.513823899,0.0,0.056134915,0,43.89647187
38.0,6.688098095,3.748315533,1.346353167,8.938691093,3.633614903,96.96597017,0.0,1.982677426,1.0,4.88923929,1,0.476029609
38.0,11.311275,4.053339589,4.80210113,8.979339961,209.8332262,100.0,1.677733312,2.534754684,1.0,7.389565331,1,47.37829701
21.0,10.86173993,7.102248923,3.885006107,5.545437853,0.0,100.0,1.886235114,2.150015016,1.0,5.38674211,2,0.0
27.0,6.065892425,4.331682262,0.400918172,5.921111033,121.8408443,91.99018907,3.998539819,1.113313869,1.0,6.872884168,1,16.1730828
27.0,2.721115263,1.337177142,0.579169202,8.573727267,34.58887739,100.0,0.200046022,4.11555076,0.0,3.853600603,0,50.2199305
27.0,4.639704072,3.771381605,6.027322097,8.127786494,64.53800062,97.53593705,0.0,7.666015754,0.0,3.814669178,2,67.83058192
34.0,11.38418342,4.79400934,5.473130762,9.121289837,296.9177426,98.46911576,0.774597411,8.199354246,1.0,11.928425,1,62.5317164
33.0,7.591420461,7.596982576,4.829276095,6.778221896,235.7973317,93.11754571,0.0,8.905005801,1.0,4.550427788,2,14.12523851
25.0,11.41037058,10.39913219,3.851606522,4.710490149,194.9617169,63.58406509,1.122899498,2.30820844,1.0,6.730782366,2,6.851158486
26.0,11.65520882,4.618876846,6.944955375,8.927657281,75.17486091,100.0,0.478907721,7.66012551,1.0,2.502665759,1,75.72917173
27.0,1.909627965,1.085961142,3.217632383,8.170474303,38.39025419,100.0,3.183210481,2.915330726,0.0,-2.122311259,0,50.39451205
31.0,2.630288411,1.662923783,8.005324952,6.632261786,254.6067047,97.03142687,0.0,10.09670955,0.0,7.056301232,0,72.57547286
27.0,10.83375776,5.568751604,7.203803878,5.09464166,92.45642897,100.0,2.473771771,5.582107629,1.0,3.133008385,2,36.87141618
31.0,9.986143448,7.233681007,3.286275918,7.73381712,231.8512394,86.16932068,1.882161321,3.144444642,1.0,6.391154964,2,0.0
30.0,2.127097282,4.015273384,2.12395564,6.295488882,39.82894078,99.91985041,0.812730384,1.285331616,0.0,1.111203225,1,18.10688034
25.0,7.637394661,4.807816526,4.1412097370000005,6.734229577,273.7831716,86.63445154,2.618398419,0.940236971,1.0,5.462,2,0.0
35.0,7.0,7.560264398,4.1412097370000005,8.399450438,113.2061515,81.57422566,2.807379197,3.564506045,0.0,5.462,2,4.952204112
18.0,9.054562802,2.481423586,1.633341693,5.697455605,164.9862642,100.0,3.223843138,0.61470651,1.0,6.790154038,1,18.70275194
35.0,6.690130957,6.108355792,0.0,4.679983846,155.6728039,74.58742459,3.526234537,1.550030497,1.0,7.348868558,2,11.07353201
27.0,6.049665395,4.847890256,3.241665961,7.432132264,165.9822073,99.97839435,1.76353399,1.806845224,1.0,5.462,1,17.68158901
20.0,11.45973512,4.025626471,2.260189995,7.041624598,118.6775712,99.00806422,1.645544207,4.658343013,1.0,4.101291956,1,41.07409387
24.0,8.429456686,5.366015568,2.01124245,6.575699645,318.9995108,80.21204776,0.0,2.698358812,1.0,8.533919334,2,13.55635123
15.0,10.62850332,6.014467773,6.174866619,8.063449544,165.9822073,99.04266502,2.186301332,6.420525254,1.0,5.462,2,51.67795688
29.0,4.797844729,3.453956922,4.557905988,5.46244279,227.3051622,100.0,3.322560885,0.915541355,0.0,4.127687621,1,20.87767044
36.0,1.792088603,0.587938614,4.865835315,5.636982996,186.5598965,100.0,2.550152145,3.723519768,0.0,-0.032623624,0,79.76355877
19.0,9.786105981,6.559952726,6.045911545,7.247617051,80.17250646,100.0,2.092756584,8.524541408,1.0,4.954876117,2,44.38862701
33.0,6.229940529,3.197891831,4.33404548,6.517502160499999,197.0431136,100.0,0.301385919,0.0,1.0,5.082026827,1,46.40354459
28.0,7.402537463,2.069344898,1.072374631,7.631996658,211.8238637,100.0,0.261312103,1.720458468,1.0,4.532200837,1,23.73678104
28.0,4.040023156,2.449216969,7.211714571,5.548774997,201.2257692,100.0,2.505161122,8.324625559,0.0,4.093558207,1,55.77124078
17.0,8.622839356,8.382054112,1.314639894,9.876712731,115.223547,92.35150393,1.178404072,2.400300672,1.0,7.745964114,2,0.0
37.0,7.69363549,5.432677474,1.240442985,6.517502160499999,104.8056381,98.2518528,2.0,3.008308346,1.0,7.966258539,2,14.77464591
18.0,4.449028696,1.8455306,6.057921032,7.802046379,309.7419546,99.75643795,1.062957033,7.716475029,0.0,1.761396448,0,81.13712451
16.0,9.065228959,7.600172505,5.317582243,8.492856805,147.3670668,95.37803655,1.424315442,8.848465319,1.0,4.422880494,2,21.56839765
34.0,4.506896116,1.388216657,2.61639779,6.820584755,156.6776856,100.0,1.389669877,0.932283985,0.0,1.860528536,1,22.74727161
33.0,2.12325067,2.03160772,5.120295263,4.793773341,90.18444426,99.48903784,4.365967842,4.197386403,0.0,0.024595607,0,74.97474377
30.0,5.861780275,0.880665179,0.171102666,6.910484064,50.94305538,100.0,0.486349493,1.475685295,0.0,6.675525709,1,30.52080957
21.0,4.532194117,3.302314679,0.723332952,5.703027822,343.0946225,82.96273807,2.116116098,0.0,0.0,7.456552226,1,24.10269588
27.0,4.378286282,2.678341428,4.471392479,5.743893013,142.6519223,100.0,2.140990777,1.379798138,0.0,2.750682299,1,47.60692768
28.0,10.16870348,5.591672446,6.026926788,7.037825506,165.9822073,100.0,0.0,7.496378711,1.0,4.121038826,2,56.8350225
17.0,6.974538267,3.015707688,2.706537623,7.779240511,144.9705485,99.32612951,0.0,0.0,1.0,8.826583907,1,38.70580207
26.0,6.787270357,3.084451858,4.46769249,4.34991855,99.19582796,100.0,4.091819638,1.644759375,1.0,-0.562286205,1,49.71468228
34.0,7.0,4.904080457,4.899481732,6.773738724,0.0,100.0,0.396085311,7.21964698,0.0,5.462,1,64.15422139
33.0,7.41384694,4.603411185,6.363809379,8.542738278,243.4895677,99.83047542,0.0,8.067511417,1.0,4.936360655,2,54.40122408
38.0,22.37205866,9.357688574,7.407196575,5.528250764,618.5742511194022,85.54985551,3.997938623,10.34788859,1.0,11.36046948,2,22.82688726
36.0,10.41416102,8.295918643,7.058195703,6.517502160499999,151.2183844,85.27573027,2.891706145,4.264581575,1.0,8.318425888,2,13.64638275
27.0,2.09762212,1.463384461,5.078700435,8.696243575,236.3499589,94.05833179,2.446494913,2.976700298,0.0,0.645992396,0,82.91873351
26.0,9.219181578,3.716613918,2.430978556,8.313206811,188.5716158,100.0,0.257241325,1.020984849,1.0,6.732836041,1,18.59921145
36.0,2.265282652,2.264891161,3.573409215,6.894490793,231.7484296,100.0,0.0,1.1050528,0.0,4.538123465,1,51.44952899
24.0,4.114837706,1.744156862,7.264560174,9.194675863,165.9822073,100.0,0.0,7.002355259,0.0,5.462,1,90.8908427
28.0,5.118382048,4.180270555,3.244590566,7.597586492,67.90616957,100.0,0.515926197,3.94311616,0.0,-0.524590375,1,61.1587066
25.0,3.798180318,2.285821081,4.1412097370000005,6.517502160499999,294.7354681,99.45222194,1.443367082,4.303797658,0.0,5.462,1,47.51290368
27.0,10.24347697,3.970818631,6.684619758,8.033839039,377.2760379,100.0,1.224787739,7.601775116,1.0,5.343273426,1,36.179356595
31.0,7.218592396,3.415374847,7.652887383,6.646363655,175.7800923,99.88218514,1.627565191,5.491780252,1.0,6.446328922,1,93.11972487
36.0,7.645705957,3.198654661,4.399851068,4.779440002,235.6924371,94.87166029,2.086728342,3.09175806,1.0,8.248969097,1,19.3120878
34.0,10.50746382,5.327468412,5.561465593,10.22766921,312.855799,95.3043506,0.365196056,9.528728851,1.0,13.7309618,1,61.75242713
31.0,7.928321945,3.996328674,8.189971338,6.517502160499999,277.3615036,98.41197439,4.22978322,7.91283985,1.0,7.27435212,1,77.40236296
17.0,10.14936735,5.223817985,7.565082342,5.949128848,48.30719442,100.0,2.0,6.31733325,1.0,4.949805076,1,36.179356595
33.0,7.161056321,5.670678065,4.543716782,4.83883523,167.5710238,95.1216352,2.471706186,5.110379616,1.0,4.850963853,2,37.94055065
16.0,6.098033025,1.310927148,5.169087928,6.821370536,475.988252,100.0,0.826086621,4.0,1.0,5.462,0,56.70317644
38.0,11.71683163,6.8575051,4.1412097370000005,6.569266333,133.135236,92.65245725,1.609745916,0.0,1.0,5.462,2,0.0
26.0,6.921725,6.40051897,1.48400716,7.744160294,138.2958733,91.39666067,2.018915787,5.622998956,1.0,5.576469554,2,23.6447912
26.0,3.957926418,3.7531516,7.184853975,3.941871474,85.10431806,100.0,2.0,5.432314088,0.0,2.606749013,1,55.70679368
29.0,3.068499454,1.828758857,6.373911143,6.576095654,120.2941827,97.75957484,2.772970649,6.474727755,1.0,0.738042288,0,86.33401786
23.0,6.155981627,5.188146311,6.303586498,9.395370018,135.4984441,100.0,0.015921169,5.718259092,1.0,2.897649561,2,36.179356595
30.0,11.54281402,3.430060206,2.492708115,7.236310998,273.2826612,88.17949537,1.550589329,1.886174049,1.0,11.56896481,1,7.018975057
30.0,8.84795201,5.904721482,3.744084405,5.150788193,133.0917569,99.70477017,5.179979486,1.274768313,1.0,7.427053515,2,27.75004251
20.0,11.21005506,4.712296043,4.040717565,7.405298607,461.7093539,99.89728955,1.438443269,1.301399903,1.0,8.485782829,1,48.01896219
20.0,8.331914136,5.941852675,4.076807995,4.133737282,175.2003816,96.40140129,2.959176955,0.978118867,1.0,6.286556816,2,9.576806846
31.0,2.854097303,2.812501364,4.998109992,7.442911479,35.91143923,96.90652001,0.595665815,5.969112898,0.0,1.186699141,1,36.179356595
18.0,5.320363895,2.497746417,4.581563643,5.726767759,168.6550718,94.09970782,1.561252166,0.693137682,0.0,6.579659437,1,20.87209609
28.0,9.675049697,4.803117423,7.271704058,6.938928219,295.9916301,100.0,0.26105801,4.94415539,1.0,6.387895234,2,77.99438274
22.0,10.55320111,4.178952002,4.344289748,5.258063928,324.5380443,96.88929082,5.090326502,0.37064037,1.0,10.46686011,1,31.55909968
19.0,6.122375047,2.234812346,4.637713025,6.819170711,192.5004347,100.0,0.175092127,8.827910404,1.0,-0.302919301,1,36.179356595
17.0,5.428031924,3.109210138,8.119076593,6.022990138,440.3955028,98.92434504,2.975450776,5.68315224,0.0,5.075097496,1,43.4937032
35.0,10.01862832,3.06670037,2.522136955,6.517502160499999,119.7400993,100.0,2.0,1.857020319,1.0,5.082248844,1,39.81874259
29.0,7.0,10.40220583,3.87013265,4.30166291,112.3361145,79.76732132,2.409131854,2.483187085,0.0,5.462,2,36.179356595
19.0,8.728414035,1.920621741,6.221805939,4.985124372,198.7516409,100.0,2.892107476,6.746345454,1.0,6.228899711,1,60.87716215
18.0,6.306074631,4.384155654,2.15572165,6.336027798,261.7570373,93.77383625,2.433627726,1.146203606,1.0,8.979670216,1,2.451922082
16.0,9.509028696,7.349323648,7.287939282,7.280689789,279.9150937,92.43030209,1.942809535,6.043749816,1.0,12.95010399,2,55.77162227
33.0,10.51966976,9.409279989,2.721146606,3.852217677,253.9254738,61.53702098,4.238124717,0.736755138,1.0,6.415930229,2,9.901349116
15.0,3.866230908,2.530479979,5.479601323,8.596018324,225.0015193,100.0,0.989612698,8.103961663,0.0,3.090243328,1,62.69144764
21.0,10.03385394,3.771381605,3.069235253,4.418126849,208.2641669,77.23458273,3.588518143,4.0,1.0,8.718810695,2,0.0
27.0,11.15443502,3.41806254,5.360009038,5.965648455,201.3831213,95.4019529,4.79303176,7.066403952,1.0,6.543426872,1,26.18084644
38.0,7.137193957,2.501123971,5.525119061,7.999967376,174.4116839,99.06386556,2.0,6.000370481,1.0,7.07117122,1,72.22085668
21.0,9.518996267,6.611508781,1.818586718,6.876294993,138.0057358,100.0,0.736904869,1.510745097,1.0,6.638445598,2,18.37292079
21.0,9.939102296,7.223028773,3.108548029,7.392812208,169.87219,91.41774364,1.101755255,2.441993799,1.0,9.205051339,2,12.42077156
24.0,8.962720582,2.326907314,4.449161627,7.220270306,135.6070311,99.08279685,0.552532651,4.37157257,1.0,5.361771451,1,46.72144959
18.0,7.0,0.905071242,3.618042456,8.624488845,259.1294666,100.0,2.133166546,6.80801069,0.0,5.462,0,68.19730615
38.0,6.952302455,2.501946354,5.004728069,8.341812067,94.60777873,96.78998744,0.114147773,6.77333439,1.0,1.952629794,1,100.0
23.0,4.425075988,3.65672048,0.734099509,7.497142714,186.3754477,100.0,2.120853102,4.255562239,0.0,9.594660166,1,18.743515
27.0,10.2715069,3.771381605,5.97989768,5.18777574,0.0,86.01374921,2.228777423,8.369451137,1.0,-0.057534822,2,10.81883541
26.0,8.828491569,3.771381605,7.686860041,4.535158963,195.4231954,99.32450062,3.531517123,6.590131832,1.0,4.601123385,1,60.85829669
38.0,8.758829412,5.242558364,0.280510814,6.790199283,232.8074643,91.57132834,1.393143433,4.813626928,1.0,6.110642645,1,2.035312183
19.0,3.200473373,2.143328519,0.989649394,9.393311105,267.8158283,99.8906238,1.97156153,2.999075347,0.0,8.260255338,1,23.46653172
28.0,10.52040589,9.012021813,0.251091754,9.119435236,17.18246554,81.47584327,0.192180562,4.0,1.0,6.607745885,2,0.0
19.0,4.841112649,4.113366589,4.655880735,5.226054564,78.41735769,98.21637593,3.570786447,0.0,0.0,0.155763449,1,42.27362662
38.0,8.817125071,5.877088733,4.1412097370000005,8.904351618,102.9219596,98.71555532,0.853485189,6.917587293,1.0,5.462,2,27.88867597
27.0,10.03360695,6.942621102,1.066240059,4.649197513,37.03752901,85.19432641,1.746868788,2.309870832,1.0,4.040597712,2,0.0
15.0,7.243483255,5.408260295,2.666933525,4.967658551,195.8923857,85.7601069,2.436144561,1.546537719,1.0,7.514146666,2,7.085577447
36.0,2.643441343,2.249135629,6.479630657,8.585983524,0.090279517,99.06773131,0.55730343,4.65990827,0.0,0.623893986,1,95.15721523
18.0,6.083270469,4.015763295,4.693999293,5.918592955,170.0250068,93.27752563,0.518011253,6.1729688,1.0,4.544194097,1,38.37573663
37.0,8.525405343,5.135485555,5.067874607,7.379767754,37.06431712,100.0,0.988536254,1.243095056,1.0,5.303333301,1,57.72974838
24.0,1.961274805,0.839632695,5.836322886,6.51215322,26.90276527,98.41759666,1.989309119,4.390972085,0.0,-0.520421085,0,45.71702971
23.0,11.4063097,8.622288209,4.152699997,6.517502160499999,278.1497511,72.47956674,0.0,0.238082264,1.0,10.69781117,2,0.0
19.0,7.0,1.981669424,6.88015776,7.740271741,140.0958273,98.94984696,0.257996961,8.839669192,0.0,1.817258535,0,80.52839831
31.0,2.443882331,2.153488098,0.798082791,7.059689908,222.4274641,98.85712757,1.175070797,1.223218403,0.0,1.694620626,1,29.99090627
34.0,6.084131283,2.996188185,6.414454718,8.747005368,248.5214924,100.0,1.497250073,8.843152264,1.0,5.841089832,1,36.179356595
35.0,11.81557867,8.140310998,6.90726065,7.6616406,132.7906882,95.68231012,0.964943704,8.566642662,1.0,4.744092718,1,43.72815559
27.0,10.22315015,8.942966066,0.525890472,6.881044545,234.711525,64.92337054,2.139978345,1.255870907,1.0,12.43257657,2,0.0
21.0,10.93381993,9.344388657,6.131635584,8.654798982,165.9822073,100.0,1.840915393,6.669184927,1.0,5.462,2,8.786447557
34.0,10.95911026,4.28223523,7.243617229,9.302487012,137.8400148,98.11579387,0.0,9.278615141,1.0,8.513307853,1,78.82881833
32.0,3.97596178,1.42740042,2.110820947,4.141589275,278.1934791,96.65750837,2.0,2.072864198,0.0,6.561060708,0,14.44435134
21.0,7.358808084,3.46208275,0.592305347,7.049245699,158.3844726,100.0,2.510798049,0.0,1.0,7.481806139,1,0.0
15.0,2.796008188,1.095956147,7.777183642,7.807366422,123.5839002,100.0,0.81359973,5.422064158,0.0,-1.22330601,0,100.0
31.0,7.767957912,4.286641685,2.516520652,6.535548951,215.7409322,94.03124953,2.0,0.463596265,1.0,6.826260942,1,8.329503428
33.0,8.718120729,4.906792758,6.801646566,8.224905462,261.457414,98.77823823,0.202099335,5.161071458,1.0,6.218475332,1,66.25110077
39.0,7.0,5.141794956,7.589426312,5.751528135,28.01662364,100.0,2.806961263,6.826406801,0.0,5.462,2,44.33057358
37.0,9.63017281,2.429317934,4.474297007,5.858706257,445.536737,99.88107216,4.258359203,3.520776519,1.0,4.690135904,1,63.18937583
23.0,6.009092027,3.771381605,6.063161455,5.682728292,29.81116274,94.50369119,2.0,4.0,1.0,4.088574097,1,65.21736692
39.0,5.908867011,5.668122193,6.473400946,7.6910406,135.8480237,98.9343024,0.0,6.91565032,0.0,6.064103338,2,64.67642881
27.0,6.283246316,5.347336543,4.1412097370000005,7.468407312,116.7856446,96.45046363,1.866308474,3.432211569,1.0,5.462,1,51.82810696
19.0,8.053150165,0.938871616,4.876430431,7.536261002,225.7877565,100.0,1.795837741,2.394133089,1.0,5.891649875,1,36.179356595
29.0,7.124947964,5.733340374,7.558240783,6.112329486,222.2180778,97.24948271,1.633200576,7.804668212,1.0,9.349155628,2,47.48122336
33.0,10.30391907,3.771381605,0.809806796,7.843775189,57.95934679,84.8843854,1.447543692,3.207593691,1.0,10.09256722,2,0.0
38.0,7.0,8.50997157,4.080392914,5.432241845,204.19628,87.72429026,1.304114267,1.769755515,0.0,5.462,2,36.179356595
34.0,3.581851695,2.52490336,1.115085615,7.19706311,285.8180872,89.90597299,2.176864862,4.0,0.0,6.241964177,1,25.17547115
17.0,6.188248892,2.669159612,4.040856469,7.0180882,166.3625712,98.52238565,2.930049134,0.280639077,1.0,3.487825645,1,41.3760057
18.0,7.412101919,4.352098722,1.612230503,5.658327152,165.9822073,100.0,2.473506197,3.173732885,1.0,8.022571265,1,0.0
33.0,7.16246657,2.378537103,0.959778802,6.517502160499999,198.2814654,100.0,2.0,4.364693599,1.0,7.388733535,1,3.143433048
25.0,4.697932931,2.551903624,5.178539266,4.919773541,145.8632935,97.29273631,0.88127031,3.916929808,0.0,4.078100828,1,50.68171939
27.0,5.973781274,5.336378097,7.360269225,8.659915654,144.1650299,96.70767852,0.638497984,7.846218807,0.0,0.966374717,2,73.08747068
27.0,10.60675571,3.771381605,5.767464339,9.310051264,50.73458886,100.0,1.971624069,7.826709932,1.0,4.653730594,2,38.21236367
31.0,6.273583834,3.656580259,8.351061962,5.375440642,266.8992834,99.97069616,4.332240774,5.197799375,1.0,8.257156261,1,90.56758155
17.0,7.0,5.649058382,5.375863629,3.262164618,181.9666489,100.0,1.816651811,1.950437006,0.0,5.462,2,19.03100378
35.0,11.25986693,3.771381605,3.281723401,5.422458246,43.52359726,100.0,2.811380606,1.567987503,1.0,4.687644525,1,10.40278105
35.0,9.62193641,4.627627627,6.766508886,5.952085393,70.39081215,100.0,0.452156263,6.316151288,1.0,3.970748398,2,51.75973108
18.0,3.372510449,4.008282776,1.297450777,5.984425425,94.02932935,100.0,0.682467168,2.697403694,0.0,0.240936783,1,6.453445941
22.0,1.553398935,0.890126911,0.436992383,6.903814347,232.6833944,100.0,0.0,2.252557116,0.0,3.968765279,0,33.08459315
36.0,8.64626554,3.558415448,5.461271227,4.411356376,57.94580888,100.0,3.206003947,6.427444174,1.0,3.163610831,1,45.22824426
35.0,7.0,1.823182875,4.684562243,6.338004957,126.1082652,100.0,2.064742688,9.092714331,0.0,5.462,1,78.63116059
19.0,3.671353996,1.965311774,6.937998791,4.759382486,0.0,96.92259043,3.316469058,4.206138993,0.0,-1.658418588,0,90.76714443
27.0,2.266225771,2.190850413,0.978044893,5.729794761,183.1748597,86.59028999,4.568946839,5.260948983,0.0,2.431226767,1,6.127515176
15.0,12.38012038,3.771381605,2.219047408,6.562490961,248.2962035,96.64659347,1.021823746,0.564226011,1.0,12.00562821,1,14.15856905
38.0,7.805177133,4.119500761,0.773618895,8.05769763,140.7139331,100.0,0.063645073,3.277490592,1.0,5.639572033,1,3.209877757
23.0,6.035369749,2.541472822,0.0,6.026064,247.4315002,100.0,3.841516525,4.280041629,1.0,6.288425374,1,23.586415
33.0,7.0,4.664679779,6.895679044,4.722818809,198.3559416,100.0,2.598126991,8.909040466,0.0,5.462,1,65.00842252
38.0,6.279870688,5.141809093,1.751464995,9.417822591,343.0634322,82.88665454,0.539416529,4.126398508,1.0,10.39333016,2,9.526804352
36.0,10.67986488,7.632257044,7.137987167,3.729194585,55.67204908,86.67108074,1.713071585,9.364536288,1.0,3.897034873,2,36.179356595
39.0,2.154284139,0.621565434,4.1412097370000005,6.517502160499999,77.88468908,100.0,0.014067841,1.924327167,0.0,5.462,0,42.30229981
23.0,1.473872007,0.814036089,0.860984616,5.067069684,293.9727966,95.64560384,1.033946653,3.483527209,0.0,7.117152919,0,14.3942897
37.0,5.238368382,3.303059745,1.496162167,8.860254166,81.79087003,96.59769677,0.438635358,2.036636996,0.0,4.883683933,1,19.1532185
36.0,11.19426286,10.32059627,4.1412097370000005,6.517502160499999,206.34418,75.0904898,1.901451868,1.476817652,1.0,5.462,2,0.0
22.0,1.141797254,1.189634104,2.627440905,7.344215819,318.8550198,99.16679481,1.512213556,0.574991907,0.0,6.401045914,0,42.53571488
21.0,4.133415965,1.064734014,5.56979716,6.343611328,165.9822073,99.10763742,0.0,7.209281997,0.0,5.462,0,68.53655778
27.0,5.253717511,3.957732122,3.405696231,6.82500113,165.9822073,99.49280195,1.514513816,4.0,0.0,5.462,1,32.02329642
34.0,8.99628096,5.7595113,0.958005105,7.83582824,323.6103379,82.4076132,2.0,2.857512091,1.0,6.798145394,2,14.29714876
35.0,8.384586581,8.271424084,4.41091704,4.562783034,202.7496607,95.98650802,3.2631287,1.574775208,1.0,5.001809571,2,7.954009659
15.0,4.746277351,3.746875239,8.235624992,5.025374536,220.8765008,97.77075568,3.018011393,10.65607922,0.0,2.163884145,1,68.36570991
16.0,3.078730409,2.351996339,3.777556143,7.748541289,264.0852229,97.87872335,2.0,6.322585045,0.0,5.50833699,1,80.36220273
38.0,6.720597729,5.819637618,0.644839819,7.997130564,292.3047378,87.54466757,1.762856955,1.155283039,1.0,10.99183338,1,0.0
29.0,5.518416363,2.603492309,4.731268763,7.373801695,42.32015966,100.0,2.313755941,4.943405129,0.0,-1.959590844,1,62.21044977
28.0,6.072397421,1.508333965,8.033079692,4.480168804,163.6317917,99.89347017,2.358584709,9.749441825,1.0,3.116033624,0,77.04214944
24.0,7.364708266,4.238051855,1.199611996,6.517502160499999,301.0016163,92.59652944,1.994165124,0.850847517,1.0,9.887539817,1,0.396494971
18.0,7.0,6.563927122,3.34448772,6.595275523,197.3762569,82.79885068,1.456694191,0.409880721,0.0,5.462,2,36.179356595
21.0,5.043350563,5.777729937,1.363540615,4.854108409,207.8777925,92.88132678,1.51984452,2.820159203,0.0,9.869965373,2,0.0
31.0,4.473062859,1.855025046,4.539553655,7.899835759,55.89567011,97.65885129,2.759985141,7.987610451,0.0,1.47690508,0,77.20924029
29.0,9.643898015,6.469748032,5.751063852,5.63613386,162.2965609,100.0,2.925767226,8.376611169,1.0,10.28760795,2,18.26810973
16.0,2.828321978,1.123641742,0.925628454,6.517502160499999,224.5589058,97.03306563,0.019969805,1.056807284,0.0,6.538782671,1,10.48933514
18.0,5.269315081,3.771381605,2.941949558,4.644766283,62.16949618,100.0,4.064128256,1.557104991,0.0,4.623919715,1,7.926109706
33.0,4.782251538,2.502863998,8.590954412,6.517502160499999,219.8173933,93.81899426,2.581320721,11.55134926,0.0,2.079433674,1,91.42231072
31.0,3.806395196,2.625906378,4.1412097370000005,6.517502160499999,214.9053577,99.35447714,1.049311745,4.0,0.0,5.845967146,0,88.6034348
35.0,3.600925204,0.97537926,7.884046041,6.831668991,111.2249843,96.70123251,2.014652865,7.392790495,0.0,3.460873648,0,80.13643029
30.0,6.124358336,2.053799421,4.729363999,6.517502160499999,154.3549514,97.06293469,1.038757266,6.55069506,1.0,3.351760742,1,77.53342388
24.0,8.022235238,4.108575309,1.452280016,4.637374223,307.5909338,100.0,4.098752988,2.544912636,1.0,4.516033546,2,0.385436126
30.0,11.08779505,8.781062488,8.216956751,5.485900603,103.4814718,98.5285777,4.841300766,10.31518542,1.0,5.446453904,1,28.36519927
29.0,2.96506883,3.771381605,4.1412097370000005,6.364240561,127.9897915,100.0,3.119059843,3.48918909,1.0,5.462,1,27.25298854
24.0,9.383444335,3.113499923,6.964141414,8.273623263,165.9822073,100.0,0.0,8.817481629,1.0,9.683787181,1,36.179356595
27.0,4.516243775,2.913742891,2.566771736,6.144316836,238.3448385,100.0,3.153259441,1.390642424,0.0,5.17836387,1,17.9305466
34.0,7.172828528,6.118677531,3.152122291,8.815607641,83.54969209,97.74278502,1.647269121,0.910605476,1.0,2.90175171,2,43.22064753
37.0,5.489214212,2.265731826,4.1412097370000005,4.279553286,226.9079263,100.0,3.607114553,2.039368053,0.0,5.462,0,66.45966671
30.0,3.522393309,2.536016946,5.947306459,6.213373546,65.44209577,100.0,1.246375823,4.0,0.0,0.025678651,1,71.93347732
22.0,8.770744049,3.557146689,5.310293727,6.305078835,194.3834929,100.0,3.760360512,10.15458484,0.0,7.927359971,1,46.41079754
26.0,3.930038787,1.869409686,3.928984793,7.0694581,302.8873621,100.0,0.90206838,2.853571573,0.0,-0.25038186,0,47.62904248
28.0,3.637642404,2.015332401,3.33730259,3.745317482,37.96317624,99.58980275,2.223877905,4.284774185,0.0,-1.093688012,1,41.60828803
27.0,9.849124288,6.952480489,4.1412097370000005,8.124247773,258.412275,80.72671755,0.0,1.979040753,1.0,9.88432157,2,0.0
34.0,7.0,5.520577343,6.748713174,4.62272451,206.6417591,96.98919779,1.995932729,9.541157076,0.0,5.462,1,51.70877014
19.0,7.0,2.102224979,6.390818639,9.372019016,229.1734773,100.0,0.818428389,7.013358795,0.0,6.197692705,0,76.50579507
27.0,10.68081323,4.838510903,6.081520896,6.863900045,250.0544002,100.0,0.381718842,7.368727439,1.0,11.62169562,1,58.48633319
35.0,7.0,8.685533345,4.1412097370000005,7.726132714,248.5104635,78.04435765,1.706665062,3.965399532,0.0,5.462,2,0.865340863
27.0,7.157284022,3.348593864,2.277122369,9.70978405,100.9119013,100.0,1.303441391,4.471270884,1.0,2.133533745,1,28.60657783
15.0,4.975113572,2.389233952,8.008130237,8.401726415,173.1532207,98.89529655,0.636898704,4.151125176,0.0,5.462,0,89.52337692
24.0,9.836095714,2.787957431,4.474204511,6.433852044,175.8460083,100.0,1.17504033,5.3120164,1.0,6.84329982,1,53.57057322
25.0,6.313995238,2.077701552,1.778668003,4.880336434,286.3879771,98.99966391,1.93420668,4.0,1.0,8.373071344,1,28.21196443
27.0,8.251308463,4.645744257,3.66947978,4.960234536,299.7314523,90.90826103,5.007508635,3.843090014,1.0,8.591468714,2,17.53741884
34.0,3.311708302,2.590032103,0.455623709,8.52870802,172.1743929,99.52346725,0.0,1.376249589,0.0,6.144123917,1,16.89505746
18.0,2.863124575,3.771381605,0.0,8.117839996,232.4032056,94.80822363,2.52214933,4.583116302,0.0,4.655792827,0,32.26092494
15.0,7.0,3.263705383,3.387825138,7.416605471,165.9822073,100.0,2.113211013,5.560784783,1.0,5.462,1,45.6719906
27.0,3.642763148,3.771381605,0.837878492,5.138552104,109.4805836,94.05173916,0.241498871,1.431291753,0.0,1.350391792,1,33.78098465
19.0,2.840529116,0.758876571,4.52466837,8.055181332,98.67925713,100.0,1.320809364,1.56116628,0.0,2.446501897,0,54.89519604
29.0,9.941627712,5.172989306,0.079499302,6.517502160499999,239.3457871,83.40273464,2.543664609,4.0,1.0,9.945381602,1,1.832071486
32.0,8.961107985,6.752505244,0.357482637,7.63109729,239.7020985,68.38899505,1.557287952,1.692016161,1.0,11.35019652,2,10.42953035
20.0,6.936831885,1.969468943,6.50181616,5.792431748,155.9938292,99.38518048,1.015208456,9.301544557,1.0,7.731728153,1,54.83365657
37.0,4.274272959,2.073192473,8.811615074,5.248074951,223.527905,98.21946621,4.795693348,8.242837516,0.0,1.549460446,1,85.53665369
19.0,5.737805821,3.771381605,1.608799792,7.820460964,97.72292873,94.40355494,0.259952904,3.112396727,0.0,4.387765001,1,33.52704309
34.0,12.07674283,5.992935989,7.58987302,8.332011314,76.79368596,99.89370216,0.459795777,7.317548819,1.0,4.8865695,2,66.54556296
15.0,7.549147172,5.019387004,5.33049653,7.543648791,137.9830247,95.55427983,1.052400385,5.546398884,1.0,1.861626766,2,36.83175256
23.0,5.923630363,2.249408262,1.472051871,6.517502160499999,140.1139324,100.0,0.951619699,2.425768318,0.0,4.26614204,1,45.43010392
28.0,2.244474444,2.866044066,0.004010668,6.327150252,192.7585921,99.24801954,1.789480939,4.0,0.0,8.109440746,1,36.179356595
26.0,3.657618982,1.323185945,8.05962659,8.170574232,143.6071721,92.5587819,1.990750085,5.695426078,0.0,1.017659719,0,87.01832175
29.0,3.484520508,1.225926631,4.784777654,7.486361941,50.50072008,98.43067029,0.458227153,3.444586545,0.0,-0.281130135,0,70.58035846
34.0,8.629058881,6.288420722,1.729725079,5.441249452,131.8224196,84.98523003,3.568044149,3.6360003,1.0,6.327954883,2,0.0
34.0,11.16352388,4.72160222,7.546391702,7.198836394,146.8107331,96.80936235,0.0,8.502830471,1.0,8.07744097,1,63.71504679
39.0,10.69308741,5.069232937,5.835995736,4.445228402,194.9605057,100.0,2.589272482,4.647414108,1.0,6.88560159,1,63.46448955
37.0,11.6865302,8.59085461,6.483317927,5.634282312,157.3206637,98.06803763,3.281377664,5.945530438,1.0,7.300056017,2,17.78565483
24.0,4.864524409,5.272161176,6.359261204,3.508225415,292.0127684,90.00683572,2.767467088,4.372378873,0.0,1.795540758,1,48.94649383
30.0,6.460602755,5.097817153,0.380027461,5.689660355,290.0673041,75.99315309,2.861509831,3.528227353,1.0,10.06229141,2,0.0
23.0,3.203189329,1.176843297,1.324488137,6.647315786,260.7933572,100.0,1.183675328,0.0,0.0,6.862378552,0,50.64597792
20.0,7.0,1.494147293,4.1412097370000005,7.712542669,211.4940741,97.37073331,0.172978673,0.0,0.0,5.462,1,90.0663791
20.0,7.0,3.830870114,5.453381553,7.009618636,121.7241729,99.38256833,0.0,5.762041635,1.0,2.050176923,1,71.08034433
26.0,6.515736333,2.835527302,6.183178717,8.554519266,252.0814514,100.0,1.280768559,6.31038929,1.0,5.839576843,1,70.06112652
35.0,2.893373411,2.792998682,6.14322411,6.65605659,116.743168,97.42710381,0.52648397,7.407753557,0.0,3.866946603,1,70.289051
24.0,8.36107724,3.164585143,7.292216876,6.517502160499999,92.24229755,100.0,1.81953899,9.603746144,1.0,2.723845854,1,71.18584799
25.0,10.45380115,4.989110427,7.241920608,7.224821066,310.1582093,96.76242668,1.823287589,6.686423457,1.0,9.359594973,2,58.07023147
26.0,5.722707072,1.725022764,6.736844185,6.517502160499999,137.9857676,99.51711429,0.635866787,5.484922756,0.0,2.780765123,0,67.17526673
17.0,8.293176425,6.895948788,0.797850325,6.955430984,127.9699556,79.91018014,0.0,0.028987935,1.0,5.696385691,2,5.871129266
27.0,10.91445353,8.114892189,6.482199753,8.007160423,271.1321559,82.80641963,3.467987719,5.609277589,1.0,11.26947743,2,0.0
30.0,7.410716553,4.428028067,7.242137111,4.456764827,266.2092044,98.39703076,2.964868843,8.460515712,1.0,4.01011644,1,36.179356595
31.0,11.20908516,7.209752219,4.424655031,6.022492646,174.8138471,86.45799578,2.68230615,1.304642382,1.0,7.672871213,2,14.80124023
27.0,8.449360346,2.820681366,5.317728633,6.228980123,158.959675,100.0,2.0,8.701647823,1.0,6.312078714,1,35.11443814
35.0,9.967782437,5.517697124,4.203877307,9.088376397,277.9964905,92.91286485,0.737272692,3.51591024,1.0,11.15885921,2,28.79649683
17.0,12.0614569,6.401763144,7.427850806,8.636132229,132.6658684,96.68625398,0.0,5.785593063,1.0,6.211781374,2,82.6255936
27.0,10.97546891,5.783856492,7.949247824,5.840503362,247.5938243,100.0,1.457657988,7.144480454,1.0,9.992597733,2,64.62814029
26.0,5.703020814,4.007342333,0.545116615,5.536478251,292.5571101,81.66277979,2.135419502,1.192438549,0.0,8.429856041,1,0.0
27.0,6.850698882,3.077688105,6.502830075,8.007101054,69.3465466,100.0,1.496736343,5.528914819,1.0,3.100516834,1,53.64619281
38.0,7.0,4.911002832,6.038000027,6.338066328,0.0,100.0,2.044798521,3.7810996,0.0,5.462,1,66.44572983
18.0,3.33654259,1.868529459,4.143193888,8.628475989,188.5500695,98.65774514,1.230317742,0.946333841,0.0,5.506869927,0,64.86504118
22.0,9.048311072,3.436651776,4.603104835,7.1993794,202.1936804,100.0,1.701016351,3.630469604,1.0,8.270561087,1,20.81208975
39.0,10.22344174,6.564384556,7.741515833,6.517502160499999,165.9822073,98.21716717,2.015263619,5.655479129,1.0,5.462,2,39.73043521
27.0,10.71439205,3.22270058,6.781428431,4.640533621,131.3151597,100.0,0.743477221,8.762816191,1.0,6.383113641,1,62.22834731
33.0,8.271941614,6.551245442,7.277269369,5.581323065,95.08760012,100.0,0.0,8.185314204,1.0,4.935865182,2,43.5712133
19.0,3.541373624,0.969735526,6.20287588,5.126209399,305.5177855,100.0,2.106935986,7.046719918,0.0,8.943641602,1,53.73751498
25.0,11.28641749,7.43354613,6.160098007,7.872939696,82.61586259,99.45831654,2.240709947,8.61304809,1.0,3.430183264,2,63.14173284
29.0,7.0,3.14918378,3.34780774,5.814215981,181.8546572,100.0,3.051585247,2.795873351,0.0,5.462,1,35.58351737
24.0,4.668895445,2.34928061,1.698029367,6.622093667,42.62312296,100.0,1.019023056,1.70060638,0.0,1.981732707,1,26.29927217
18.0,5.671953544,3.000014159,4.344108969,7.307343263,182.5697405,100.0,1.494133576,2.720282864,0.0,5.567853726,1,49.36803037
34.0,8.954656628,6.947820282,7.056941022,4.156151107,236.8421691,99.93381596,3.599145312,5.868968794,1.0,4.950093813,2,36.179356595
20.0,6.244578384,4.351746155,7.305956499,6.32524576,57.27270477,96.61070057,0.0,4.0,1.0,2.049191207,1,88.37025517
18.0,3.100575571,2.256889425,6.443676038,6.863081869,285.9501689,100.0,1.263081267,5.155828884,0.0,5.974039614,0,59.37989891
20.0,6.639519388,3.079566562,7.318674079,4.462548306,140.0074727,98.28278971,3.643461232,3.214950397,1.0,1.984053868,1,53.60309679
22.0,5.634327763,3.771381605,7.623239568,7.42996029,92.78935435,100.0,2.511473588,6.154621549,0.0,5.283500924,2,57.55062533
17.0,6.536490905,4.452821115,4.454155056,4.405927348,317.2525916,100.0,3.534862329,1.596426989,1.0,5.188606317,1,0.0
23.0,3.013683444,3.004168871,5.857828396,6.517502160499999,66.43291704,100.0,1.068103969,6.108414731,0.0,2.153264805,1,68.99366906
36.0,7.0,4.453296774,3.478349877,7.267395749,189.7633177,97.92409217,1.943289358,5.004035598,1.0,1.423421276,1,37.55046334
15.0,6.203627885,2.631715336,2.302815888,5.234935207,87.42973829,98.97676523,4.163268144,5.323987124,1.0,3.649597054,1,3.582381778
35.0,6.170695009,4.42628654,7.478679863,6.573581296,165.9822073,91.96877146,1.541738769,9.247514073,1.0,2.488649185,1,100.0
19.0,9.110052925,2.481290689,2.583457173,6.845094804,246.4130072,99.65059703,2.667256996,0.969992012,1.0,10.13350648,1,52.20311177
31.0,5.262996025,3.477123047,4.721038109,5.723520474,227.2612163,100.0,2.081757266,1.755736994,0.0,5.549664843,1,36.179356595
30.0,4.068326853,3.771381605,3.594834445,5.403698916,165.9822073,99.28748476,1.697413813,1.363164112,0.0,5.476981801,0,51.2939861
32.0,12.97758955,6.31491171,6.611403591,6.517502160499999,43.03685208,100.0,1.97825431,11.39312982,1.0,6.500997089,2,35.05747048
37.0,1.614464338,0.0,4.174688162,7.45651362,289.8207722,99.10675923,2.281807699,2.700974322,0.0,7.252566251,0,52.84519947
30.0,3.756974051,1.826605661,6.785714729,6.517502160499999,92.00528418,100.0,2.394517109,7.193218596,0.0,4.442105296,0,82.26055688
31.0,10.07029495,8.38160548,0.202538689,5.425083277,253.1270678,62.53690293,4.893391694,3.822314888,1.0,7.455300378,2,0.0
17.0,11.37950823,10.57306454,1.513051581,7.410918709,165.9822073,80.14374853,0.046651268,1.305535755,1.0,5.462,2,0.0
33.0,5.463450051,3.086455207,3.616148947,7.953252634,33.0651694,98.28779949,0.56920849,1.101618392,0.0,-2.078880247,1,8.115206162
26.0,9.850208162,7.893287084,0.321187617,2.998847007,0.0,73.56169536,2.912977961,2.87618921,1.0,2.093746069,2,3.241095902
30.0,6.810037771,4.189240267,2.660722217,7.646019853,140.3072091,100.0,0.0,0.48582903,1.0,4.00470885,1,4.796500521
19.0,9.781025421,5.76555078,6.39258957,6.517502160499999,240.0644758,100.0,2.311960078,9.346950308,1.0,9.504049311,1,56.36182247
17.0,6.131018993,2.932139141,0.0,8.710273032,295.2565424,94.43911593,0.0,1.614588222,1.0,8.008854187,1,27.62394949
25.0,6.088617199,1.93610222,7.757713936,7.883615759,165.9822073,100.0,2.0,8.406833761,1.0,5.462,1,87.82567102
15.0,17.88449972,4.887078972,4.592440211,6.794345819,345.0672021,98.73961734,1.973597211,2.223645879,1.0,9.493221323,1,38.36406687
27.0,9.591804112,3.771381605,0.657516595,7.378108435,83.50827383,100.0,1.107911279,5.920055442,1.0,4.927690081,1,17.55912998
20.0,7.615954638,5.087519348,1.088282881,8.687713243,86.40342117,98.92401012,0.368240323,2.24815832,1.0,1.220209085,2,0.421658426
39.0,8.012686042,2.798221863,5.670085864,7.119879574,227.7784651,100.0,0.0,7.5802711,1.0,5.36903362,1,53.62938484
19.0,5.58065867,3.771381605,1.999056106,7.156610369,102.9283055,94.25086707,0.0,2.291403842,0.0,4.007732034,1,29.98952571
22.0,0.972509148,0.0,7.818029444,4.843020913,70.68659992,100.0,3.96468395,7.16248257,0.0,0.491503346,0,82.20398855
39.0,7.118574553,2.589422346,2.922873987,9.009135212,262.7270869,96.79263869,2.988608817,0.0,1.0,7.524188864,1,52.55920416
22.0,8.375698207,7.104842869,4.1412097370000005,6.307816576,18.39761845,100.0,2.0,3.527373157,1.0,5.462,2,40.50073163
31.0,7.0,3.064273338,0.0,5.483853892,165.9822073,84.86482984,3.126371877,5.80990693,1.0,5.462,1,36.179356595
23.0,3.436916866,2.934591417,4.434420541,3.997753403,259.7278613,99.71775094,2.60804399,3.862679301,0.0,7.823814392,1,35.61956837
20.0,5.018944581,4.072987252,3.059690054,6.481563545,28.16372871,100.0,0.552789804,3.982111992,0.0,2.499458639,1,77.46212915
39.0,11.97655567,7.35719016,6.768542293,8.581304121,224.430433,100.0,1.022782551,5.701780598,1.0,6.172003739,2,61.15222936
28.0,5.559389724,1.954931903,5.546351819,7.391302715,165.9822073,96.29814985,0.26892729,6.098891086,0.0,0.741011621,1,75.36554799
36.0,6.825659017,5.514199701,2.565686776,8.213703578,267.2468089,89.19484085,0.228454167,2.001498383,1.0,5.684323269,2,15.50502322
31.0,5.601355907,4.827479877,2.078300713,4.592406659,192.7685993,83.42083374,1.986665076,2.973024289,0.0,3.882786899,1,1.359134443
20.0,5.220513065,1.316825666,5.194907416,6.601921988,134.6732401,100.0,1.073655289,9.836204599,1.0,3.944060741,0,83.00484682
38.0,5.472083299,3.739558397,2.689906064,5.684954971,114.6677791,97.10816189,0.813459579,2.067968284,0.0,7.997310619,1,36.179356595
34.0,8.532904418,4.942137495,6.173479552,5.092779881,368.152578,100.0,2.084283503,7.451292735,1.0,6.300282325,2,44.5738754
34.0,2.98621306,3.090544094,1.291099197,6.835244068,103.2460064,99.98052014,0.144335762,2.054958942,0.0,5.462,1,15.52236511
15.0,1.901815786,1.274203224,6.358315039,6.517502160499999,160.1133942,94.1239194,3.072482224,4.0,0.0,4.169462522,0,63.52178873
21.0,8.61844325,7.387080743,2.994814385,6.969574013,74.07561124,90.18735893,0.598768028,0.387420071,1.0,3.235162084,2,0.0
36.0,5.440910501,1.525658846,2.508119274,9.193073616,173.7487456,100.0,1.51225705,0.412593734,0.0,7.527064348,0,42.48133685
24.0,9.611965753,4.308349602,6.891888092,6.960203842,116.569641,100.0,0.0,3.763196281,1.0,7.005638388,1,51.71816399
38.0,6.416278891,4.975220807,1.672238475,9.179748018,0.0,100.0,1.201609029,5.641509676,1.0,2.824462061,1,27.67811323
33.0,7.0,4.854317151,4.314718173,5.252097143,310.9943648,92.8956257,2.418179925,2.343699718,0.0,5.462,2,33.14733829
33.0,4.144480014,2.66258339,7.758399622,4.51956295,175.4172689,100.0,2.449009548,3.555039459,0.0,5.483527859,1,80.69147617
17.0,4.54787495,1.643419662,0.874555069,6.59758637,161.7283691,100.0,2.0,1.613806279,0.0,5.336918026,0,30.30987889
29.0,3.038513723,1.188497492,4.726142463,6.956009168,216.2123179,99.57095643,2.24081066,3.974119821,0.0,4.138354589,0,61.42895977
18.0,3.263391366,0.604671189,2.619161871,7.97985081,241.7641672,98.85217831,0.890935003,2.790362301,0.0,4.817408137,0,49.64014518
32.0,8.266046988,5.965381427,0.561450783,7.937102897,618.5742511194022,83.16190187,1.042703052,0.189285756,0.0,9.732361396,2,0.0
29.0,11.0225934,4.26282405,3.556362602,6.285105935,49.68690459,100.0,1.297561258,2.853200572,1.0,5.234529418,1,36.179356595
21.0,7.0,2.613035985,0.003303162,6.557157168,261.448552,100.0,2.163400473,1.197454718,1.0,9.354753025,1,13.37111129
35.0,11.68947974,5.059311696,7.134665359,7.133344604,264.9814658,100.0,0.0,6.789702866,1.0,8.576030036,2,65.96846386
36.0,9.834236086,4.567247674,5.638730782,5.416781532,187.401136,100.0,4.196248258,7.675469685,1.0,4.58853574,1,63.17158817
26.0,5.947751205,2.566561625,4.01606652,3.972116102,56.86775141,96.39616446,3.130183246,2.071330503,0.0,1.770134257,0,37.59069804
16.0,6.195011879,3.746942302,3.173445494,4.152182897,235.5749664,94.5649494,2.874199817,0.0,1.0,3.662453537,1,16.94806252
32.0,12.03699254,3.771381605,4.1412097370000005,9.179467596,224.4700837,100.0,0.0,4.901085723,1.0,5.462,1,53.38579004
22.0,4.280150317,4.280575275,5.802210163,4.94088048,75.88823808,97.16942488,4.128265691,6.798989917,0.0,2.077294407,1,40.88607869
30.0,5.838338926,2.12572361,3.187495568,6.78555996,238.3443483,98.86157254,0.734377065,3.840605332,0.0,6.484635006,1,46.13801161
30.0,11.32676662,3.965816186,5.73810312,4.24879773,41.06004408,98.16370108,2.820196997,4.764540789,1.0,6.535620373,1,23.65497377
27.0,7.0,2.079187804,4.545116002,8.903091827,182.7398988,98.09946303,0.0,4.590646709,0.0,2.969753911,1,70.51762211
36.0,7.0,3.952032475,0.414066808,5.674623997,211.9124053,87.08520789,2.486104709,5.327843815,1.0,7.192590634,1,8.172516297
18.0,7.448662798,3.243293334,3.494562338,6.517502160499999,281.7808825,98.29141724,2.070254938,3.923330695,1.0,5.349155292,1,44.80338397
25.0,6.315607668,3.802578172,8.119464358,5.197519703,84.25310076,100.0,2.797496108,9.52280145,1.0,4.453064771,1,64.40335094
20.0,3.008986604,1.022082916,0.552991859,7.864087259,122.8379697,99.98820568,1.599564707,0.0,0.0,5.00642032,0,39.2861337
20.0,8.391596088,3.440254282,3.622932259,4.687677087,132.8477146,93.14352139,2.742462228,1.400895267,1.0,8.425045728,1,46.57703372
38.0,4.973573875,2.57936401,7.409710746,5.847017017,54.07912594,98.51175401,2.988379419,10.37405489,0.0,4.510597157,1,36.179356595
27.0,8.490204992,2.881932211,1.38888008,8.018515761,255.2399623,100.0,0.193122803,1.694800736,1.0,8.084509725,1,31.97006778
26.0,5.520579016,2.741045843,5.853883148,6.508211535,294.8356163,98.47491437,3.976001686,7.350245667,0.0,5.478540243,1,60.23420485
36.0,7.900552916,3.364988276,5.030756825,4.860484573,10.50542756,93.6743281,3.748009264,8.298684406,1.0,-0.939774061,1,62.55943865
29.0,7.637569183,4.326909177,6.80602132,6.973256373,199.1375825,100.0,2.172725115,5.080862051,1.0,3.563755853,1,91.61458218
38.0,10.05151826,6.898573889,5.865702685,5.886869785,113.4427986,100.0,1.879736705,5.683396467,1.0,5.462,2,15.69415101
38.0,9.476373719,5.886881496,4.125163281,5.726956916,268.7544047,87.20228296,0.0,1.314531595,1.0,4.7538313,2,24.09453554
15.0,8.86104906,5.215143364,4.663245816,5.658234065,111.1267159,100.0,2.498306701,1.608470156,1.0,3.099421936,2,32.29691656
22.0,8.313463203,4.752292598,2.651739154,7.307926978,208.771056,97.44792344,1.50786148,4.138564097,1.0,7.370961434,1,14.85839917
16.0,4.617855536,3.750077313,6.135318942,9.523437788,216.5196166,100.0,1.847493626,5.231565482,0.0,6.585599227,1,63.09093557
32.0,12.24969767,5.424149547,4.385123662,5.188481541,188.4788095,99.47432783,4.156718255,2.48200044,1.0,7.14472889,1,23.45712311
20.0,10.50591213,3.901730711,0.246716738,8.0506117,233.5196511,100.0,0.207763212,0.419893908,1.0,10.10529358,1,13.862767
22.0,2.633633557,1.281158181,0.034203405,6.517502160499999,255.4893648,95.26055074,1.827047453,3.86490368,0.0,10.14385937,0,12.23219294
32.0,7.686540647,4.484483939,2.958123234,7.175398945,15.90721545,99.68298497,0.0,4.0,1.0,-0.33810957,1,3.154120621
33.0,2.005884552,0.081679286,6.802829155,6.517502160499999,228.4717942,100.0,2.0,4.618969185,0.0,5.703274738,0,95.48186294
37.0,6.578496096,5.181636577,3.19195622,5.988789467,220.1599321,89.20834772,0.125137061,3.325772602,1.0,7.496405177,2,10.11603924
24.0,3.017016069,2.574666555,3.569298137,5.972871069,84.38034145,100.0,0.0,2.702119717,0.0,5.462,1,19.67379981
39.0,3.737625431,2.977914924,5.854981503,3.844250598,294.0476293,100.0,1.048926947,8.109684615,0.0,7.927055634,1,36.179356595
20.0,8.891403835,2.23343697,7.199058496,6.039214112,63.24322746,98.03861002,3.039496737,7.699942382,1.0,2.224444185,1,75.64327995
32.0,6.793796509,6.577677905,2.062509076,6.93862957,131.5330568,100.0,2.466055531,2.948417943,1.0,5.412409948,2,5.216551682
20.0,6.775556173,3.103267373,4.099464799,8.169043809,455.3764342,100.0,1.852113172,4.0,1.0,8.344380395,1,66.46466537
18.0,5.295378147,5.005588566,4.637183326,7.91435723,160.4988765,93.87603215,0.538072562,1.876811809,0.0,3.420638872,1,56.00921989
38.0,9.147688828,7.57769123,0.0,9.115562884,129.8721302,82.62503049,0.369949778,2.276446123,1.0,7.229783099,2,10.62369883
39.0,5.06069979,3.771381605,1.712215322,5.094329901,102.2256229,98.6416065,3.689539988,2.319816944,0.0,4.668371725,1,6.70240888
18.0,2.653225986,1.64237569,4.28820145,8.862470455,189.9867415,100.0,3.304063075,0.0,0.0,5.418759351,0,70.14035981
28.0,4.557177338,4.076868035,1.801399543,8.931877056,165.9822073,100.0,2.568415984,1.307621297,0.0,10.21745912,1,45.75535382
25.0,9.269403254,4.620569846,7.308706887,3.935047142,88.21705924,100.0,4.43900267,8.285181773,1.0,3.335339931,1,42.32004829
27.0,10.37805082,8.586186468,0.650199923,7.860777855,126.8716844,69.71202274,1.724089886,1.928736597,1.0,9.820935805,2,0.0
18.0,6.559288071,2.379173981,0.44718694,7.599788448,200.0342064,95.25827705,0.037101532,4.0,1.0,7.680777396,1,26.23145358
22.0,5.055086796,4.163649534,7.429512763,3.89848006,317.2116569,100.0,2.0,3.509058639,0.0,4.028088362,1,46.97088859
29.0,7.491239596,5.224275215,3.39398946,6.882395415,224.2092037,98.70898428,0.0,1.537565685,1.0,6.910800162,2,0.0
27.0,7.350271701,5.939719979,6.159794776,7.023703812,165.9822073,100.0,0.868596658,6.657260929,1.0,5.462,2,24.79272932
23.0,10.32052966,10.04328003,2.302310774,5.69538159,218.6455766,74.6402319,1.898045564,2.12703791,1.0,7.169088478,2,6.416635863
15.0,7.299197296,2.589856427,6.614127991,8.076491712,165.9822073,100.0,1.136275571,5.266857304,1.0,5.462,1,68.64846091
27.0,11.72800989,6.536172729,4.849750906,7.471710561,123.3774809,97.38860072,1.515387463,0.904136389,1.0,4.728313035,2,36.83555586
17.0,3.000751835,1.392805173,0.680867053,9.971419765,68.14217473,100.0,0.0,1.265536115,0.0,1.571861221,0,32.87503478
35.0,4.800554629,1.798209752,4.580180034,7.055058536,153.316293,97.31223062,1.832698395,1.639655588,0.0,2.36328923,1,45.47689611
27.0,3.083625705,2.498449961,1.779959089,6.384008434,122.4376816,100.0,3.781807017,4.0,0.0,5.917394444,1,34.91176557
27.0,6.699132452,4.358559769,1.196735201,8.826947921,72.21111349,99.15274329,0.578823664,0.022995405,1.0,-0.467455794,1,22.12497989
37.0,7.0,5.098988686,7.697652348,5.254585922,99.6361818,95.65601978,4.967512696,9.138515112,0.0,5.462,2,68.60162708
39.0,3.443012068,1.285790938,6.138424733,7.725547885,133.0712449,100.0,0.0,7.594615134,0.0,3.598032307,0,90.37208464
37.0,9.846566438,5.625777282,2.591434466,8.900971114,262.0032564,100.0,0.359063706,1.486814586,1.0,7.460268005,2,12.28113884
29.0,11.93361993,9.256518636,0.0,5.050064057,101.010326,65.27019439,4.152182229,2.979595649,1.0,7.52318899,2,5.838885641
15.0,5.885071042,4.784401609,7.95226597,4.810197551,66.74132058,100.0,2.407443193,4.0,0.0,1.207477567,1,50.42573062
26.0,5.301435034,4.455693381,2.896696086,4.122106403,165.9822073,87.87217726,2.11285275,0.415792596,0.0,5.462,1,13.72104507
31.0,3.532197793,3.77039798,4.186694391,6.469303552,215.5749591,96.40962029,4.090572037,5.876954602,0.0,6.14745841,1,47.63904411
20.0,7.0,5.398675503,5.753137906,7.218502624,332.5581037,99.55982187,2.961776127,8.591813221,0.0,5.462,2,59.30629639
30.0,2.439820889,0.966720177,1.070837967,5.535423074,80.22352234,98.88770834,4.056948728,3.494235027,0.0,1.303173987,0,30.4015352
26.0,10.38573165,3.535765291,6.666847251,8.192976079,73.66175039,97.99859984,0.717755929,8.435012766,1.0,1.65714246,1,80.80237082
24.0,7.458764838,3.708408728,2.557091437,4.869335093,28.43180273,100.0,1.320218274,1.074724714,1.0,3.861028239,1,30.87633359
27.0,6.395035978,5.850942902,1.312389771,3.782246991,106.38397,82.91422863,2.764181414,0.822104284,1.0,3.618133287,1,25.37968776
38.0,2.406120186,1.938661889,2.077771045,8.628645039,279.0852116,98.92307601,0.744593186,3.408094472,0.0,5.10592224,1,28.6089586
36.0,2.26173208,3.771381605,8.408977272,5.589061049,232.9861576,100.0,2.803138207,6.811342101,0.0,3.714788843,1,65.60228975
22.0,8.943146982,3.771381605,4.1412097370000005,4.422276371,176.2428448,88.74738935,4.631127643,4.99600876,1.0,5.462,2,2.047177574
15.0,3.861713495,3.771381605,7.154512345,5.92585074,109.8436518,99.68194552,2.0,7.37272005,0.0,2.594808033,1,83.44852234
34.0,7.122077324,6.647483922,3.911601874,6.587666367,271.6122649,93.97338286,2.150799148,5.152863861,1.0,12.84551635,2,24.74101095
34.0,3.799514066,2.572196561,0.447803817,8.771243324,301.7347778,91.67313875,0.917801036,3.893857413,0.0,9.171799897,1,5.972394807
26.0,3.401148433,2.651699419,5.653211241,6.665242241,202.1315458,100.0,0.996608515,7.228874406,0.0,6.737037563,1,36.179356595
34.0,5.768013355,4.605965073,6.303525435,7.799676871,201.2859187,100.0,0.726677029,11.88009691,0.0,6.040453648,1,84.72965553
27.0,7.532964293,4.511220523,2.304512758,6.861279007,107.7018065,100.0,0.786491581,5.27027734,1.0,5.38339996,1,20.21201427
18.0,7.0,6.512699043,1.894074471,8.393267526,583.8790405,100.0,0.0,2.957892693,0.0,5.462,2,6.188440457
32.0,5.825135482,3.660914812,6.418877236,7.677003531,235.7736362,98.07541467,1.546436847,10.08944929,0.0,6.65699358,1,63.82759723
30.0,6.117805549,2.089656374,1.893964496,4.66777053,116.7913728,95.84924383,3.947097644,3.520907234,1.0,6.552151806,1,22.98538328
27.0,12.12849299,9.116401845,2.063439452,9.818982854,58.98142864,97.63106378,0.815587448,4.897336735,1.0,6.74357605,2,6.572043303
29.0,11.65645827,3.771381605,5.957688048,4.420419365,75.24708661,93.1555397,1.930233704,5.977537702,1.0,2.929232942,2,34.34426156
33.0,7.422603802,3.697121817,0.91630771,7.094932168,242.2053669,90.28021933,0.0,4.719513928,1.0,5.344234135,1,1.755828546
30.0,6.221796409,1.841109999,0.423857119,7.337832387,31.63981089,100.0,0.766725002,0.0,1.0,4.539004975,1,46.13058282
27.0,7.647996909,6.156775971,5.4946435,4.863316192,177.6574782,87.05515885,4.012930012,10.1416242,1.0,3.476364677,2,37.63329545
28.0,6.044888461,2.593075323,2.928170252,7.211774879,21.07860784,100.0,1.92413944,1.661245545,1.0,3.938418781,0,51.41782882
31.0,3.281620484,1.871728582,4.518717074,5.387341894,72.54309141,100.0,4.020136386,1.343807635,0.0,4.413365164,0,48.72484553
37.0,4.76403701,2.440398763,2.705384595,9.616872983,122.7327982,95.63700271,2.879989708,0.0,0.0,3.583739388,1,61.79836583
33.0,18.74733871,8.437386015,1.040082343,7.400058722,510.7043226,63.54093433,0.183646639,4.0,1.0,13.61878057,2,0.0
29.0,8.93664544,4.234149257,0.853616164,6.920715643,185.9792388,86.6176642,0.749690393,3.267410703,1.0,8.449698757,2,7.724833747
19.0,8.593510462,1.534359683,2.54641399,7.364826366,284.9015555,100.0,1.859225359,1.924270589,1.0,9.282702219,1,27.83091866
29.0,10.66999896,7.925979621,0.086023986,5.920739324,92.18817938,86.16936606,1.653642344,0.254286431,1.0,7.298648222,2,0.118613594
27.0,5.175559654,3.740116884,5.127491573,6.083069212,270.8190411,100.0,2.142610902,7.923853788,0.0,4.804212414,1,59.05351141
23.0,5.156328571,2.859824254,0.353585823,6.565335625,254.4663636,98.12777697,3.529545397,3.937857504,0.0,5.644146545,1,15.52652495
30.0,5.96586671,5.8352718,3.684882856,7.278356702,263.926677,94.53661382,0.579987742,1.037748121,0.0,3.867920172,2,33.0198197
35.0,8.47598755,4.691249789,7.723590998,9.256967911,199.1759632,96.47180473,0.0,5.971160371,1.0,4.438242762,2,68.68374426
16.0,8.662394697,7.300994139,0.717581117,7.355757604,252.688736,77.97774465,1.043174564,2.905556715,1.0,13.44848547,2,0.0
24.0,5.359180316,3.771381605,1.461061994,4.477210989,154.7182539,91.92055026,3.574318772,1.930400885,0.0,2.348905453,1,9.549498122
34.0,3.131614836,1.435380867,2.566855001,7.964974684,223.8958337,100.0,2.669891222,1.21203936,0.0,2.920592785,0,66.78583254
26.0,5.344066893,2.688755307,5.977886813,5.036178688,494.5683969,100.0,0.752060686,7.497029757,0.0,9.158855567,0,36.179356595
25.0,7.0,1.84909152,1.578755786,5.629284771,44.81941123,100.0,3.062836635,4.941585449,0.0,5.462,1,40.98180192
27.0,7.778025488,3.556918966,2.138107066,4.401332803,165.9822073,100.0,3.924125725,3.113766877,1.0,5.462,1,18.01580693
19.0,11.58461743,9.652389924,4.715202969,7.523478819,190.5764128,90.90006761,1.605676058,4.921570933,1.0,6.965653328,2,9.617168432
27.0,6.056852248,3.896527239,6.963362926,4.642773594,165.9822073,98.35297794,1.103140898,8.710991754,1.0,5.462,1,36.179356595
21.0,7.945844386,6.863341953,5.08544037,3.515078854,61.30702507,100.0,2.833433464,7.336761389,1.0,1.974428727,2,35.12089463
20.0,2.967544932,1.4807361,4.1412097370000005,7.641165032,218.4666114,95.19329078,1.717505371,4.0,0.0,4.087145139,0,36.50514873
31.0,8.671270779,3.189114407,4.1412097370000005,7.425181689,132.6508703,95.42925064,1.348275697,3.904881719,1.0,5.646445255,1,60.26412361
23.0,10.51356361,5.375131535,3.370798201,5.721601787,7.710321236,100.0,2.118085192,5.750434553,1.0,4.130638541,2,18.04162913
31.0,8.217672425,3.771381605,1.718045237,5.319080306,243.3349723,78.65457961,0.967694607,5.26668122,1.0,12.42165032,2,5.191318054
34.0,7.0,6.754213277,4.613336148,8.420883298,143.5140973,96.7752623,0.441566571,5.529668558,0.0,5.462,2,45.19194674
15.0,8.597028725,3.079016393,3.770900979,7.757558175,165.9822073,99.69484037,1.131437165,3.83606247,1.0,5.462,1,47.681676
15.0,10.49298939,5.593811075,4.1412097370000005,9.218308743,26.03480906,98.76331719,2.329418196,5.695606271,1.0,-1.308831124,1,36.179356595
37.0,11.06063175,3.670009944,7.467901639,5.31411102,3.262968374,100.0,2.0,9.269284811,1.0,3.835055583,1,72.97136406
37.0,6.487761835,3.348482075,3.720700764,8.652170448,80.5429971,100.0,0.53764109,1.148678139,1.0,-0.211640287,1,57.29711324
27.0,4.901678936,0.964112221,4.455866179,7.526923654,175.8064938,97.60459396,0.0,2.861249721,0.0,5.733599762,0,66.33503195
21.0,5.354667371,1.293712981,4.220680352,6.074859446,282.5274352,100.0,1.123774504,5.157384559,0.0,7.346513031,0,55.59467398
34.0,8.534151969,6.261344885,2.852623209,4.475552882,166.4214948,83.84637415,1.547505311,3.775393908,1.0,8.335513259,2,36.179356595
28.0,6.167029851,3.638498744,4.184934627,6.187537938,0.0,95.76704969,0.0,6.471241105,1.0,0.559176635,1,47.60869713
25.0,1.439966778,2.529910133,1.793675339,8.286231982,55.32515248,100.0,2.240843832,1.701001707,0.0,1.342343429,1,44.0726856
39.0,10.34002169,7.452256659,5.825811347,9.018001533,165.9822073,97.85476963,2.36759674,6.542130941,1.0,5.462,2,36.179356595
16.0,7.708315445,7.999200705,3.071964407,7.306146606,263.8055794,77.13568662,2.560592247,3.498310195,1.0,6.349584057,2,0.0
17.0,7.021962339,2.022297186,0.0,8.029136403,100.5848033,100.0,1.098837007,3.890829431,1.0,6.742745848,1,22.2873411
27.0,6.971684323,4.707665912,4.1412097370000005,7.1848408,101.6807525,100.0,0.369945969,3.859859097,1.0,5.97657307,1,23.74059968
34.0,5.419804412,2.839791822,2.142268921,7.037272807,165.9822073,99.34738453,2.279436401,1.960601024,0.0,5.462,1,25.59884374
20.0,7.528733317,6.529667886,7.272451374,6.846332707,163.7408297,100.0,3.393722185,5.951549678,1.0,8.014515515,2,61.10512339
19.0,10.70875294,2.66234381,2.636185674,7.370718918,419.2626872,100.0,1.891064462,2.334492514,1.0,7.549226971,1,35.1445079
31.0,4.14645263,2.885788396,4.947845435,7.301902964,79.24312163,97.89518657,0.0,7.90412989,0.0,-1.174570835,1,36.179356595
22.0,8.019837936,4.508137556,6.115066347,7.183875421,144.40806,98.40745009,1.485106431,8.287917254,1.0,7.04093647,2,32.43252982
28.0,9.985075504,7.850132653,7.905944232,6.115651732,104.7644286,100.0,0.0,7.355386076,1.0,3.39982529,2,43.0127507
24.0,3.730796768,0.602150655,5.910811414,5.246330928,57.44039597,95.45083213,4.296204623,5.792046432,0.0,2.836325431,0,70.22307907
19.0,13.04046154,4.519669583,0.0,4.844114878,135.9489704,98.69231552,2.627618868,3.667796451,1.0,9.8302647,1,13.03771789
32.0,6.030715328,4.04887526,4.404093938,8.962359016,41.7231036,100.0,1.795240855,3.525528281,1.0,-2.75489221,1,44.08831523
32.0,2.859699164,2.237788683,0.856992906,8.13062173,190.5587511,99.26269957,1.898889949,1.961154444,0.0,6.193656565,0,45.24184391
18.0,2.906362135,3.771381605,4.1412097370000005,8.604485339,259.6174659,95.20350138,1.759120022,5.101969421,0.0,6.202217868,0,25.9596817
35.0,7.0,9.61790654,4.658864597,8.779011207,159.5048817,89.72124501,2.0,4.875508282,0.0,5.462,2,0.0
19.0,6.635956996,3.188072462,2.167889989,6.194180201,173.4873032,100.0,2.539695538,1.161384012,1.0,5.29296154,1,9.795137088
19.0,3.537143215,4.541129374,5.666847859,5.515135943,49.96463334,100.0,1.881075228,8.020928162,0.0,2.645567628,1,36.1391908
37.0,9.13684832,4.79775109,6.818804006,4.846848266,165.9822073,100.0,4.866355283,7.231463649,1.0,5.522645575,2,39.17508686
31.0,10.60704143,4.157310998,6.507716561,4.51904249,251.3114167,95.65303515,1.728357444,6.995128597,1.0,10.60399574,1,59.40601846
17.0,8.978119763,3.771381605,0.360008926,5.947774586,146.3026465,87.70683153,4.826509099,0.457415023,1.0,4.267810237,1,0.0
30.0,2.04418043,1.07731058,1.739830992,4.197006711,174.6693921,100.0,3.326354917,0.483871703,0.0,4.584917153,0,31.29059182
36.0,7.474938154,2.262535286,4.085283713,7.713149748,188.0275596,100.0,0.065083873,3.086970681,1.0,7.817316182,1,55.80731794
17.0,5.711217551,4.470716492,6.258227044,4.655549453,319.766785,97.60145894,3.882456657,10.7023234,0.0,8.869273008,1,26.9913163
28.0,5.859674209,2.944465937,3.177348068,7.394203609,78.86095423,98.26323585,1.039954253,1.830452737,0.0,3.922007155,1,48.76447894
21.0,7.0,4.691506575,3.783316784,5.666744398,19.57616305,96.60595706,0.255107075,3.766781565,0.0,5.462,1,48.38108548
36.0,8.842960788,5.551576049,3.218548636,6.652188391,104.4053578,100.0,0.570172037,0.314053886,1.0,4.444053062,2,12.19528686
35.0,7.547650448,5.055199304,4.1412097370000005,5.570277146,147.8044746,98.5751326,3.738407239,6.572587284,1.0,5.462,1,86.00341245
39.0,4.56853377,3.670190016,7.725414742,8.483262027,196.5022124,100.0,1.710198625,9.488629747,0.0,2.525346507,1,100.0
33.0,6.878889252,5.508008163,6.536524806,5.574721764,56.78556118,100.0,0.0,4.108438162,1.0,0.691440898,1,52.46215042
16.0,2.198134813,1.645565575,5.520379718,9.481262105,292.4934636,100.0,0.00845189,5.084486754,0.0,3.042190218,0,80.28842242
22.0,10.80004868,5.223548558,0.20112648,8.758182665,206.1129773,90.45260031,2.233270541,2.673894398,1.0,13.06936691,1,7.387912207
15.0,10.44439415,6.22711175,6.873327362,9.089059137,44.41532963,100.0,1.96047807,7.421734092,1.0,0.609650956,2,78.90311916
22.0,11.37555874,5.103425878,5.46109191,4.988295122,229.6922395,90.92383785,2.819645212,6.194170978,1.0,10.89431598,1,55.51009008
39.0,11.91280149,5.239688146,3.189136499,5.485145331,163.8389247,96.03716077,2.455504813,2.668981375,1.0,5.803434222,2,1.291655084
34.0,11.18199909,7.787817701,5.992221541,8.312743314,186.87414,94.85410124,2.271160893,6.47044086,1.0,5.48656312,2,34.92521778
24.0,10.73118584,9.453219925,1.469442896,5.68360993,126.6238617,74.78633304,1.839898127,0.685813413,1.0,5.380286009,2,5.298423784
38.0,7.748640979,4.61065351,5.198306456,5.662928075,249.2518724,100.0,4.830554209,4.981187242,1.0,5.078914487,1,19.91947673
27.0,9.158200578,3.157353034,1.538288571,4.723440801,237.4956357,93.91176832,4.61079323,0.336489768,1.0,10.71323646,1,27.30205899
29.0,10.75914281,2.818276679,6.712091013,6.99583926,206.7932632,100.0,2.466880425,9.813566416,1.0,8.67854311,1,94.74169958
37.0,4.268059522,2.376781874,7.382905299,4.669923976,327.9898747,96.85475458,1.751027045,11.08688429,0.0,6.013757401,1,82.0155426
25.0,11.2516383,9.605711399,1.047408989,7.091817001,86.56497936,70.68559627,2.149819473,1.586541995,1.0,12.45761028,2,14.88515677
18.0,2.607327227,0.367882737,4.660741484,8.491232801,186.5662694,100.0,1.257038443,2.586491176,0.0,3.603313045,0,93.30502706
29.0,15.11508022,4.368940589,5.057085494,5.968424311,92.39306513,100.0,0.0,6.021393884,1.0,8.008028224,1,45.73305512
31.0,2.64334473,2.325450468,1.88358095,4.732247021,294.6296743,100.0,2.649624435,2.146150184,0.0,5.27791593,0,29.41123932
37.0,3.349603241,2.572274213,2.720121363,5.37682853,145.0990399,100.0,2.0,2.38839802,0.0,2.151278811,1,17.64295668
19.0,8.366938189,5.360185125,6.179680691,8.767053157,228.5033352,99.15480555,1.584513621,8.653086292,1.0,5.833405017,1,63.84909631
39.0,5.721133231,2.854780681,2.291799174,6.828257342,124.4516983,100.0,0.85957971,2.939239753,0.0,6.365519297,1,21.45962953
34.0,5.055747253,3.513140569,4.1412097370000005,6.517502160499999,142.9393647,100.0,1.127797816,8.339983327,0.0,5.462,1,76.21201355
30.0,11.36718162,3.399661528,5.434790336,7.08169791,173.6424433,99.49012,1.320234021,6.677807313,1.0,10.10720634,1,36.179356595
38.0,1.736450217,2.501650584,4.373208379,8.691538099,227.5031185,95.75797883,0.459864754,0.0,0.0,2.672170962,1,46.14442347
23.0,2.682666789,1.122951651,5.679813935,5.854329545,243.0297605,100.0,2.551127437,4.765445039,0.0,5.67700257,1,33.77849646
23.0,9.330586888,4.742477278,5.529450644,4.35168059,228.4535843,100.0,2.927005235,6.516477389,1.0,8.186546282,1,59.05220258
17.0,2.755578615,2.311737042,7.20450032,7.366362221,120.9609629,98.18121385,1.927026026,6.402220149,0.0,2.504062671,1,54.8961187
26.0,5.377977179,3.861222669,4.1412097370000005,3.965892049,165.9822073,96.3777582,0.89252006,1.336395606,0.0,5.462,1,21.04473123
27.0,1.835777603,1.284817838,0.86317742,5.120166956,272.265247,100.0,3.705692226,0.0,0.0,4.02677455,0,30.13541243
18.0,10.50420435,7.462623006,3.896445151,3.862614601,178.2312091,89.90019652,3.82767229,4.878732946,1.0,8.726069379,2,0.456553619
22.0,7.060281073,6.533856456,3.911796365,5.571033141,220.227821,93.46168673,0.640581121,4.01239494,1.0,8.506840095,2,16.50270615
17.0,3.859791465,0.914455007,4.979157693,5.879720369,253.7031792,100.0,2.699870241,1.49804183,0.0,4.273599877,0,47.5374361
22.0,6.580422748,3.855947956,2.789505229,6.517502160499999,251.8236987,92.73102344,2.582700962,0.571564404,1.0,8.70790416,1,11.68889509
33.0,2.571549135,3.357225697,7.100320393,7.900493825,208.2944721,99.43424484,1.304672591,7.249369838,0.0,5.720316914,1,83.05233978
17.0,8.284715974,4.052760744,0.523855184,6.517502160499999,172.7665047,100.0,1.203584321,0.0,1.0,6.716935973,1,0.0
18.0,7.0,1.877436029,5.41121229,4.372277728,158.4971646,97.79859754,2.483973845,7.272981122,1.0,1.924520952,1,71.86918155
27.0,8.533856778,3.65163097,0.874805101,5.466458256,155.2253226,100.0,4.038446464,3.607468221,1.0,4.481412117,1,4.377158794
19.0,10.59300288,7.20072537,5.325822502,8.411087767,166.7901613,99.7484225,1.7874385,7.800472354,1.0,5.681512499,2,34.23876602
26.0,7.0,2.334859039,7.014283005,5.679004606,212.7585909,100.0,4.533635719,8.252009882,0.0,5.462,1,79.29443865
29.0,8.803581848,4.470297141,0.541031233,7.001450636,222.2959585,92.17026996,0.172716736,3.329208326,1.0,8.613123093,1,9.714518011
23.0,4.524067271,3.771381605,1.35241115,7.582798251,363.238906,99.06526472,0.0,0.498108573,0.0,5.462,1,17.047088
25.0,11.20527957,7.624991552,1.489744453,6.517502160499999,276.8027113,77.03550903,1.658761293,4.163540625,1.0,10.14704876,2,36.179356595
28.0,7.177521705,6.817162704,5.274817013,7.903345647,41.14598497,100.0,0.580104324,7.607780571,1.0,4.187705406,2,48.46697079
25.0,5.934096429,2.243385649,6.917107169,6.008543437,61.6122413,98.07609552,1.897017222,5.752778309,0.0,0.602613644,1,70.42325232
24.0,11.01485399,4.494001693,3.503783406,3.97194028,141.9014284,98.404297,2.69013546,2.748460043,1.0,9.823669327,1,10.19269206
31.0,7.040021466,2.556455798,6.51140053,8.340234991,121.6781604,100.0,1.180584266,4.627031283,1.0,5.880285517,1,89.16443489
31.0,3.72347505,1.545995351,4.33752145,6.391941791,0.0,98.69635021,0.0,2.577024672,0.0,2.294095334,1,62.76679864
26.0,3.773221967,3.03083098,4.377815887,3.746658611,244.0700033,100.0,2.969253115,1.721302613,0.0,4.135655819,1,31.05662439
31.0,5.829888102,3.55186539,4.421840371,7.917291003,71.32186297,100.0,0.238191203,6.394230932,0.0,1.048146064,1,36.179356595
33.0,11.58736711,2.271303637,4.204033513,4.89070165,35.91615024,99.91319721,2.618366537,5.559204962,1.0,4.059302732,1,27.42486585
30.0,4.058703899,3.462038703,6.931976131,6.308033865,52.06656042,98.7123285,1.205403989,7.905111844,0.0,0.591261967,1,75.7014077
27.0,9.651465676,4.969210413,1.342694645,7.614676051,49.98145526,100.0,0.100800056,4.126374475,1.0,4.024253696,2,2.825657697
38.0,1.87043607,1.649390087,2.507254194,5.921439302,157.7965986,98.56094993,0.730098126,3.069796898,0.0,1.860448481,0,32.90145212
37.0,1.911502221,1.408461393,0.200147882,6.478325678,43.0716112,100.0,1.838482844,2.985891675,0.0,0.376022244,0,41.27290557
15.0,5.024439907,3.35252075,8.483873515,4.739619684,241.0257646,100.0,2.859334339,10.64618994,0.0,2.465699771,1,69.28053438
20.0,5.217247472,1.685482647,7.837013481,6.886749793,148.4025534,98.87425256,2.079709235,3.821173806,0.0,8.966278385,0,85.78422906
39.0,7.0,2.365102301,2.52177183,7.586187573,297.8734503,100.0,1.11985805,4.925869646,0.0,5.462,1,5.515993667
21.0,4.438571076,2.365820793,4.1412097370000005,6.198480354,304.944228,83.75429605,2.311514643,1.390167002,0.0,6.137388027,1,28.87094888
23.0,3.959379582,3.799055458,3.875733092,6.204815578,77.37367583,95.77295774,1.713863775,2.603588382,0.0,3.556489978,1,18.10415103
17.0,7.645406555,2.246462446,0.893486723,5.419218413,295.4638798,97.26829741,3.574326582,2.609331156,1.0,8.101133285,1,3.25160143
37.0,3.858332833,3.128846117,5.191770534,5.547121508,124.1621676,93.55177618,1.213312259,2.87989393,0.0,2.151454228,1,61.17269462
36.0,9.18518952,5.192614025,0.997360531,5.473955694,165.9822073,98.23545048,4.258418171,4.900376998,1.0,6.163196764,2,6.076426808
37.0,6.715981786,1.421286189,5.087075975,6.299153865,29.07934043,100.0,0.0,6.354757471,1.0,4.478162857,1,69.04837962
18.0,2.884057894,0.472920154,4.870995742,6.103055162,85.87617897,95.71904478,2.369520859,8.206533642,0.0,1.151415236,0,83.80255385
21.0,6.583010237,4.35016987,4.142879097,8.037099087,259.4803514,97.15460649,1.895118416,3.923374156,1.0,9.082304536,1,49.36574864
15.0,7.110748506,6.208758788,1.609434956,5.419170892,154.3759658,75.73773397,2.239612105,1.446972848,1.0,2.76522278,2,12.47611928
27.0,3.369741238,2.495365088,6.6148394,6.113115855,56.46115343,100.0,2.639902488,8.440514545,0.0,-0.382311606,0,100.0
18.0,1.343740122,1.162326081,6.748041786,5.69344914,313.0868648,96.01925749,0.430420541,5.842293487,0.0,5.898832643,0,58.00086223
27.0,9.703283789,8.982010652,0.248773293,5.208472058,29.28696393,70.57626709,2.739298131,2.499354526,1.0,9.309130424,2,0.0
25.0,3.191559959,3.250447079,4.115733196,6.960350034,263.401721,99.08552755,1.115207195,3.148774792,0.0,3.698310784,1,42.64262167
19.0,12.57993434,3.771381605,3.336140962,4.717444165,122.3560473,91.11390758,3.345942399,3.94472983,1.0,5.453361367,2,21.12139208
27.0,7.788561947,4.632469662,8.001247638,5.765183658,269.111223,100.0,2.182306176,5.480538179,1.0,7.558935287,1,36.179356595
29.0,7.490562075,5.925506756,0.984545138,4.922019452,46.41631317,94.26053399,1.437943521,2.272695468,1.0,4.484605559,2,19.5838968
19.0,9.560273564,4.043019447,1.542709295,3.675188345,255.2911012,99.64740862,3.102607651,3.365475811,1.0,7.986280053,1,7.626801341
27.0,7.58413084,3.042339697,2.033621624,4.925201072,107.0656366,98.09866499,2.199688444,3.263353617,1.0,2.889915396,1,15.42131833
39.0,2.663890916,1.383154157,0.135634966,5.815658974,79.80873683,94.06057161,1.626581295,1.18651467,0.0,1.859644346,0,4.433967517
19.0,11.09989797,7.111069309,2.488318976,7.535141161,295.7128318,79.6840186,2.254532123,3.064419053,1.0,11.76018467,2,15.58488307
25.0,11.76323313,5.208842737,1.657068893,8.15396128,243.9518075,82.62896243,0.153592367,2.132613341,1.0,9.597130097,2,15.89951943
23.0,1.216680435,0.717773387,3.93798852,6.633977955,121.3343954,97.66513094,3.894800058,5.371801271,0.0,4.195956238,0,66.62461735
29.0,5.586548642,1.888551625,7.950309484,8.764283529,146.6666344,98.72770981,1.82432681,5.015847478,0.0,3.069469677,0,100.0
30.0,6.559010681,2.168615322,0.98820879,7.924840107,52.74795572,98.74299847,0.590922737,4.0,1.0,5.241011772,1,38.85290178
32.0,10.02148342,3.771381605,5.381600154,7.447771117,241.5661822,100.0,1.036708579,8.171554501,1.0,8.784532989,1,78.64069304
19.0,4.394428572,3.000311014,5.741653594,4.73343612,165.9822073,100.0,1.77839774,8.830361491,0.0,5.462,1,65.24391991
27.0,7.30519304,5.37282946,0.0,9.336624359,263.2828616,88.60890482,1.738321346,4.366524895,1.0,10.58448925,2,2.485137641
24.0,9.450138843,5.590323541,1.557495794,4.974053415,172.0514566,79.58901025,3.011957714,1.886395598,1.0,5.2642794,1,0.0
15.0,7.595848619,5.916435809,5.367205171,7.819480695,151.6450701,98.260742,1.142014326,6.318197155,1.0,4.113523289,2,41.44248067
22.0,10.6073236,5.721802547,4.1412097370000005,6.440491759,273.2036793,100.0,2.810985398,7.865757608,1.0,5.462,2,36.179356595
24.0,9.372158278,5.009731736,6.595556169,8.155629709,146.7394631,97.24844817,0.0,6.133719676,1.0,6.405278925,1,64.46373352
37.0,10.3220679,7.794341206,4.958006886,4.363022537,141.037213,82.85747345,2.488873646,2.523120065,1.0,7.756031545,2,10.54314791
27.0,8.17270444,5.303825732,6.956102841,8.894708622,120.1344608,99.14360444,1.769498237,4.347852099,1.0,2.77185138,2,50.12826098
27.0,5.597028736,3.339586031,4.29986141,4.125759261,124.5535226,100.0,1.586829956,0.0,0.0,2.087434898,1,47.16182979
27.0,11.92381551,6.55455193,4.1412097370000005,6.517502160499999,119.0871167,100.0,0.16362818,3.116859936,1.0,7.218326727,2,36.179356595
34.0,7.0,6.516623258,4.1412097370000005,6.725504914,307.6222953,100.0,2.98395729,5.120818524,0.0,5.462,2,0.0
31.0,9.212175779,7.260788459,1.036296751,6.345508262,164.2620649,84.6747511,0.0,3.407565524,1.0,9.596111745,2,14.3062702
27.0,4.264337486,4.240962064,5.098021023,5.388648842,206.8845708,100.0,0.251189877,5.605790983,0.0,4.292791004,1,58.2186888
15.0,4.855150919,2.195912097,2.320356311,7.912755303,98.13837665,97.92288754,1.613865008,2.162312727,0.0,1.355155369,1,29.26449096
31.0,10.90137952,7.113224211,0.626693203,6.408504146,277.3502232,65.10715546,4.237959403,0.806779289,1.0,8.431034677,2,2.952650316
20.0,3.541462501,3.43158675,8.122556107,6.723556195,216.5825887,99.18938344,2.338779554,7.716627515,0.0,4.291885099,1,82.28329077
23.0,5.198947708,3.771381605,1.122496016,8.111973374,324.2406283,95.42355956,0.0,2.411859786,0.0,9.319686552,1,7.410596863
17.0,5.328102394,4.607790627,7.203512309,4.676517962,184.068862,99.41473533,4.277632415,8.508815361,0.0,2.647505795,1,80.19936642
18.0,3.954678503,1.909063645,3.008111827,6.529615211,50.71976937,100.0,0.0,2.569476209,0.0,1.861554828,1,30.20406774
38.0,9.143449456,8.645848289,4.106692717,7.236842956,141.0467201,91.23448291,1.652633328,0.963538442,1.0,3.902239554,2,12.67014529
33.0,4.613679607,3.73914577,4.593594702,6.563674066,98.27186975,99.64545908,2.021327459,3.413763966,0.0,2.377368974,1,50.15397856
23.0,12.26354912,4.94783091,5.455039913,7.479440022,365.6997415,100.0,0.076093681,4.0,1.0,7.915522396,2,44.83495565
36.0,8.987563211,6.854521164,4.1412097370000005,5.253966746,57.02727889,99.83227632,2.0,5.520419739,1.0,5.462,2,55.46281368
20.0,7.89724083,2.632712023,0.509952091,7.462616167,153.1013979,100.0,0.0,3.473255386,1.0,6.434142538,1,38.26002516
39.0,7.0,2.742302467,2.524280353,7.025437887,318.7009022,96.06532642,2.217689279,4.853606147,0.0,5.462,1,7.223861031
32.0,3.030041519,2.291912844,4.1412097370000005,4.881636168,170.4055588,100.0,4.274123171,4.0,0.0,3.315443924,0,68.85535746
35.0,10.51435216,7.164416196,6.403592308,4.065757565,165.9822073,99.90149404,1.523287774,8.550498244,1.0,3.818143956,2,21.12905522
21.0,10.94209937,5.084948847,1.167409154,6.696615948,614.0738295,93.8906337,0.0,3.930848151,1.0,15.10259169,1,1.196567207
32.0,5.947233545,5.121875807,1.076130493,7.150738409,297.8803117,84.6335088,0.755098167,0.854303071,0.0,3.97710157,2,0.0
27.0,4.666671908,3.771381605,1.906265881,9.637104167,46.66494865,94.82192928,1.383806361,4.195800078,0.0,3.592902255,1,36.179356595
38.0,2.968347024,1.208980699,7.441347111,8.323280176,165.9822073,100.0,2.207419469,9.329564569,0.0,5.462,0,97.54934088
30.0,3.37587122,1.112127011,8.114041155,9.055946748,618.5742511194022,98.42717236,0.333080135,7.056776335,0.0,6.367894769,0,36.179356595
29.0,3.155695283,2.126364689,5.259075216,7.389253498,74.92625699,100.0,0.063408656,2.825295346,0.0,1.587649038,0,63.34357544
27.0,15.1485026,4.85306582,2.066169557,9.089785372,157.4372834,95.84703659,2.157174073,2.750274691,1.0,9.910179531,1,21.67983076
27.0,9.177168554,4.736774001,2.290360563,6.997698485,228.5686777,97.43278772,0.131742048,1.305829152,1.0,7.768111783,1,28.19186991
20.0,4.579677649,3.771381605,0.82648338,8.769287118,299.5310677,90.10455252,0.40804521,4.0,0.0,5.462,1,15.85732087
17.0,4.443384232,1.865575078,7.517697538,8.575408918,233.4128001,100.0,0.093421638,8.789565541,1.0,5.065953512,1,100.0
34.0,7.0,2.964585251,5.788470301,6.408063692,206.6271773,100.0,2.550647007,6.974868991,0.0,4.065952907,1,94.77319257
34.0,7.476647882,4.371861128,1.44175516,5.413826013,165.9822073,84.58798466,3.322177032,2.715747821,1.0,7.313294733,1,4.209087601
36.0,6.830501444,3.248155298,1.123540223,8.520762637,22.0078556,95.20602592,2.246887949,3.144710511,1.0,4.720498825,1,20.60906252
17.0,10.3554295,5.420506386,5.06484433,8.999218448,52.24739103,100.0,1.985609541,8.276368165,1.0,4.403240664,2,44.3001735
18.0,6.641888453,2.043720445,1.449258401,5.210757946,294.4119371,100.0,2.100674677,1.53175912,1.0,9.56834296,1,36.179356595
27.0,2.421028259,1.526141491,6.050825223,8.943310355,65.48109141,98.96409515,0.0,6.006509592,0.0,2.703041683,0,86.93352334
17.0,10.29702827,4.297230361,6.674485537,6.882309356,253.030981,96.56594055,0.496754893,6.467649565,1.0,4.937029466,2,41.94894278
36.0,3.997289545,2.077839104,0.013530555,7.87443148,9.977122582,98.71035903,1.105616306,2.978608938,0.0,1.602909638,1,26.98869655
24.0,4.241958824,1.626193483,1.466976184,6.730959395,155.4122754,99.63218772,1.137473978,0.0,0.0,3.907899176,0,13.31933833
26.0,8.899916198,5.482286723,5.000620343,5.201366175,163.0169722,87.42057053,2.0,0.363139058,1.0,5.152608083,2,19.26710168
27.0,3.631256932,2.429138201,0.251492732,7.44445548,43.07342821,100.0,0.278504191,2.699371293,0.0,0.36786982,1,2.882082123
18.0,2.970464249,0.699243093,4.66302085,7.975715496,160.2270792,100.0,2.0,0.658983217,0.0,1.835825022,0,85.37831668
39.0,7.148505152,3.341946914,0.754880445,4.917515175,145.0279696,100.0,2.073591752,0.192036655,1.0,4.051446753,1,3.116457681
24.0,7.892860368,5.261072641,6.27258584,5.345735839,417.8739086,92.3870313,4.059446571,9.832052869,0.0,6.409933601,1,68.11670775
21.0,10.9814067,7.799849612,5.311386156,7.351371783,125.3800776,94.33320911,0.959058332,1.35982359,1.0,7.159720114,2,6.732034388
35.0,8.054263018,2.765826106,7.905584432,3.846011637,230.583237,98.35593302,3.022503421,6.562244741,1.0,6.883278038,1,68.94204631
19.0,12.45877525,8.175843332,4.630107098,8.190944812,148.780185,88.12015206,0.084939303,5.892006715,1.0,3.962005424,2,17.99706663
27.0,7.346641742,4.326022283,3.173962775,7.35128459,304.2179157,94.83246382,1.980999802,4.0,1.0,12.7031774,1,17.05700385
28.0,7.0,8.105434891,4.655661228,8.09527288,310.1662752,85.97432624,0.83532537,0.996488182,0.0,5.462,2,0.704147448
31.0,10.10918964,4.08526201,8.139402306,7.589052784,244.9228557,94.9777754,2.74639803,4.66832282,1.0,11.00049345,1,80.00082351
19.0,6.188939832,5.270107811,6.96800431,9.60310775,159.3409583,100.0,3.285973513,4.178239871,1.0,5.689151897,2,66.54703524
16.0,2.699573272,0.602651806,1.197114479,8.923868223,96.28824442,100.0,0.99365668,2.969569192,0.0,2.453089636,0,39.30438638
18.0,3.882805086,2.008429828,5.27580801,6.517502160499999,132.3116122,100.0,0.0,5.645639093,0.0,7.091301258,1,62.61028256
39.0,2.764395962,1.319004877,4.1412097370000005,8.672675348,82.53009488,100.0,0.419342795,8.39203313,0.0,5.462,0,94.78696289
39.0,6.716384526,0.943647888,7.680388298,7.659566497,257.3378212,97.69909084,0.688337065,6.055502209,1.0,5.744144831,0,79.43492355
22.0,5.326749667,2.619626821,3.460062722,5.517726917,207.4498743,100.0,2.0,2.269790442,0.0,4.992152029,1,17.00031517
19.0,8.004473906,6.243989967,6.180653258,7.216943148,11.97709505,99.57461933,1.521115053,5.804839534,1.0,4.45149039,2,54.79570037
34.0,2.17115624,3.771381605,7.234611733,5.318647346,156.5331956,100.0,2.405308847,6.782320715,0.0,0.972838393,0,63.77794776
36.0,5.099125081,4.494897558,1.356380425,8.016625254,98.36361071,97.31820269,0.0,3.762298354,0.0,3.352790133,1,15.62347537
30.0,9.171846072,7.225554741,6.58065732,7.587210129,267.2159639,100.0,0.0,6.145262797,1.0,5.462,2,43.31105179
15.0,12.10934816,7.574467012,1.768664369,5.369806416,144.4669581,76.39804793,2.173878426,4.27649829,1.0,6.902126554,2,0.0
28.0,10.20520101,7.790042968,4.1412097370000005,6.309413157,10.31529398,100.0,1.500804209,3.026628026,1.0,5.462,2,56.9717419
27.0,5.510672064,4.759078131,1.788849717,6.645570589,61.39948511,97.14449871,0.8499148,1.559184603,0.0,6.991584259,1,27.21552188
17.0,11.30063511,4.711535104,0.346950498,8.018832491,57.1242046,92.24976016,2.242745629,2.500033925,1.0,8.703869068,1,1.802827255
18.0,11.59165421,5.786870147,4.619809438,7.425430994,55.86949127,98.91281733,0.0,4.245048471,1.0,5.99793104,2,34.96119731
39.0,4.473020272,1.330381783,6.784406849,7.802395426,103.5249844,100.0,0.0,4.078808851,0.0,1.176692731,0,95.9092258
15.0,11.70527765,3.771381605,2.347096527,7.423024127,165.9822073,96.5284248,0.0,4.492717566,1.0,6.267690473,2,4.585708343
15.0,10.79315564,5.536136178,7.417533198,8.693238834,47.96539692,96.72630887,2.250578968,6.054532363,1.0,3.397380177,2,75.13242857
15.0,11.57572376,10.55899228,3.606550377,8.186399716,104.4413815,70.25950953,0.0,1.029325661,1.0,10.37263253,2,0.0
19.0,8.679123513,2.934045456,5.82152302,6.962566519,283.4156515,100.0,0.932646217,6.962488233,1.0,8.843248889,1,84.66640861
18.0,5.364060584,3.09653575,1.34777662,5.572689821,86.02693564,100.0,1.875283719,1.923316237,0.0,5.493313672,1,2.468706229
29.0,3.309722806,2.036736647,2.759680264,8.028805565,236.7415705,91.16940977,2.420267875,1.308729012,0.0,5.961458789,0,51.44129307
27.0,9.18292834,3.78114428,5.343747427,9.142426412,266.5719766,100.0,2.0,5.413613317,1.0,6.54850764,1,81.18509146
16.0,7.0,0.716239432,6.792224442,4.776928278,51.15673651,100.0,3.973140468,3.671324887,0.0,5.462,0,100.0
26.0,6.778090609,2.842221539,1.920889751,5.676327868,32.70216972,100.0,2.737217791,1.943708686,1.0,1.315156425,1,28.17773249
26.0,7.316589736,5.216366754,0.237942196,4.849735026,112.1889122,65.17493639,4.06364936,1.476824741,1.0,8.221360672,2,3.437909439
29.0,5.171596411,2.338514047,6.689215886,9.39802364,94.2702562,99.94047446,0.159163304,4.0,0.0,0.967193585,1,75.3048381
17.0,7.0,5.887211665,4.287287369,3.372732626,140.9892562,100.0,2.061888931,2.35944414,0.0,5.462,2,27.28240859
36.0,5.523116104,4.469469424,2.998412933,7.107712084,218.53009,99.60988036,0.684006938,2.434797845,0.0,7.858992507,1,9.140258836
27.0,5.040853326,3.412639686,6.91088726,6.029382174,111.3992379,100.0,4.131683015,7.505468485,0.0,1.278511132,1,71.08478946
27.0,10.97937628,7.616400911,2.049781046,7.019542131,159.1860306,87.45365752,1.387601724,2.200683168,1.0,7.620364131,2,1.527076618
31.0,10.97172188,6.525951478,1.088214348,5.034348142,252.065664,74.97364568,3.311825949,4.0,1.0,4.925327665,2,1.510190261
25.0,7.859712785,3.771381605,5.253466571,6.517502160499999,195.5943402,95.28842872,3.675752558,6.844852331,1.0,5.620505691,1,32.50362912
26.0,10.46582933,5.634839655,7.993312485,7.154006929,57.3351367,99.31998748,0.273458849,8.261758444,1.0,5.170206928,2,61.6237947
29.0,6.729435506,5.719675871,3.838044278,5.207329963,282.2645548,95.4794472,1.121963118,1.416236503,1.0,6.605792931,2,31.82612529
31.0,7.127992285,4.739706396,0.0,8.733305537,278.0562582,87.51968043,1.520611436,4.098717706,1.0,10.24368055,1,6.075179092
38.0,10.59714936,8.638047684,1.983162801,6.151471648,241.2671129,74.6332745,0.269794477,1.800048939,1.0,9.496652457,2,13.42625674
27.0,3.539411158,2.825535935,7.120118426,6.517502160499999,202.2861332,100.0,0.009666533,7.630396681,0.0,5.855061964,1,87.58913454
39.0,12.34861399,6.037105879,3.049662146,8.530509277,241.8466728,96.15257566,1.963686093,5.299685693,1.0,4.279716025,2,11.97345315
39.0,5.188953855,2.904768413,1.618355065,4.155386573,201.0591632,99.17401434,3.72306579,2.533065941,0.0,5.647053806,1,16.9539889
19.0,7.865317171,4.207104767,4.147129328,4.136330471,167.6919753,99.58965042,1.940558907,2.296937185,1.0,3.103048859,1,47.49505031
38.0,12.11680916,11.14634144,5.709840443,7.123902304,84.41896516,87.49645269,0.398488128,9.695136348,1.0,5.849680939,2,0.0
33.0,9.077308883,6.035697498,0.0,4.908054959,98.92535943,78.18036132,2.0,3.263315058,1.0,5.674052913,1,5.170610322
23.0,10.32501918,8.174910315,6.593918242,6.62970904,207.5452104,88.7218624,1.233215521,9.850751545,1.0,9.25547312,2,12.69376196
30.0,2.927384072,2.195583587,6.651757056,7.942512069,27.95841146,100.0,2.023079335,5.414640866,0.0,-1.222137324,0,84.60106189
22.0,2.940794301,2.504277407,0.473878274,7.896189237,60.41113192,96.47623001,2.130564495,1.419022244,0.0,1.688998634,1,26.5811841
31.0,7.0,0.649392377,1.516319626,6.980217754,226.6631195,100.0,0.993827477,4.496945449,0.0,5.462,0,57.98262507
21.0,4.828664074,2.432857149,1.558785714,5.351293667,101.2263133,100.0,3.300055128,4.23307789,0.0,4.025551673,1,26.92883254
36.0,8.858742997,5.710896764,4.896492943,6.641675413,165.9822073,95.56946154,2.066414131,5.644914103,1.0,5.462,2,37.71159075
16.0,10.60814469,6.64079136,1.357849056,7.262026239,287.3931756,80.20708514,1.299795982,2.877837333,1.0,3.649148913,2,0.0
32.0,4.504637022,3.124938987,3.21183136,5.08932301,192.1748413,98.5060523,2.638668423,1.095332578,0.0,5.036621219,1,33.37912806
39.0,5.887675773,3.189701212,4.495612487,4.453576301,110.6904803,99.81866261,3.124568557,0.158127012,0.0,6.157743229,1,80.99462632
35.0,13.20748962,6.927020798,6.286397695,4.999779066,391.5254701,99.02513582,1.972188029,4.691571282,1.0,11.51923746,2,19.74775592
26.0,7.162665124,2.663272335,1.013962515,9.075650331,206.1092547,100.0,0.384085194,2.586566287,1.0,8.453322328,1,55.18779153
18.0,3.517731864,3.030208643,1.11991832,3.865483283,121.1318091,91.61363694,2.562885095,0.47306921,0.0,6.20027765,1,30.6506422
31.0,10.78286521,9.594786418,4.1412097370000005,6.664162964,75.8299243,87.9500594,3.696888745,9.58447823,1.0,5.462,2,6.230407631
36.0,9.972383819,3.771381605,1.842102785,8.203420825,127.4196315,88.43087346,0.934798677,1.795341113,1.0,5.676813091,2,0.0
37.0,10.36901435,5.092877609,2.283525131,4.875986076,79.91792039,88.26703013,2.685623664,3.553264901,1.0,7.968634319,2,0.0
34.0,8.239872863,4.221527826,2.882356974,8.34924321,200.0087918,96.76139344,1.574428942,2.838436838,1.0,8.246147541,1,29.33633044
22.0,2.462533743,1.652770421,2.759230234,5.893758074,43.37069636,98.58359783,2.0,4.022760385,0.0,1.146172978,0,26.76405075
38.0,4.515059997,1.767214883,1.598109266,5.494870485,166.6535091,100.0,0.609266384,4.424355535,0.0,6.333662908,1,0.0
24.0,5.199823509,2.490839821,4.02022916,7.6676529,199.4561024,100.0,1.213371371,1.062062486,0.0,7.303628493,1,30.50975716
25.0,6.208983022,2.956962232,4.1412097370000005,5.885365312,109.6123843,99.77211717,3.168494269,4.162532087,1.0,4.303889323,1,30.47927154
24.0,9.203422554,3.771381605,3.279539913,9.876717326,172.221311,92.9429367,0.0,0.0,1.0,7.673191094,2,0.0
38.0,9.571977163,3.642234463,2.530106305,8.032234593,129.14968,98.57659081,0.403565022,4.0,1.0,7.654885729,1,56.28243535
26.0,10.50047619,5.554074639,4.1412097370000005,6.402767698,331.0823515,90.46688002,0.241424426,4.864113575,1.0,5.462,2,49.89108073
23.0,8.793740854,5.071866777,4.208620595,7.107716996,285.1631623,95.00346064,1.407009256,3.352803545,1.0,11.21349163,2,27.32839907
26.0,12.62100371,5.013402633,4.1412097370000005,6.506604112,273.3670853,93.14788766,0.0,3.541288449,1.0,5.462,2,40.90118334
16.0,10.92407461,3.787117542,0.0,6.517502160499999,266.4536714,87.69704827,2.271874298,0.0,1.0,10.52861049,1,0.0
20.0,11.05537386,6.766281827,3.77207583,4.97222102,126.9114346,93.66758855,2.23042571,2.087967221,1.0,8.4693027,2,22.46365808
34.0,5.357634883,2.789840217,5.003758528,4.378867293,113.7274337,100.0,2.151279201,1.977398444,0.0,1.33938016,1,18.46210545
35.0,6.576893973,3.310776959,1.603490173,3.314548097,105.2777503,100.0,2.212715094,0.306543508,1.0,6.655613096,1,14.26305081
22.0,14.56750645,4.184499385,8.055801529,7.06863722,578.998096,99.48844569,3.470287397,7.80607924,1.0,8.183413277,1,63.70254486
28.0,8.020141222,3.771381605,0.0,7.997058095,147.4734439,100.0,1.945225691,2.582755583,1.0,9.609896889,1,15.78450742
32.0,8.055077439,6.785526738,0.386243336,5.250037538,116.5837191,77.19164569,2.463523823,3.00104279,1.0,7.468910021,2,0.0
33.0,7.290806912,6.675033202,0.781458142,4.771283549,196.22254,96.13477948,4.096522036,1.595337599,1.0,7.009865846,2,9.355176393
34.0,4.793709687,3.514498103,2.127016121,4.220437459,171.9014364,86.22924128,3.413338836,4.210768491,0.0,5.659988518,1,0.0
27.0,5.134229819,1.724306679,3.352374848,3.518195749,148.223878,95.96187162,3.086198089,1.01721849,0.0,5.060925735,0,49.17191632
29.0,5.491616396,2.598770756,5.298397318,6.961041497,165.9822073,100.0,2.659770123,4.659013479,0.0,5.462,1,75.11647613
30.0,5.203795096,1.537404396,4.072772712,10.24068782,8.099215821,97.17286452,1.368395891,1.681436894,0.0,1.711431225,0,63.39372716
27.0,4.713961699,3.046052712,2.711404141,4.924177471,275.7773794,100.0,2.531516037,1.492077667,0.0,6.783119207,1,52.26126789
38.0,7.054047849,6.093745289,6.52059042,4.426605931,181.2133157,100.0,4.250441873,7.123286739,1.0,4.804175037,2,43.10858875
37.0,9.159748838,4.985933353,6.50665151,4.42512164,101.7038718,100.0,0.916953599,7.258554693,1.0,5.039668324,2,27.77345317
30.0,2.276069006,1.510861166,0.397406013,5.678034651,40.85739648,91.56558631,4.787042998,1.910976106,0.0,-0.432664275,0,25.74078231
34.0,2.718762834,1.391902164,2.617958715,7.73798124,228.0741996,100.0,0.671128569,0.0,0.0,4.369949431,0,36.179356595
28.0,6.850504011,3.771381605,1.430444816,8.154325441,169.3854605,100.0,1.377057918,1.496749584,1.0,4.359557545,1,16.25070713
17.0,5.141734888,3.771381605,6.479061924,6.517502160499999,239.214365,100.0,1.620312047,8.335736044,0.0,5.462,1,52.21762158
39.0,7.789782734,3.298499959,3.527299484,5.38497112,50.79438322,93.62801805,3.988929991,4.498083321,1.0,5.460789515,1,15.00124123
24.0,6.523405406,3.284813072,1.125228945,4.587291407,188.5257506,99.18173297,2.873936484,2.965355794,1.0,6.747191339,1,11.27503971
37.0,8.945336211,6.945480716,6.092362146,6.792785671,112.2365957,92.97244534,0.448785237,8.926966535,1.0,3.405978153,2,10.55396448
35.0,2.650799283,0.986601297,7.158964059,5.907563611,326.0400723,96.76474162,2.0,8.353908568,0.0,5.39794961,1,75.13276625
20.0,10.13782401,5.711045904,1.847434341,6.948616297,104.481396,100.0,1.683476011,3.760686925,1.0,6.112204208,2,4.587109801
17.0,7.083885145,5.807832985,3.963888377,7.884159463,165.9822073,97.75852435,0.0,2.787822506,1.0,5.462,2,16.96757077
25.0,7.276131184,2.179140952,2.36653928,8.33795439,161.7512765,100.0,2.321664069,2.908401225,1.0,3.148920664,1,40.87266828
36.0,8.096610281,4.74712164,1.060903052,6.47880021,177.4139858,95.70178127,0.824088373,4.245414307,1.0,5.095791592,1,1.497841129
29.0,7.439630921,5.68228543,5.852816054,6.744911563,92.7988835,100.0,1.447382913,8.950280115,1.0,0.937027043,2,68.99887213
21.0,8.026097197,4.932602963,3.191910437,4.695644806,269.74134,93.54202245,2.028867709,3.778161706,1.0,6.651114073,1,0.0
27.0,12.1156477,9.666491689,3.209358481,9.096411246,228.047624,81.05254897,0.0,3.607532129,1.0,8.210524774,2,3.659937028
26.0,6.184510563,2.338861448,5.194306039,9.366936838,132.503343,100.0,0.553758592,7.598194286,1.0,2.114937823,1,89.3014436
21.0,3.510042445,3.791584511,7.292603254,5.470297626,106.0823671,100.0,1.825594443,6.574480238,0.0,3.217719901,1,82.60570031
39.0,5.995195406,2.959118621,3.077877253,9.59690802,111.7229623,100.0,1.713499426,5.31627565,0.0,7.988591348,1,45.31187115
33.0,7.871894954,5.123161834,7.304984906,6.049795758,59.28632416,100.0,0.0,4.178231244,1.0,4.581341743,1,36.179356595
24.0,9.137798455,5.057278428,3.970589656,5.847851028,151.1022177,100.0,0.899489945,3.025541107,1.0,5.462,1,26.91379179
35.0,3.555088513,2.814696302,4.719578879,6.394279491,48.48905688,100.0,1.684409099,4.049905955,0.0,1.751826334,1,70.18121855
28.0,7.786378786,4.637908547,3.572238641,6.517502160499999,75.25520279,100.0,1.342572066,2.670000463,1.0,4.193795909,1,14.23155795
26.0,12.66273021,5.362310004,4.1412097370000005,4.970248899,308.8262359,94.82949193,3.770676285,6.63538196,1.0,5.462,2,33.88346956
27.0,5.382134671,1.928213677,3.888678514,4.722565977,109.9407078,99.08862314,2.870065998,2.09454774,0.0,5.462,1,31.79785697
21.0,8.251732159,5.045987521,0.86721647,6.517502160499999,84.97192676,85.19791313,0.0,0.289506679,1.0,9.579565858,1,0.0
28.0,10.29297396,6.982966813,4.1412097370000005,8.129694223,116.5085854,91.1577608,1.095588068,2.457508904,1.0,5.462,2,11.88263288
35.0,9.113730317,7.281675819,7.606756212,7.231134321,268.5698393,99.78165023,1.565676023,9.177031206,1.0,10.52676959,2,59.68993305
16.0,7.0,5.337161069,2.767150628,5.195811997,98.8968482,97.41102259,3.157430797,0.0,0.0,5.462,2,3.390012322
26.0,8.317298593,3.150855325,2.148647579,4.394983554,53.63873111,99.58235436,4.315736444,0.438456478,1.0,4.0621934,1,19.36543204
18.0,8.832824012,3.191449582,3.974609998,4.327766239,165.3756479,100.0,2.928365048,1.572680619,1.0,7.096897119,1,40.30351404
18.0,3.017372747,1.20991399,3.370545982,7.367674919,81.64731329,100.0,2.029052454,2.992408971,0.0,5.225784061,0,58.26915013
34.0,2.811504217,2.167846438,5.925763541,5.572913283,183.9626755,98.48666553,1.9380287,6.714831421,0.0,3.869775149,1,83.31129923
29.0,8.644291915,3.007169463,7.589250349,7.27570508,208.9529256,100.0,0.925314664,9.635959753,1.0,7.049344205,1,89.69805724
24.0,9.342100948,5.680980736,4.93937746,7.540297852,212.9843336,90.01850908,1.690429474,0.805647924,1.0,9.155657698,2,33.09507907
26.0,7.67630368,6.65182105,1.7902361,8.156935551,125.3890072,97.33109262,2.702058453,4.384010262,1.0,7.831143218,2,16.74170311
28.0,6.301473648,1.935781199,4.1412097370000005,5.12064639,96.93371037,100.0,1.056429855,4.0,1.0,5.476882039,1,49.02727458
18.0,9.49917924,4.250034638,4.1412097370000005,8.062126993,21.28380322,100.0,0.692815567,8.911993502,1.0,5.462,2,44.92371972
34.0,10.73423256,6.709150141,6.056097999,8.273016925,170.2681486,100.0,2.719372373,6.361004973,1.0,5.759868404,2,36.179356595
28.0,4.418213012,3.369476007,8.015894018,6.221596022,236.9745916,100.0,3.57230095,6.291613475,0.0,1.074868236,1,61.67301798
28.0,11.43466439,10.15194211,3.861240634,4.246656179,279.8517354,63.96197542,3.360960594,3.050439951,1.0,13.80599097,2,2.718936735
25.0,5.245913759,4.831874061,3.562358824,7.32375448,19.37849171,99.57532739,0.0,3.488223317,0.0,-0.133551291,1,43.71204348
17.0,10.75261241,9.61137322,5.77159861,7.05835005,113.4232503,98.31937286,0.998231006,8.070937305,1.0,4.845600323,2,26.31470041
16.0,7.195459622,3.45076514,6.251873796,5.256232693,267.7549779,100.0,2.536056789,4.29772772,1.0,6.414212601,1,65.01151917
27.0,6.708226715,4.293804362,7.020661443,5.318977687,48.22109031,100.0,4.227699635,4.535455338,1.0,1.204559104,1,69.74052603
39.0,5.4972619,4.072091691,2.688807963,3.923324888,74.3429003,91.33720625,4.123090811,0.196052731,0.0,1.976552117,1,16.19339788
38.0,11.30442567,7.494944774,2.156174206,5.888859606,221.6855516,72.49411321,0.53730761,3.934877606,1.0,10.36624105,2,0.0
18.0,9.919266385,7.099858106,3.247765734,5.80399767,55.03579746,91.9322499,0.083584977,2.045043907,1.0,6.034476588,2,2.687736129
20.0,16.0,7.63537094,0.509461196,5.66021457,450.3622348,61.39619043,2.722174631,4.0,1.0,18.09428026,2,6.695746447
25.0,7.922414531,2.959453024,4.1412097370000005,7.835745589,208.2074507,100.0,2.097054069,2.750475075,1.0,8.557407579,1,38.06962338
31.0,5.906876091,3.986249469,1.173725792,8.307546918,334.5510987,100.0,0.049310446,3.389831903,0.0,8.458979107,1,36.179356595
19.0,1.978785163,1.336238352,0.103567295,8.795111034,242.671786,100.0,2.0,2.73413873,0.0,4.975106216,0,19.38525769
21.0,11.36692012,5.112772495,5.933713537,4.817336478,242.4185196,85.17777621,1.760847841,9.48185218,1.0,10.990103,2,36.179356595
20.0,4.701844147,2.464825382,2.106459212,4.095454606,142.6369274,100.0,1.341654709,4.150607947,0.0,3.528952506,1,21.95252505
29.0,9.799721692,5.384640544,2.9290099,8.184574739,245.9263763,99.08793094,0.002280819,2.312948054,1.0,7.857182985,2,5.432896259
31.0,10.16992409,8.782764689,0.0,6.926050215,189.6032714,72.12868794,2.354224715,3.266354446,1.0,10.73602266,2,0.0
23.0,4.884539714,1.322863157,7.791603456,3.579826234,295.8509191,99.49993443,3.55521752,3.835414833,0.0,5.462,0,36.179356595
27.0,9.474094097,3.41948095,8.000571,4.486039368,257.7188478,98.93815077,2.558539713,7.189403062,1.0,6.481119628,1,58.52638248
29.0,8.468255934,5.78097286,1.576880649,5.658159225,80.33232067,99.46812546,1.958811095,1.285601363,1.0,4.376477024,2,36.179356595
32.0,11.85658897,3.771381605,7.22716877,6.469832074,230.666175,100.0,0.0,9.184013766,1.0,10.62127441,2,36.179356595
18.0,3.633193716,1.531969122,5.180469177,7.348032492,94.44470038,100.0,0.0,2.397634602,0.0,3.323397552,1,38.13699797
29.0,12.05412569,10.02882029,5.996600703,6.517502160499999,267.9149209,79.8829096,2.149925632,9.071495365,1.0,10.05945243,2,17.83631441
31.0,2.724455017,0.979388281,6.223211762,7.410065062,191.2835107,100.0,1.015325596,5.320781954,0.0,0.988255691,0,36.179356595
26.0,5.872474361,2.569175826,7.37660135,8.578696927,79.47325391,100.0,2.013655542,9.26478655,1.0,2.794297954,1,36.179356595
25.0,7.331628114,3.119385339,3.348839593,6.13342601,120.2357466,93.00390991,3.709808411,5.289398834,1.0,4.6402874,1,17.24100606
25.0,7.238575381,4.844001131,1.599103796,7.593509005,156.4680739,98.46433975,0.097681953,4.0,1.0,4.444026806,1,29.12330478
27.0,3.678886931,2.180782736,4.172975646,7.601826576,133.857742,100.0,0.094101365,0.378324008,0.0,2.061516742,0,47.31567036
30.0,3.683184091,1.83636425,5.829274114,8.116108966,227.4252193,100.0,0.226701474,6.986753846,0.0,6.033628045,0,66.64481031
24.0,7.517256108,3.909664861,7.931607694,7.309115668,264.5272904,100.0,0.303879026,5.152710384,1.0,9.154537036,1,68.72103813
20.0,11.01836085,7.876500832,4.240671844,6.919692203,253.8102344,91.43827681,1.420014182,1.70801203,1.0,7.198366592,2,36.179356595
28.0,3.575897972,1.948042179,0.175036392,5.130771621,114.0371814,100.0,3.309352027,1.361510295,0.0,2.153644416,1,10.99905681
26.0,8.138235218,5.803421746,6.334821406,7.831685201,165.9822073,97.9907796,1.679296065,5.852308411,1.0,5.462,2,57.37440014
18.0,7.0,4.299825048,4.812978773,9.288900819,169.6340664,100.0,0.143449924,1.000371178,0.0,3.773475355,1,36.179356595
21.0,12.40421246,9.306856939,5.727537216,4.125666688,117.5291271,89.62577175,3.571174385,5.868833375,1.0,7.939931647,2,0.0
26.0,8.721818244,4.60802857,2.859795303,6.907589496,275.5150454,100.0,1.398768886,2.607730525,1.0,8.167985398,1,38.03136223
21.0,7.454723121,4.297271661,7.615629536,4.529713815,70.08602585,96.8785671,3.420062526,8.519914031,1.0,3.998382252,1,79.52529322
29.0,12.39560603,4.039504055,5.669434719,6.664623607,64.23014103,100.0,1.673721514,8.084999566,1.0,3.03411281,1,46.11839418
20.0,4.265567953,4.12970306,0.0,6.776004771,173.1121797,96.99181529,0.651992549,1.448127107,0.0,6.693686799,1,0.0
31.0,4.6413113,3.552792702,1.132536548,7.695560707,268.9611601,90.89116879,0.0,4.476293679,0.0,3.161643285,1,10.6591918
23.0,11.20195408,8.481483173,6.390102445,6.073142541,202.7179694,83.04619908,3.457457843,11.09781046,1.0,9.58895666,2,14.92750966
31.0,4.663914537,3.771381605,4.33543308,6.381632584,165.9822073,100.0,1.479951045,1.281651536,0.0,4.106685661,1,64.92369989
35.0,8.247576182,4.921517987,3.982378672,8.282973953,60.0980655,100.0,0.0,2.565978073,1.0,5.013500698,1,16.08616156
21.0,10.96844907,7.007453856,3.348804154,6.376538337,82.95948132,86.25056537,1.983124663,5.255533615,1.0,6.613014423,2,8.159187464
39.0,7.330897669,3.771381605,1.283795182,6.016890359,107.0540283,100.0,3.068818783,3.564420044,1.0,2.009697048,1,11.61859118
34.0,10.88967828,7.712218313,0.941229132,5.286992146,165.9822073,76.15866213,2.146635115,2.74715146,1.0,5.462,2,0.0
24.0,2.012035947,2.30581592,1.551075654,7.084089764,12.08171877,98.63427717,0.19148248,5.16168943,0.0,1.45130164,0,33.84001095
36.0,6.129889196,1.244777148,1.860885385,6.629516465,151.1227539,98.05891064,2.29306676,2.028440199,1.0,7.041791251,1,20.23195316
38.0,6.145014668,3.771381605,6.546155529,4.263540088,100.3672124,100.0,3.294695643,4.17103394,1.0,1.517571562,1,49.61585011
31.0,3.509949582,3.092050151,2.105801775,6.596687436,223.4714318,94.8416254,0.408825128,4.0,0.0,6.07421382,0,28.92717107
22.0,8.5315703,3.696831235,1.402399442,6.800287901,190.7613777,85.70698444,0.0,3.137089696,1.0,5.040496958,2,36.179356595
36.0,1.562710739,0.721248386,5.331813592,3.448191593,14.22512521,94.83170434,2.219934751,8.764734827,0.0,-0.235232817,0,79.31844842
39.0,10.33646341,5.840526484,6.525498857,5.948507943,179.936394,99.06137357,3.983176864,10.43199711,1.0,4.930179626,2,44.11904795
33.0,9.851277924,5.607614115,3.43917214,6.335897355,253.2601149,84.21914703,1.969696865,1.13706108,1.0,18.97356008,2,37.17948596
37.0,6.690270635,1.870807465,6.314095071,6.707099189,157.7901921,100.0,1.062247986,9.046742135,1.0,5.817028737,1,100.0
39.0,7.0,1.975879549,4.669297631,7.429510568,252.5462859,97.817205,0.0,3.281296494,0.0,5.462,0,54.33352022
34.0,5.498058997,1.823715047,4.1412097370000005,8.158352323,220.227339,100.0,2.0,6.284135572,0.0,5.462,0,74.53595226
21.0,19.15957861,6.074546393,1.611609554,8.142039531,406.8102202,89.85450973,0.178195008,0.1423027,1.0,9.912026006,2,0.0
37.0,7.41463754,3.713907419,2.355668928,4.983378567,181.0486092,100.0,2.699427983,0.310815213,1.0,8.432276273,1,17.84512664
15.0,17.1587058,8.677392118,7.372173396,6.662205551,229.3895511,98.57011142,2.111019633,9.122098078,1.0,4.190967823,2,34.46126325
33.0,5.831371765,3.418139336,3.129198421,7.39750903,72.99165656,91.08085791,0.640364707,2.696730177,0.0,2.091598459,1,26.34437985
35.0,6.851118939,4.796883156,0.951997514,6.848807363,247.2486617,83.80404303,0.0,2.694265068,1.0,10.0299405,2,0.0
18.0,2.596229707,2.2063714,5.93010302,6.051256544,337.3907944,98.6227024,0.081843454,3.755538496,0.0,5.830795981,0,59.97565965
16.0,10.62929241,7.77878666,3.643413412,5.026181436,281.1430452,74.95740014,4.193786879,1.989543585,1.0,8.349158972,2,8.070064062
27.0,4.839467719,1.711323507,6.620313437,4.402228543,76.31862605,100.0,4.475919322,4.0,0.0,0.698066187,0,71.0133596
37.0,9.555195726,5.001102297,7.555591553,4.739894306,203.8499223,95.72587626,2.465867733,7.062529213,1.0,4.142971875,2,44.55841083
31.0,2.605951277,1.444043852,1.175256389,6.856736315,241.0669311,100.0,0.153158159,0.0,0.0,1.853047433,0,31.88761502
27.0,4.932397379,2.856394962,0.640658082,2.479397741,165.9822073,93.56349098,3.895468792,1.09276903,0.0,5.462,0,10.72732967
19.0,3.519718246,1.789966921,1.050931535,7.253117003,62.0707511,100.0,1.430960521,3.022522303,0.0,2.777401692,0,65.04859837
26.0,8.327042298,3.620817426,5.384505872,5.727049727,47.99390302,98.20320625,3.519646147,1.753711007,1.0,4.851280118,1,36.179356595
32.0,3.847380884,0.607938286,5.052634462,9.03855909,75.59069189,100.0,0.640272414,4.0,0.0,6.957583642,0,66.32694862
38.0,5.635930675,4.980517612,6.657824733,7.500952956,65.73613286,97.00751215,2.619280819,6.168043036,0.0,2.052570286,2,37.16763848
27.0,8.378676504,5.8558834,0.974184143,9.116228383,187.2428501,92.4234351,1.151318178,2.710274312,1.0,5.082019598,2,9.243211581
18.0,3.414701411,0.219024365,1.395963861,4.522090639,206.4014519,100.0,2.681186412,2.358654452,0.0,5.462,0,8.996958155
29.0,8.546113968,6.89967046,2.517748403,4.246271047,174.0538342,97.11640508,1.697922298,4.751850378,1.0,8.404671091,2,0.0
20.0,7.0,1.676839721,4.1412097370000005,7.776187113,189.4967395,99.02637004,0.019048443,2.226553802,0.0,5.462,1,86.63344337
24.0,3.972105358,3.216650781,4.896690304,8.399155724,102.1630308,100.0,1.697750726,7.104786689,0.0,4.426544038,1,91.66511348
24.0,12.29766641,4.550316299,0.428010671,8.575834903,618.5742511194022,92.34585864,1.437797819,2.976626216,1.0,10.87472682,1,0.0
18.0,3.042301922,2.925873234,2.020188016,3.940781763,165.9822073,92.17697389,2.575321408,3.461747577,0.0,3.618530266,1,21.06500503
15.0,4.690780653,2.68948632,5.635069644,4.872656874,29.73250148,100.0,3.37590283,5.344139463,0.0,2.723142474,1,63.94404247
29.0,9.572008084,5.814026389,6.48730245,6.350917659,190.7173871,100.0,3.807941068,8.872169725,1.0,4.284519228,2,18.83305977
32.0,6.640569929,3.731838163,2.226906073,5.425533339,262.3236621,98.91232468,2.0,0.292806273,1.0,3.882346812,1,11.65647612
27.0,10.27948183,4.990903788,2.298969075,5.607552864,198.1438008,90.2714495,4.351705855,1.017348956,1.0,12.59943151,2,12.40096118
19.0,8.342608997,4.956382339,6.697506842,4.313797253,114.5928076,100.0,4.222645822,7.34606999,1.0,4.359868523,2,41.91830373
17.0,8.207163768,2.935332506,0.682434383,7.84846484,165.9822073,98.03902562,2.353344952,1.772359786,1.0,5.462,1,7.849734954
31.0,10.88737819,6.547125996,2.096574772,5.0330765,84.77916909,77.22455842,2.36303684,1.188888875,1.0,0.906808951,1,0.0
31.0,10.35593787,4.487420298,6.880126236,5.116263367,276.1240608,98.78216942,1.869074638,7.975799433,1.0,11.72621045,1,61.84820826
24.0,5.372810587,3.694839951,4.345975236,5.213741541,99.71760307,94.51985036,2.043614784,3.192319518,0.0,5.688695736,1,47.47959999
15.0,3.054326212,1.797346204,0.0,3.587169211,131.5504896,88.69327114,2.617650817,2.921608993,0.0,1.026962202,1,11.10113665
23.0,5.602773447,4.3075115,4.83631964,6.054761451,260.5156267,97.16689663,1.721119384,4.0,0.0,5.926189807,1,57.20767903
38.0,5.461226196,1.107470184,3.832834182,7.579632491,86.06051694,100.0,2.252088699,0.488903521,0.0,3.83442889,0,63.38148904
31.0,11.0116855,9.497715137,5.537771188,6.160422375,165.9822073,97.31367286,1.263855879,9.435057773,1.0,1.946869817,1,23.71413243
29.0,6.356518761,2.371744689,6.321747049,5.897511393,157.7301889,100.0,1.197832835,7.413575718,1.0,5.413853474,1,61.05291848
18.0,7.0,3.299493384,0.675185227,6.624358785,245.3113215,95.31331777,0.170244541,0.796880822,0.0,5.462,1,25.72597287
16.0,8.700185945,5.574901943,4.07559458,6.746530051,179.6347601,95.76762757,2.331809109,4.0,1.0,7.368516114,2,25.67434276
37.0,7.0,4.458135664,2.200097304,5.872781238,182.1383221,96.7923493,1.645833896,1.136917883,0.0,2.696831824,1,17.48884859
27.0,3.421354931,1.580678618,4.1412097370000005,4.611132497,140.2989919,96.06765739,2.58485172,2.290364249,0.0,1.40846466,0,50.93287153
18.0,8.901987601,6.629913399,2.913310744,6.877097667,212.472352,96.47531864,2.0,3.018777233,1.0,7.578853088,2,14.81809538
16.0,7.419623132,3.225262352,7.812139099,7.873286546,142.9035709,100.0,0.0,6.641451366,1.0,3.725098988,1,100.0
22.0,5.953919508,2.807571834,0.400662233,6.142666258,217.9197122,100.0,2.001250682,6.210634286,0.0,6.756639883,1,23.93531743
25.0,10.76513865,8.842127611,4.65563565,6.577497586,306.7451672,77.42210446,0.980656743,6.210253156,1.0,9.591478061,2,8.095218547
37.0,6.505875886,4.908961063,6.207276721,3.244343231,196.8008744,96.60542555,2.442184412,9.555994938,1.0,1.718747738,2,35.08704564
30.0,6.335158398,5.174224844,5.644585389,5.270912523,220.7834428,99.0890388,2.49372492,4.0,1.0,7.501181876,2,6.636910294
38.0,8.00053329,5.216849547,0.843626273,5.584065886,0.0,88.84575485,2.326653469,1.529102588,1.0,5.001689721,1,36.179356595
20.0,6.088960347,3.341213347,4.679747265,4.395278254,275.1879592,98.04767228,3.137139502,0.721309306,1.0,8.189062605,1,3.581173161
20.0,3.799408267,1.584802816,5.973428675,5.675452011,310.025477,96.69639029,1.312293315,3.095141071,0.0,4.167727454,0,36.179356595
36.0,8.073621427,4.84409242,6.158770149,8.018573725,298.7601993,99.14819052,0.600851938,7.944091432,1.0,7.596163056,2,56.36655995
37.0,1.918379268,1.956823149,4.999225238,5.887158171,139.3412515,97.68307667,1.29402968,4.29854047,0.0,1.03210501,0,74.10741053
38.0,9.275420274,3.771381605,4.326603269,5.341461795,140.3380492,82.18265944,3.575665397,1.242303444,1.0,4.111263662,2,1.124452534
38.0,7.583957819,2.600955535,6.722056586,7.829213999,192.8671472,98.15071146,2.0,3.81849214,1.0,8.718556568,1,73.78707443
33.0,4.824233102,1.907407962,3.206442859,7.630806085,111.4349994,100.0,2.586602088,1.301657787,0.0,3.637866421,1,49.45065381
29.0,6.337788008,2.181563545,5.483899793,6.073813192,136.823529,100.0,1.675328959,9.446812628,1.0,0.939035623,1,56.80302126
27.0,7.298772899,4.869915153,4.1412097370000005,7.004754074,234.383967,100.0,0.97474556,5.85239912,1.0,5.462,1,22.21677519
29.0,8.007573769,3.791285875,3.885940767,9.136918263,211.958979,100.0,0.0,1.028820608,1.0,2.908665736,1,45.95834385
22.0,2.817115498,2.615077058,7.715785563,9.375524414,165.9822073,100.0,0.014734577,9.109458197,0.0,5.462,1,85.53136545
16.0,6.998269571,4.913206271,4.1412097370000005,5.206245289,200.8325218,96.94902812,4.628006929,6.006934398,1.0,5.462,2,23.09634232
30.0,11.52475337,9.85565016,4.400507174,5.365854776,232.4811924,89.12916994,4.063538102,1.63850492,1.0,8.008007818,2,0.0
33.0,10.66134178,6.236517257,4.208111986,4.886049934,208.1126704,99.75056973,3.785524483,3.942756744,1.0,6.351511407,2,0.0
34.0,7.028233999,3.559073113,0.80059129,6.517502160499999,45.39250068,100.0,1.980345982,2.442315308,1.0,5.30664184,1,8.161291551
34.0,3.208839258,1.489745582,5.68221003,7.848469775,270.6383722,100.0,1.519624665,12.29157306,0.0,5.146490867,0,92.1845503
30.0,8.086450972,3.784474734,7.807287271,6.517502160499999,25.2877665,97.8980216,1.403364758,8.899610245,1.0,-1.676599032,1,87.95077496
25.0,7.182596177,5.295078267,2.10809215,5.110837454,165.9822073,100.0,4.722050818,2.452627035,1.0,5.462,2,0.175187527
28.0,2.704616564,1.657873953,2.91871181,5.329416194,231.519109,100.0,2.982625765,3.420298312,0.0,3.227417308,0,30.33940072
32.0,6.618330235,3.758068692,1.228707435,4.353655982,308.5798159,98.00887246,2.0,2.308030469,1.0,6.475790199,1,0.0
28.0,7.973346273,5.462563901,4.1412097370000005,7.602921293,100.801601,99.38044607,1.349277697,2.069536911,1.0,5.462,1,54.98629368
24.0,5.558909612,3.544025131,0.494168196,4.722572975,207.6127938,89.82231,3.515360083,2.78158138,0.0,8.902625637,1,6.840413531
18.0,13.34494616,4.263052336,4.705156188,6.517502160499999,18.7858241,100.0,0.0,7.699959597,1.0,4.795625191,1,43.52100573
22.0,8.045242553,4.348068708,3.371010961,5.225140854,208.8110659,92.36186599,2.716946913,4.0,1.0,4.682567547,1,12.63009598
30.0,4.318237309,2.665754283,7.499800526,4.482408397,21.16774165,96.07173304,2.653772245,3.991605665,0.0,-1.486908952,1,63.16135816
38.0,3.298544462,2.336612173,6.917016156,6.674166414,64.1791766,96.89498593,3.140568056,5.444887767,0.0,-0.017246818,0,99.12540643
19.0,3.431086336,3.110912858,7.001080788,6.517502160499999,213.325485,96.12266121,4.99147013,4.769501283,0.0,6.314128144,1,34.58781954
27.0,2.524179417,3.771381605,1.615286556,8.230331523,302.2384083,98.42622835,0.447293912,4.0,0.0,9.412258338,0,24.64940508
27.0,4.601706551,3.27253602,4.915247631,8.049152327,70.14171345,100.0,0.0,5.932117345,0.0,2.561071514,1,36.179356595
27.0,4.606055708,2.434951441,0.494480788,5.585766441,220.7655781,85.41664585,4.463786177,0.682467745,0.0,7.87023208,1,25.00356507
15.0,3.007631351,3.771381605,5.772474997,7.059081576,160.4136318,100.0,0.326368512,9.931414835,0.0,2.561616078,0,81.17484801
29.0,11.68808085,9.540336457,3.93220119,6.517502160499999,165.9822073,90.29235656,2.746396101,3.645593869,1.0,5.462,2,0.0
20.0,8.54993456,3.432264619,5.090411062,7.897342631,160.3985941,99.13178523,0.0,8.026880566,1.0,2.954618848,1,66.01716011
22.0,12.15985933,9.535393354,2.58969912,7.073616518,235.69491,70.94029629,2.434124612,1.040153656,1.0,10.66275373,2,2.67569995
30.0,12.05489762,4.028002393,4.134836861,7.421946982,248.604937,100.0,0.560944467,4.25302747,1.0,11.55984354,1,46.64376311
38.0,2.163817517,3.771381605,4.1412097370000005,6.327545839,60.46527236,95.88598392,1.373898098,1.906889485,0.0,5.462,0,51.33605172
29.0,4.118556908,2.800832611,0.534764419,5.167637813,63.01273102,100.0,1.9777284,4.491697308,0.0,5.534148649,1,3.482226632
19.0,9.188325116,4.569913388,4.030471467,8.873546067,1.207723331,100.0,1.140370802,3.959911625,1.0,2.639303346,1,50.03571038
29.0,10.94740578,8.368007172,7.744151528,7.267139677,117.2851343,99.93503051,0.268436217,6.672522477,1.0,5.663655987,2,36.179356595
15.0,2.971447027,1.594455006,2.008471311,6.517502160499999,158.6589915,99.37907705,2.811603412,0.028502774,0.0,3.614220355,0,40.44072699
27.0,14.31285001,6.863070071,5.102602394,4.353227382,473.8214643,86.66258144,2.082760044,4.433113702,1.0,10.8382187,1,27.54810813
38.0,2.288925017,0.475439348,5.475585211,4.284183437,303.68686,100.0,2.939688926,11.32990707,0.0,6.560864256,0,71.4846897
38.0,9.380088958,6.697536981,3.018028619,5.183123899,133.7118121,89.25575648,2.307338198,0.251469193,1.0,6.34213622,2,0.0
16.0,10.8531853,9.563305705,0.150418847,6.517502160499999,275.7710363,54.77942549,3.154935293,4.0,1.0,11.05009427,2,0.0
19.0,4.383320855,3.931892481,1.721387161,8.834121727,305.9240171,97.87823318,1.959231834,0.157772512,0.0,5.415932269,1,8.200744927
20.0,2.58982436,1.836094657,4.536218469,5.83437327,45.91542325,99.84589663,0.0,0.972034535,0.0,-3.614530407,1,52.93987231
27.0,6.809888285,3.929841013,1.634440304,4.475018049,118.1198726,100.0,3.419928439,3.095351287,1.0,4.214035899,1,14.76675552
27.0,7.143476391,5.821163723,2.538148243,7.914378277,145.4645,100.0,1.230857605,1.896224446,1.0,5.331560036,1,42.28034332
24.0,5.274797658,4.433084981,6.481614488,6.240474784,230.2544226,97.53653487,0.742137792,7.252195535,0.0,6.360538227,1,57.45466903
16.0,9.563574006,5.513721982,0.0,4.382180992,62.17776458,81.42941471,2.815565155,4.648222386,1.0,5.699120306,2,0.322364842
35.0,1.267189795,2.036117338,3.369780489,7.754635294,110.1777739,97.05404476,0.0,2.399680437,0.0,0.887792917,0,56.7582615
38.0,16.0,8.986161159,7.357995538,4.51054986,434.5813427,100.0,2.969479332,8.763991063,1.0,8.589100037,2,23.06634543
25.0,4.885428185,2.984212664,7.437523403,6.24892752,280.0357045,97.75580906,0.464863106,8.313271458,0.0,6.866545404,1,71.58700584
38.0,7.041937589,1.550804045,6.84948789,4.545435581,166.1354009,100.0,3.74570714,5.624663057,1.0,5.210871908,1,64.36377066
16.0,9.430635232,7.119092441,5.506851318,6.720350881,232.2291345,95.18334936,2.7498237,7.418170918,1.0,9.335526144,2,14.9250333
20.0,9.116025017,7.9355413,7.115364422,9.230404354,50.61101529,98.39500608,1.420624161,4.554739987,1.0,3.490148229,2,83.51896363
21.0,2.233402687,1.604875372,6.828200465,5.075607038,67.40089757,100.0,3.211407968,9.574356718,0.0,2.709984217,0,69.07987171
34.0,8.491741538,5.987997754,7.53637972,8.676215631,214.5228117,100.0,0.40131265,8.639969745,1.0,5.174347361,2,54.51117651
31.0,11.00346138,5.266124041,0.315582797,7.705787803,315.3298838,82.60569565,0.191825725,4.0,1.0,11.6325374,2,7.695401969
15.0,8.040844453,6.121171527,0.402826724,7.706618048,159.9302459,84.52487023,1.621002805,2.650479236,1.0,7.57919488,2,2.505630149
37.0,7.163547219,3.844935959,5.703844956,5.989455813,56.5682347,99.69294113,2.315107656,6.479179817,1.0,4.321757727,1,45.22589207
15.0,7.481719735,4.45259572,4.955893011,4.264816145,260.509248,90.17283181,2.541680284,7.641663304,1.0,8.29710001,1,54.07362292
17.0,7.839298064,3.15274886,0.50729207,6.215527013,138.1684802,85.57388951,2.311289617,3.719180192,1.0,7.486008521,1,22.8216308
24.0,1.513478649,1.7284473,3.367590526,6.517502160499999,274.6872443,95.86275274,1.793874048,2.596137049,0.0,5.777814016,0,72.81779338
20.0,2.952704031,1.287442655,4.1412097370000005,3.556674399,17.49857772,98.90587474,2.226290994,4.0,0.0,5.462,0,90.22331687
23.0,8.363358543,6.984207625,6.490216772,8.076278393,0.0,100.0,1.197075244,9.995246864,1.0,4.037140427,2,23.12791972
38.0,16.0,8.432925532,7.562453206,4.454564808,444.9750427,85.23613808,4.547816138,9.839006503,1.0,11.28214234,2,17.92442802
37.0,6.689586578,5.147953525,1.288102981,7.427416209,64.45695467,98.33095456,2.062200792,3.289589832,1.0,2.989190913,1,20.45956003
28.0,18.3402205,7.057034136,5.598929998,5.8683375,325.2378337,82.16799622,2.935629537,10.35451347,1.0,10.87239868,2,36.179356595
26.0,6.076681995,1.46739758,5.465172994,8.035553321,141.9345099,98.81447104,0.312613205,9.292392002,1.0,2.892307918,1,78.13145016
29.0,8.436481251,3.728940994,7.289885348,7.859557262,263.762585,100.0,2.906739547,6.979039655,1.0,7.1502215,1,81.46179921
39.0,2.456135342,0.927017434,5.406206365,8.669407315,214.7954729,100.0,2.401573314,3.669866278,0.0,6.677720387,0,95.07465452
31.0,3.583980907,1.142680939,2.488670381,7.288070933,235.6498706,93.33880934,0.0,3.15401395,0.0,5.506191352,0,31.93647253
39.0,2.610309942,3.771381605,1.355975358,6.517502160499999,138.0512071,100.0,1.570628872,3.128374917,0.0,1.991621847,1,16.50089174
38.0,7.627754224,5.832204367,1.34514648,8.051846255,277.6091178,87.79654502,1.45062526,1.495790594,1.0,11.3592366,1,0.0
20.0,6.21487802,4.202299918,4.123410594,5.151667554,165.9822073,100.0,1.759896407,3.070143965,1.0,5.462,1,38.2965522
16.0,8.448522238,7.307846691,3.12883792,6.246239554,87.2477195,93.46663001,0.864212806,2.824675188,1.0,4.588474436,2,5.216387223
30.0,7.0,4.88833267,4.385685229,7.473907108,154.3190371,97.73462177,3.114754408,1.963233322,0.0,5.462,2,27.78944121
15.0,7.0,2.092584533,8.494928389,6.426619684,199.899218,100.0,1.6458529,4.965019153,0.0,2.824935272,1,36.179356595
35.0,2.40536398,2.720450411,4.965703668,5.161278124,170.4831182,96.23787141,2.380498398,9.547881265,0.0,4.488574049,0,38.34138751
29.0,3.346197507,1.285756961,5.537384273,7.973960724,281.1662332,100.0,0.78329059,5.877823902,0.0,4.773503586,1,88.79803952
20.0,9.095487281,3.771381605,5.938657684,8.894191134,256.7844345,99.27244969,1.748649649,7.302503537,1.0,5.339134638,1,42.06937756
27.0,8.124017482,3.771381605,0.256235279,6.231782367,88.07229201,100.0,0.921652973,1.677088124,1.0,4.785661819,1,7.455439284
32.0,10.76386333,7.940053061,4.1412097370000005,6.41981727,99.79087215,97.03289715,0.0,4.527890707,1.0,5.462,2,26.25016852
24.0,2.564231581,1.421396686,5.500660601,6.320203152,165.9822073,100.0,2.445458123,4.999146951,0.0,-0.31191712,0,34.17660025
35.0,7.0,4.905266825,6.957773121,4.512867298,221.9763875,100.0,3.832702764,6.885097932,1.0,5.307935067,1,76.65651816
20.0,7.0,2.298409852,2.53286164,9.671893574,165.9822073,97.08442939,2.491532258,3.218295497,0.0,5.462,1,27.90041947
27.0,4.560854092,3.015789683,2.014709169,6.517502160499999,120.3333771,100.0,2.261873163,0.596446223,0.0,4.687386602,1,52.51643669
32.0,1.586684128,1.045506214,5.810478729,5.962774881,165.9822073,100.0,1.902673287,4.135800167,0.0,5.462,0,85.20550673
18.0,2.135221292,0.75377983,5.024221862,5.626776507,142.8180669,99.10977782,3.109385979,6.139695826,0.0,2.559693393,0,78.54913124
35.0,8.135679425,3.825953218,5.386508183,5.414644604,165.9822073,100.0,0.0,9.003717874,1.0,6.795859863,1,54.50700315
20.0,2.910660901,1.850507568,0.356317323,9.663102987,321.9263492,98.71093498,2.56897059,4.208950931,0.0,10.17591198,1,15.95983554
27.0,6.066999764,5.00896711,6.466881317,4.713635575,157.5772609,99.65111589,1.904758879,4.976940599,1.0,3.932955796,1,36.179356595
15.0,7.0,4.944897353,4.1412097370000005,5.82061919,82.92655141,89.46053741,0.89497815,2.386259042,0.0,5.462,2,10.8942124
35.0,2.469401404,1.674778974,5.115955792,9.320909209,160.8532265,100.0,0.838214374,7.192378682,0.0,6.64297359,0,36.179356595
38.0,4.741342949,1.539003499,4.017341114,6.920387689,83.66255953,100.0,1.906229702,4.0,0.0,0.701085498,0,62.76144651
39.0,8.007694994,2.584987987,2.72234634,5.36602632,270.4072291,100.0,0.91396291,2.985984847,1.0,10.19065667,1,33.85122977
36.0,9.229722436,3.812653149,8.223449491,4.147784712,140.0672574,98.09138188,2.603813951,7.58807682,1.0,5.076952411,1,52.7437317
37.0,4.014324236,2.383778492,3.408173303,6.261523628,145.3306078,97.95401313,2.375462211,3.326121878,0.0,2.88960717,1,6.923653355
31.0,7.92884666,4.922093917,4.1412097370000005,5.707207249,140.6159414,100.0,2.442253689,0.465068305,1.0,5.462,1,6.442196431
15.0,1.802525569,1.929923223,2.654220973,6.067170558,152.7003866,100.0,1.816508654,0.946914516,0.0,5.87570824,1,21.63229834
29.0,4.677921768,3.771381605,4.436238689,5.148499447,234.9963874,100.0,3.811470689,0.746792072,0.0,6.638629422,1,47.53488241
33.0,11.8117233,4.567002238,7.892821576,6.235790242,243.5785806,100.0,1.369587042,8.43024845,1.0,9.611816814,1,36.179356595
28.0,7.225904586,2.271821473,1.82058828,4.1535686,236.2043197,99.66592241,2.152617401,5.257613355,1.0,9.570408752,1,0.0
26.0,5.755559302,2.085620712,1.965869697,4.244886666,93.57443518,100.0,4.826751637,1.094036138,0.0,4.84331555,1,43.81197055
27.0,4.129350892,2.78722403,2.398786933,5.309346099,111.2652391,98.91787864,0.827170279,0.907115317,0.0,1.448365991,1,39.09983806
25.0,4.045587313,3.122866519,6.175814082,7.114683967,175.2035568,100.0,0.640510527,9.250953333,0.0,0.530687471,0,71.55967588
19.0,3.181278759,3.03955933,5.012499489,8.432646751,44.59481384,100.0,3.19471506,1.006256016,0.0,4.058072221,1,67.49187326
26.0,2.145503949,1.536547053,4.1581683,6.517502160499999,194.2277074,96.7453653,0.0,1.918106982,0.0,4.125885194,0,71.70497993
32.0,11.77024001,3.771381605,4.894713059,7.8845833,280.8002447,86.12174566,0.390436181,5.304785207,1.0,10.19123797,2,0.0
35.0,9.735290395,5.120373762,5.723664693,5.051305471,245.1289783,92.71606952,3.182892214,7.788506789,1.0,11.66228333,2,30.25044039
19.0,10.47469762,4.531160131,5.910119676,6.517502160499999,0.0,99.41789495,0.354239336,3.92131735,1.0,1.335595288,2,59.31471999
33.0,2.921386164,2.150354469,5.545951915,5.643190498,113.9595425,94.68121253,4.20024989,10.1835007,0.0,-2.970873941,1,64.30178322
35.0,8.526356203,3.180717928,2.445019614,4.055135835,167.7422664,82.57951727,3.845521525,2.824883399,1.0,3.261404692,1,36.179356595
32.0,6.910864567,2.751697238,6.048812912,5.318627826,69.2874305,98.90659834,2.620795276,7.715729555,1.0,1.964747425,1,67.47358029
15.0,7.0,6.75282832,5.604604871,6.214644243,231.8455878,95.60622547,1.491562964,6.468849918,0.0,5.462,2,47.32105832
22.0,4.052298789,2.110207249,2.770296236,7.038405263,24.62784793,98.96872954,1.348329526,4.01489168,0.0,4.470904097,0,41.60093657
22.0,10.83258586,4.020868008,4.889294271,4.30026336,142.8439882,100.0,2.466078717,5.356254582,1.0,8.492818144,1,43.86168666
17.0,6.245960676,3.771381605,6.697460577,6.517502160499999,291.7458151,98.25713103,4.609236203,4.860201437,1.0,1.825123122,1,59.96580363
16.0,7.0,4.797194847,6.186667064,6.517502160499999,195.0740486,100.0,5.082001909,8.248997776,1.0,11.80460647,1,60.13279577
18.0,9.302598003,6.053754655,2.736810305,6.842760062,232.1996837,86.96014413,1.119096162,3.627294678,1.0,7.653180585,2,19.39460667
27.0,11.56840338,8.630114025,5.356004439,5.108982186,159.2326598,85.90630185,2.0,6.220729492,1.0,9.8176617,2,0.0
23.0,7.0,3.83156757,5.619192295,4.335122925,107.219921,100.0,1.70463438,3.03253982,0.0,5.462,1,70.15696514
16.0,7.195239726,4.508245676,5.836945028,6.337324767,170.3242951,95.73119723,0.599311908,6.260177174,1.0,5.263715191,1,60.72263545
23.0,8.189275558,6.077091112,4.246579696,6.517502160499999,298.6324373,91.86434111,1.453683896,2.083192675,1.0,8.319210312,2,34.48167337
26.0,6.113280725,2.104805673,0.586152785,6.389688821,447.6506332,95.2984892,2.0,0.288921178,0.0,4.449790014,1,2.596703704
38.0,8.428237579,2.89141367,1.224382622,6.8516489,298.2842482,100.0,0.247149928,4.0,1.0,7.236759522,1,29.0959024
28.0,5.029088037,3.14016576,2.021078128,9.74695111,259.7811089,100.0,2.158262791,2.858873138,0.0,6.771367873,1,44.59399196
19.0,9.472009332,4.626128792,6.672095734,7.192981144,138.0493865,99.85086462,0.130097147,4.624418263,1.0,-0.470708447,1,96.34774666
26.0,7.0,10.24615767,0.558566339,5.617950223,322.303633,47.00515539,5.366710871,1.320066707,0.0,5.462,2,2.394704684
20.0,2.609366714,1.56041326,4.837184208,5.073678367,274.3391699,100.0,2.32387511,4.656408854,0.0,5.53421132,1,67.3987994
31.0,7.0,0.839017331,0.852801449,4.490052036,165.9822073,100.0,2.268453444,1.844151555,0.0,5.462,1,15.92662656
19.0,8.271719561,2.578565938,0.581161332,6.399172995,285.01039,84.15326752,0.188241912,2.703545402,1.0,8.790489882,1,17.42060359
25.0,5.29559043,4.83621108,2.193104741,6.758900572,147.5394324,96.32320959,0.409551237,1.694152434,0.0,3.759613638,1,17.21936862
34.0,3.256921826,3.455129229,5.996563603,5.832065358,197.7387177,99.82301441,2.480993327,4.361452466,0.0,4.966004607,1,96.00267666
29.0,12.30855141,5.773670473,3.328846686,4.633021654,133.5405228,95.15079531,2.918485997,0.212590038,1.0,7.307870586,1,5.425631001
17.0,6.881081636,3.071235876,3.050450893,4.928441412,123.0990791,100.0,2.0,3.679820199,1.0,5.462,1,13.42758549
33.0,7.26603935,3.083682599,2.115788174,6.517502160499999,211.1718344,98.84831598,0.246773914,4.0,1.0,5.462,1,13.11794462
27.0,10.42686494,4.270208079,4.669909462,6.517502160499999,159.685842,100.0,2.859935907,10.19086139,1.0,9.204477223,1,39.67179799
34.0,5.50522599,3.415712258,3.498631267,6.967194028,29.37345625,100.0,0.286193854,6.075871977,0.0,5.019330663,1,43.28149346
19.0,3.933389589,2.896480888,0.977413697,5.959602466,165.9822073,100.0,0.445175749,3.141067021,0.0,6.342183484,1,0.0
29.0,6.445699118,5.434287361,3.590506522,5.995790787,85.03366194,97.56644622,1.858888401,3.469179958,1.0,2.74827044,1,29.59184469
39.0,4.856236985,2.79975144,0.834350312,7.230226394,69.55237141,100.0,0.129071565,4.121461618,0.0,5.848614221,0,36.179356595
35.0,10.0161258,7.14914035,7.250641676,5.484377084,83.76122733,99.55781328,3.709944205,9.510754439,1.0,5.903296088,2,37.77465836
35.0,5.758816342,4.744568127,4.722079847,5.675435764,63.61202925,100.0,2.919782635,0.0,0.0,1.499568976,1,43.41658276
26.0,2.419720994,0.922516511,5.275614016,3.795267217,80.8793526,100.0,4.610492191,4.734526205,0.0,0.262937906,1,42.32133246
35.0,6.579959368,4.503216948,6.116693637,6.191461775,59.36039659,96.31321261,0.833414244,7.172929792,1.0,5.462,1,69.8962795
29.0,7.0,0.808153405,4.535729859,5.603159115,73.83503636,99.40852398,0.237574647,2.205797196,0.0,5.462,0,50.00654564
21.0,2.79835585,1.035417801,6.130123032,7.563791044,323.2280298,100.0,0.693206569,4.978248657,0.0,5.462,0,64.68348262
35.0,10.33557052,3.771381605,4.735862389,3.833040796,139.624332,100.0,1.046927305,5.178200652,1.0,6.528215076,2,29.55727882
20.0,5.796083229,2.957144236,4.648177592,5.527881896,98.19327026,99.82112378,5.102994555,2.262501599,0.0,3.149151258,1,46.94282893
16.0,9.767588087,6.933437587,4.098859939,7.43142587,204.8245351,100.0,2.522467712,9.536745445,1.0,7.043931486,2,13.3940313
29.0,11.43875379,8.308766575,5.31744398,7.607907946,126.1282446,85.98500693,2.0,7.01529215,1.0,4.318869611,2,36.29323482
34.0,7.383345452,4.793543595,7.101938153,6.532860984,213.3164813,99.36780047,0.961279143,7.353340984,1.0,7.417870539,1,61.248339
38.0,5.50387155,2.237794479,4.050013061,7.032350601,256.5859256,97.16597647,1.829924557,0.0,0.0,4.633829111,1,36.179356595
27.0,4.803493073,2.57940043,3.424790135,5.696625479,128.7155487,100.0,2.546436633,1.55004826,0.0,4.08387109,1,27.28172793
22.0,7.495830563,4.339431911,1.063755402,5.785174512,167.1103769,83.44216616,0.62176639,2.034273815,1.0,5.953291262,1,14.85193507
34.0,5.27297249,3.911900146,6.955517479,4.473841862,147.8851214,100.0,3.608032105,5.340375703,0.0,5.040210056,1,17.20552198
18.0,11.30018814,7.983841286,3.957074695,8.431012647,222.7163742,89.31965364,0.161670966,5.399310117,1.0,8.233289078,1,18.8894874
19.0,7.0,2.229878487,6.666208124,3.7000633,190.9652417,99.95904664,3.615008535,6.571035268,0.0,5.462,0,58.04903295
27.0,6.97668242,1.972080023,4.564652492,8.320462973,217.9377098,96.23841161,0.0,2.178142495,1.0,8.456317444,1,64.69120876
21.0,9.447683724,6.446788813,4.142419474,5.427585217,235.2692409,74.87370792,2.02635605,0.705966646,1.0,6.534518889,2,1.241096294
20.0,8.051228498,3.771381605,1.582704403,5.878709333,9.570244671,88.77755076,1.725718186,1.325379887,1.0,4.051568341,2,1.783725372
35.0,8.532845101,3.160612092,3.709113155,6.517502160499999,537.0742475,95.64036207,0.0,4.660905303,1.0,16.44277483,1,36.75339884
20.0,8.733348115,3.771381605,1.221482248,5.56519699,34.3460268,80.99394833,2.334848658,2.556696597,1.0,3.226876764,2,11.98176403
15.0,9.926279248,7.404597067,1.452441695,5.155028781,149.7492242,82.28093497,1.079882922,3.261164031,1.0,7.315361943,2,1.215727271
36.0,3.33143024,2.597615109,3.165746127,7.218725932,211.7601207,97.38251386,0.545089429,2.602784444,0.0,4.088831568,1,36.179356595
25.0,9.584487674,2.910830983,1.472706615,7.955717817,76.11366331,100.0,1.979784224,2.861551642,1.0,6.135604238,1,4.589902039
36.0,7.0,5.467634123,4.063171785,6.495568595,291.7092775,93.95513611,1.939206938,3.59221854,1.0,9.532726831,2,36.179356595
26.0,11.14208014,9.611203025,5.795956341,5.045111337,93.72521184,77.15056301,3.50720013,9.546333187,1.0,7.547556353,2,11.29921123
29.0,3.576908221,2.277019784,5.344807229,4.164431965,128.2984235,100.0,2.997849585,4.771632675,0.0,1.509541656,1,75.21103263
16.0,8.564994018,2.074742249,4.875915137,4.365078408,102.8225387,96.58452001,3.241385224,9.056672682,1.0,7.424543282,1,56.5238268
20.0,6.571683414,2.311826938,5.988951314,5.625412941,142.4498102,97.52364074,0.939097679,9.611619946,1.0,7.547483691,1,72.65562706
34.0,9.400534479,5.767036585,5.445679722,6.161775121,106.8665603,99.22022785,2.646334264,4.16626703,1.0,5.716983955,2,29.34863344
27.0,3.319464961,0.684412026,7.537542205,8.714491424,203.2743175,96.56697123,1.260251891,8.370314201,0.0,1.883666612,0,100.0
19.0,2.582970098,1.512759055,2.298698548,6.953973499,108.9453978,100.0,0.767280147,2.050893974,0.0,2.69856564,0,62.96154171
16.0,7.0,0.939184338,4.126210259,5.787651182,276.4931499,99.07786306,0.0,4.619646733,0.0,5.462,1,47.29045789
23.0,3.64209575,2.870690975,3.217256558,7.232923459,190.4582459,95.6516902,2.0,2.671992538,0.0,8.209769253,1,36.179356595
24.0,9.742653108,4.883820897,5.463549909,5.997842248,141.9481688,98.32291306,1.164742802,7.527037278,1.0,5.864884936,1,35.32079211
29.0,7.833760763,6.284900183,4.497578141,8.459479378,87.33377497,100.0,2.296106713,2.416991182,1.0,7.079877294,2,27.19939057
34.0,7.287304805,2.1461328,4.1412097370000005,7.177921925,187.4153744,98.66172864,3.44020307,5.298815253,1.0,6.381644921,1,69.98644786
37.0,8.887170602,2.078199893,4.866240296,8.349129961,133.6570629,100.0,0.0,2.060489014,1.0,5.748517464,1,60.31863287
37.0,2.752319988,1.163252234,7.055021089,5.212960425,221.7863303,100.0,3.980154849,8.997540225,0.0,2.986585465,0,75.4627421
32.0,4.98512865,0.689933235,1.770346823,7.593801015,150.5180586,100.0,0.0,3.865664474,0.0,4.449636816,0,29.42872193
25.0,10.66373071,8.636610381,2.638512888,5.913545847,355.9585118,78.2719326,1.142703167,2.775120936,1.0,13.43891214,2,2.178390567
38.0,5.116099624,3.771381605,5.515220374,7.822586073,30.26961404,95.09088897,2.039956373,7.058030267,0.0,0.047671161,0,69.48471492
21.0,17.38594737,6.293440834,7.049854176,7.589141774,357.3658785,98.91930255,1.525765369,6.128522993,1.0,8.69405962,2,30.06200493
27.0,8.147741806,4.753112561,5.910035612,4.379392299,16.30758969,99.20007612,3.037591407,5.485968569,1.0,5.508758789,1,52.92833159
35.0,3.594660546,2.13184929,0.733493421,5.620674561,239.3558863,99.19521277,2.920255668,0.0,0.0,5.180750885,1,24.00885715
27.0,8.934708012,3.771381605,3.07021358,6.933163713,81.71672851,97.19924179,1.903517815,1.023365516,1.0,7.596568319,2,10.61879218
19.0,6.765553534,3.656959,0.928165517,9.049308201,225.153452,94.04624351,1.15784474,0.938305416,1.0,9.703871875,1,36.179356595
19.0,2.882022375,3.771381605,3.239153392,3.473290666,270.5525544,96.26676437,3.029340851,4.054270565,0.0,7.618738297,0,34.27026418
27.0,10.53052972,4.126425655,7.573950975,7.41078324,283.7940829,98.19320283,0.0,6.195100071,1.0,7.396836224,1,72.94067495
16.0,6.216326202,4.223902668,0.0,6.569182119,279.8615414,89.92510336,2.0,4.688020405,1.0,8.466578741,1,0.0
33.0,3.759006165,3.185212644,2.350555023,5.428947797,284.2657865,100.0,3.597930608,1.341495887,0.0,6.618112901,1,18.44391041
35.0,12.33275438,4.583547993,3.098636966,4.405798832,209.5592715,90.50046179,2.937731325,1.279539002,1.0,13.60932667,1,10.01467334
39.0,5.829328167,3.872524482,3.338138008,5.005818107,304.9687837,93.86607722,1.538537271,4.345348834,0.0,7.992472592,1,13.30973772
27.0,7.588978701,8.649087235,4.1412097370000005,6.517502160499999,273.8075301,75.92664159,4.658809847,3.645712646,1.0,5.462,2,0.0
16.0,7.704418983,2.555181955,1.380486493,8.432164205,129.3082744,95.65351068,2.901059042,1.381528839,1.0,3.728358221,1,23.18681056
32.0,9.496758675,2.118758979,5.186358171,4.743899954,56.91493549,100.0,4.25831646,7.290124585,1.0,2.387059694,1,61.28543345
27.0,12.82555217,6.20155122,3.119271002,8.362994198,401.9019496,94.92423536,1.689107328,0.322662118,1.0,12.14673737,2,5.238515563
21.0,10.26357257,1.891455886,0.548298577,6.767394279,279.9160136,100.0,2.273168763,4.24776832,1.0,11.28829211,1,27.08718871
16.0,7.188143889,6.603621651,2.85490658,4.763099791,143.1040414,89.58232512,2.577850855,3.237870955,1.0,2.751561575,2,0.0
33.0,6.697291438,3.767883867,8.126089052,8.961588049,178.2236727,99.83278812,1.087073365,8.822375035,1.0,3.143535231,1,36.179356595
22.0,8.546803276,3.801978027,1.863327146,8.362331356,169.0621732,89.1920645,0.287969126,3.203999599,1.0,3.373672375,1,28.7869791
39.0,10.16457364,5.458695701,6.409889459,8.575218323,165.9822073,98.00719202,1.266932844,6.039682212,1.0,5.462,2,62.62340629
20.0,4.346228543,2.869893595,0.29851895,6.517502160499999,257.5795891,93.39877375,1.43328236,0.318696105,0.0,7.447966304,1,0.0
25.0,9.913326541,7.472915296,1.835481938,6.741767717,159.2918006,99.67951829,2.0,3.806480023,1.0,8.212678153,2,3.506930098
37.0,10.67425198,9.144907571,7.450151718,6.342929443,163.3169766,100.0,3.43260964,5.192618151,1.0,4.188446731,2,9.507272149
19.0,10.11913317,4.420302917,6.212745007,6.517502160499999,279.0618196,100.0,1.736610178,8.043419829,1.0,11.09956581,1,65.93692435
39.0,7.970431473,4.745662172,4.1412097370000005,3.860323267,0.0,100.0,4.221992982,4.0,1.0,5.072464161,2,44.37526251
26.0,5.506091838,3.235000402,3.954860101,5.146013991,122.3929378,100.0,1.428321968,4.0,0.0,4.148291887,1,45.61665264
23.0,2.549747149,1.651485217,2.715148652,6.652740209,212.3770249,96.53916483,0.0,3.026009411,0.0,3.749628806,1,47.45220715
38.0,3.36301634,1.742615546,5.575886908,7.691900981,250.045574,97.68982987,1.220782552,7.031509924,0.0,6.114143986,0,76.44666465
30.0,7.09233011,4.089274426,3.129950274,8.155535098,134.2095689,100.0,0.45259898,0.086367421,1.0,6.760965701,1,11.94535113
35.0,8.511805454,3.206517868,8.153736115,4.170720343,223.1646857,96.39669971,3.656274706,6.522279338,1.0,8.013745161,1,75.26096855
23.0,9.576910912,3.771381605,0.0,6.177438608,268.6713256,67.50194885,0.0,1.205181526,1.0,11.48966356,2,3.921374519
35.0,11.66383135,5.574918197,4.1412097370000005,7.716729046,157.0943645,100.0,0.0,1.08421746,1.0,5.462,2,24.70892586
35.0,4.756868348,2.940538389,1.203712341,5.736987806,68.01749147,100.0,1.414816201,1.832320083,0.0,1.992398145,1,15.96248563
39.0,8.776280127,4.091102251,4.681113065,8.758161538,29.61042436,100.0,0.360635066,6.973818264,1.0,5.399829451,1,59.8973139
28.0,7.249822861,3.771381605,4.660535602,6.327240592,101.408097,94.40115205,2.940097357,5.434540824,1.0,3.347310205,1,70.98068034
34.0,6.222976187,3.956118186,0.036324068,8.010236819,78.25702938,100.0,2.804124858,4.689745224,1.0,-0.354127496,1,36.179356595
25.0,10.30924704,3.753736715,4.796699277,6.109101647,193.0809131,95.29784401,1.40202996,4.216247303,1.0,6.651264186,1,30.72632341
27.0,7.199565229,4.594517553,4.1412097370000005,6.059739919,226.5959075,100.0,2.026185452,3.405643072,1.0,5.462,1,18.84082277
17.0,7.0,5.264651132,3.98216375,3.20867291,165.9822073,100.0,2.768299186,3.462796187,0.0,5.462,2,13.96167875
22.0,12.18909597,3.578457373,5.969674012,4.358371114,106.8871526,100.0,2.022238285,8.364239724,1.0,8.117370863,1,34.56425957
31.0,11.16466923,6.2895355,4.1412097370000005,6.717816271,258.3877553,96.16649102,0.381860602,8.418516816,1.0,5.462,2,67.40787688
38.0,4.073958145,2.069912833,1.889123473,7.799571972,139.660592,96.70502313,0.004444089,4.0,0.0,8.280729594,0,32.7082316
19.0,4.670739272,3.118129153,7.234067137,6.517502160499999,49.62090113,100.0,2.948051013,4.339350459,0.0,0.107500474,1,64.72948471
27.0,13.45629768,4.499777235,5.618748628,6.897235234,31.26631869,100.0,0.010447274,4.836092347,1.0,1.692425562,1,36.179356595
24.0,3.070028369,3.771381605,4.396589015,5.638505814,75.46994238,96.67838847,3.009323908,2.558061116,0.0,2.28142444,0,61.51561159
33.0,2.793480455,2.029666886,4.175413036,5.561669144,104.436833,100.0,0.0,4.794206045,0.0,1.143148783,1,60.90128122
33.0,4.65561742,3.021260321,1.015045954,4.395616545,190.3836312,95.42417956,3.14365664,3.760354678,0.0,5.462,1,17.50432401
38.0,9.871562065,3.771381605,4.1412097370000005,5.018272551,118.5683572,80.33316777,4.156092925,3.739375195,1.0,5.500225998,2,5.711266695
21.0,1.368194399,2.104949628,5.64833133,5.240193476,170.7385544,97.34847453,2.373333492,7.381563102,0.0,0.837544908,0,76.17727558
35.0,9.462917135,5.975426817,7.125488546,8.085276096,164.4153616,100.0,2.0,5.661252299,1.0,4.512542174,2,74.6220451
26.0,8.313258747,3.655582585,7.439679738,6.742561216,244.9309715,99.73780692,0.0,6.989020848,1.0,9.868352506,1,71.03399192
18.0,1.300342883,2.673190073,7.373158069,7.114165651,85.72267272,100.0,2.613447884,2.327655513,0.0,0.401326432,1,88.03160776
21.0,9.463098275,9.447383914,7.663561847,6.91090601,245.1000385,100.0,1.26538807,5.365306958,1.0,6.803758868,2,22.4959378
33.0,5.499129433,3.98933136,4.278045544,7.702724891,47.48284007,98.20269444,0.991180501,4.497260916,0.0,5.611036692,1,22.54797901
24.0,7.888733937,4.611081334,0.918117986,6.517502160499999,314.149662,94.04877812,0.208273971,1.650242568,1.0,9.360971667,1,1.88298757
17.0,7.208279739,2.560625805,5.7298981,4.167134852,222.4348898,100.0,4.498889172,5.973816431,1.0,3.873611093,1,50.89608468
26.0,10.39062002,2.759825981,3.119592489,8.179109688,198.1946577,100.0,0.789810464,3.024809378,1.0,5.570411523,1,29.45529543
38.0,7.13056609,3.771381605,5.1877263,8.052625629,22.27085327,99.82249896,0.817324597,3.822552851,1.0,2.294390123,0,59.78819324
18.0,15.42354623,3.771381605,6.787946657,7.87548495,524.0688332,97.49916109,0.564183857,8.238768158,1.0,12.87226302,2,61.69545839
32.0,6.783539987,5.831544947,1.435797441,4.81629533,89.44273401,98.1505255,4.366017163,1.531120823,1.0,2.404971644,1,0.0
32.0,11.46266131,7.319762709,2.664421411,6.972080798,228.9794047,92.05997876,1.721532578,5.117026537,1.0,8.749079444,2,9.102978662
31.0,12.91898679,8.087790219,7.660534281,8.048790853,236.3159805,97.34259228,0.0,6.934217766,1.0,6.245848344,2,36.179356595
37.0,7.796996047,7.508893347,1.894433197,5.432558212,8.118721437,100.0,1.860262085,2.411585001,1.0,6.076168118,2,0.0
34.0,2.1100304,2.310146719,7.110775333,4.111550682,290.8109584,100.0,1.22638935,8.471477664,0.0,6.057296097,1,70.78142498
32.0,7.03594373,4.642171851,5.834613025,4.432572644,257.7744111,100.0,2.939995552,4.0,1.0,6.91532463,1,54.860848
30.0,2.901031268,1.499131094,3.316794025,4.962781155,271.7552821,96.76260463,1.950274421,3.088260652,0.0,4.74977223,1,28.70060825
31.0,12.3288401,5.178688295,7.606967599,5.0468691,76.89332183,100.0,3.749230446,7.633294187,1.0,6.196913244,1,68.00095285
23.0,12.59551541,6.493555099,5.907056763,6.517502160499999,374.9770765,100.0,4.600208569,6.702337483,1.0,15.58911384,2,24.55579171
33.0,4.666832139,2.974601246,2.223121045,5.251954973,161.3915469,100.0,2.357709826,3.699355289,0.0,5.177144662,1,26.72749904
27.0,9.958018279,6.802539666,6.307761858,4.894506744,103.7238884,100.0,2.97736755,8.078947949,1.0,4.237157811,2,87.2499315
17.0,11.8515537,8.345682557,4.962066203,7.5421128,255.9083275,87.80906096,0.0,3.500110933,1.0,9.239993063,2,13.29742988
25.0,3.9795824,2.325692561,2.350201245,6.632135427,207.6455619,100.0,0.074398585,2.796452081,0.0,4.904257387,1,24.75169028
17.0,10.30147436,3.771381605,8.023686275,4.690825837,76.07262007,98.72938058,1.935963046,7.017095136,1.0,5.362602459,2,24.4611985
38.0,12.16079922,9.63646991,5.435339202,6.449426439,114.1704391,76.72375491,0.90930279,6.130147222,1.0,5.205859435,2,0.0
35.0,9.919444895,8.270228887,4.1412097370000005,6.105530875,120.4094942,100.0,1.324181292,3.096966766,1.0,5.462,2,28.26553427
28.0,9.98497335,7.12608808,5.79117363,5.97532523,165.9822073,93.5803858,0.0,9.697345402,1.0,6.225044589,2,36.179356595
18.0,2.02394068,2.494612908,1.119481751,6.67851328,101.0139804,100.0,0.706992291,0.075963813,0.0,3.384498824,0,13.42730591
21.0,8.559798442,3.99852229,3.611152417,4.312330724,293.0106996,94.51763006,1.659681604,5.370888775,1.0,6.884281186,1,7.287988028
27.0,7.866161538,3.771381605,4.438629109,4.839748586,165.9822073,96.27801675,3.658851339,2.689561262,1.0,5.488624954,2,33.8920253
27.0,3.127139291,1.460264628,5.225891977,4.187290632,154.6060424,99.7309472,4.158349512,7.414935024,0.0,2.034329988,0,58.10703697
27.0,3.972626602,2.36649527,7.907665553,4.657266976,121.6480564,99.76225047,1.680461904,5.437378817,0.0,1.899267778,1,96.01115941
37.0,7.275572585,5.088997807,2.594352784,6.517502160499999,226.5342177,88.4152352,0.657007835,2.013019643,1.0,6.056943689,2,0.0
16.0,7.007181557,6.226073981,2.809304503,5.156131792,183.3532811,86.17960544,2.267767153,3.754077241,1.0,8.814548999,2,0.0
22.0,7.981756445,6.061761174,3.795259406,7.20878309,101.1214572,98.71455092,1.185473838,2.393099916,1.0,5.248505168,2,0.552937838
38.0,11.5363208,9.573834043,5.689738548,6.040605849,73.5352301,95.64491656,1.054996309,0.0,1.0,2.295667807,2,10.91963009
20.0,3.901602299,2.080142167,5.428941148,6.517502160499999,246.3728708,96.03667017,2.204259248,3.573916244,0.0,2.59014244,1,68.50450426
36.0,10.30318967,6.228516977,3.682609442,7.62029611,227.8456238,99.63104741,1.356960771,1.956201492,1.0,11.01323884,2,15.24672917
30.0,11.30023222,3.973483097,6.157656777,8.334356405,142.2817351,100.0,2.534891033,7.389851345,1.0,6.288308738,1,100.0
22.0,7.0,2.836095427,2.73702994,5.87473785,165.9822073,98.03672028,3.003861631,3.312794472,1.0,5.462,1,14.63042861
18.0,12.0864408,10.0183536,5.423859669,5.477373148,242.0754313,68.89659812,2.395186529,2.562927357,1.0,11.51465274,2,6.129430676
25.0,9.48457467,4.001323369,1.408307688,6.917621057,117.144805,96.05915742,2.0,3.061555832,1.0,6.359657094,1,27.68404507
24.0,9.034133626,2.887105059,3.49555332,5.344826918,215.2603543,100.0,2.837025059,0.116735514,1.0,5.383351333,1,34.07145849
31.0,3.628762278,2.628103731,7.625608897,6.886813946,161.2097108,99.52041284,0.570236488,4.096037664,0.0,0.495611614,1,82.87330228
16.0,9.140122899,3.711210726,8.131042606,5.215597618,84.19894164,100.0,2.811129481,7.05228704,1.0,5.069752479,1,36.179356595
30.0,3.17396829,1.474952346,7.307127067,5.729332763,74.137822,95.9435496,2.293019547,4.0,0.0,4.936525354,0,69.47693127
20.0,9.698614803,2.117888992,3.094407285,4.693517735,271.4468957,100.0,3.272953134,0.326257163,1.0,11.0290545,1,28.39144961
34.0,9.251668544,5.538047239,3.916606529,7.615497776,196.6100269,96.99413231,1.797629248,2.204603904,1.0,6.619274898,2,29.75860934
17.0,14.42337965,7.915324793,3.629269469,3.010142821,467.4212107,70.36681192,3.492153818,0.0,1.0,9.344071401,2,10.92122218
35.0,8.519413618,1.679637347,3.773693482,5.596492217,259.9172052,100.0,3.200555968,1.238989219,1.0,8.42289487,1,34.41648769
37.0,8.882615311,3.944695851,3.987153883,4.52933183,4.055811437,100.0,1.916793543,1.129245224,1.0,-0.713659252,1,31.40982024
27.0,4.179676483,1.190406552,7.658325663,6.510337203,75.66679713,95.98905835,3.323930123,6.142041802,0.0,1.352614416,0,100.0
39.0,5.0313003,3.416088906,2.338599811,4.539209285,85.92463523,98.75348067,4.844928917,1.177983485,0.0,4.700744664,1,27.67996008
21.0,9.240783935,5.169483048,0.776771474,6.517502160499999,111.00126,84.23978299,0.0,1.401066457,1.0,10.15326209,1,0.0
33.0,7.10248717,6.093520363,6.077527516,8.18086639,191.6539459,97.88769314,0.579948631,6.753966013,1.0,7.742533751,2,53.30043547
27.0,2.405790394,3.771381605,1.164575744,8.857996399,311.1403093,96.71022503,0.881692841,4.0,0.0,10.93617669,0,31.93635112
24.0,6.906196323,3.100140651,3.817637032,5.684918673,72.91396073,100.0,3.592235362,1.763136343,1.0,7.127249913,1,28.52365301
29.0,4.427762067,3.683055594,4.243022418,4.422965286,285.6081455,100.0,2.519188737,1.353811277,0.0,9.442524031,1,27.82570386
33.0,10.16377872,6.672173598,0.935415833,4.338830195,151.3450333,75.97780271,2.435582943,2.212555369,1.0,7.880568112,2,2.438180092
19.0,10.77586316,6.692678064,1.397244839,4.238010768,272.1955763,71.89999366,3.942797337,3.373787158,1.0,11.10238202,2,0.0
17.0,4.038053785,3.146625579,1.64180704,5.646385007,242.0583503,96.12176893,2.0,5.492367201,0.0,3.027309313,1,11.52064856
37.0,5.74730821,5.079478091,1.626951061,7.380753644,314.0680474,93.45585337,1.908021432,2.812797858,0.0,8.927627345,2,4.110777407
19.0,11.7209287,4.193351026,3.589008526,6.272910802,164.4463299,99.40739458,2.793026733,1.661286925,1.0,5.028889759,1,13.13538443
16.0,6.532348412,2.945940742,2.371827781,6.872511862,80.05754196,99.93492662,1.388477048,0.0,1.0,3.589054105,1,36.179356595
26.0,8.109972185,4.929210558,3.874201654,8.24324557,271.1509214,100.0,0.109409537,1.600214611,1.0,5.232472085,2,27.6843692
27.0,3.481423042,3.55891815,5.792052412,8.863459868,10.84070301,100.0,1.239245514,7.374318768,0.0,3.385514691,1,80.58587282
15.0,7.554313562,3.73410232,0.539958511,7.893880336,110.8618854,100.0,0.0,2.751207111,1.0,6.644546658,1,49.20753976
15.0,4.497183594,2.16644324,4.1412097370000005,4.361314111,85.23102727,100.0,2.938012977,3.940405223,0.0,5.462,1,59.845419
26.0,10.44316304,9.277255747,4.278723472,8.853107487,165.9822073,96.33372162,2.922896219,2.873369026,1.0,5.462,2,13.84017829
20.0,6.07476492,2.392007659,6.70528324,5.455594653,120.3051351,100.0,1.622968197,8.820217429,1.0,6.168786658,1,55.56821006
16.0,11.25074152,3.717360737,1.540627045,3.63559501,34.70389608,95.17237795,1.993260807,1.88427315,1.0,8.183437833,1,15.33340523
27.0,10.11115697,4.179808786,1.411025609,6.141861912,22.80819222,96.86234443,2.998797001,3.411531408,1.0,3.729590559,1,0.0
35.0,7.312682441,2.793669349,4.510085231,5.138699836,243.1606209,93.8586887,4.807268484,2.777197729,1.0,6.148586784,1,21.12311741
33.0,4.147754206,3.820927238,2.352523591,4.660939096,0.0,100.0,3.680368692,2.647873569,0.0,0.511363957,1,8.961175781
35.0,6.437942004,4.915783258,3.737336407,7.519478786,260.7117293,96.19923701,2.0,2.288049665,1.0,5.379288246,1,37.75964333
27.0,6.411440016,2.945445726,3.659527539,3.433470682,165.9822073,100.0,2.452995899,3.996812297,1.0,5.462,1,40.92029546
35.0,1.185041963,1.858489652,5.245756434,4.977821739,156.4632517,99.87092195,2.88178024,7.810160912,0.0,2.232598497,0,29.98860767
29.0,1.895430517,0.748858689,4.464281361,7.398373911,131.3470285,100.0,0.0,4.887953553,0.0,3.154387714,0,55.10128766
29.0,2.343773453,0.913302955,5.671313836,8.205876942,189.5553999,99.87289621,0.087554259,7.986580313,0.0,0.599541314,0,70.48280109
29.0,7.0,1.799774986,1.091406891,7.99071612,268.6226302,100.0,1.823294902,2.949401033,0.0,5.462,0,4.808106831
22.0,7.33311551,3.100153553,6.122703321,6.517502160499999,78.51471531,100.0,0.0,6.231761051,1.0,2.581134488,1,76.70914942
34.0,9.872295562,3.789235039,8.022876282,8.692644969,135.5368239,99.91332578,0.0,10.84983006,1.0,7.761964208,1,79.46211729
38.0,10.82427721,6.057178684,7.24596368,8.354872323,276.9707191,97.30298777,0.0,5.87174839,1.0,7.406941767,2,50.65627812
39.0,7.0,4.750192457,4.653079553,9.092993683,181.0302153,100.0,0.025004485,1.954960476,0.0,5.462,1,39.3506662
17.0,6.422091128,4.363482207,5.073017311,3.595788419,338.1230352,93.98627509,3.770141455,0.822092335,1.0,10.33332102,1,0.0
36.0,4.423467044,3.068279564,3.426938407,8.773815285,130.5933586,95.33541613,1.362888309,5.826535925,0.0,2.864139501,1,58.53603365
26.0,4.262469838,1.229994399,6.273454327,6.517502160499999,127.9756767,100.0,1.517516448,5.932104217,0.0,5.644393668,0,63.88870552
24.0,2.859089308,2.789074126,0.522005132,6.760184156,114.1802185,100.0,2.129145328,1.651752554,0.0,5.854150077,1,11.00842374
29.0,3.566800845,0.983532473,2.980985904,7.298051025,175.3835826,98.7847445,2.0,4.666200335,0.0,5.376040186,0,34.21572944
22.0,9.585823512,3.403620724,0.506443923,4.838917549,186.5246414,95.68355306,2.981574682,2.46233913,1.0,6.384236612,1,0.0
15.0,3.478582896,2.445111879,5.494869448,6.517502160499999,196.0250148,100.0,0.0,5.096395421,0.0,5.611555603,0,81.31978663
27.0,2.766117606,1.043876468,6.313123702,5.180887362,136.17706,100.0,2.266918218,6.211487308,0.0,2.344682993,1,63.86771088
16.0,10.62465175,4.379132772,4.955280262,7.085369099,5.243216348,100.0,0.311303578,2.208284875,1.0,4.029303152,1,43.788852
33.0,8.060510178,3.437357401,6.883262364,5.018492412,71.30328105,99.21140436,2.519718394,7.647159514,1.0,3.539001295,1,61.44001397
17.0,17.29937625,7.580547691,2.050611173,9.205142418,121.0937991,96.91719053,0.0,0.0,1.0,5.661582919,2,2.390718022
37.0,9.21118197,4.625724613,4.598182657,8.728288726,66.37313744,95.62890819,2.051184776,4.166435775,1.0,2.822351978,1,46.23537212
31.0,7.873706256,4.653064528,4.1412097370000005,4.746121247,42.88719247,100.0,4.452832506,2.802609357,1.0,1.677797284,1,0.916192236
29.0,7.823389908,4.016941969,7.753932305,6.520747771,196.7826222,96.59030052,1.60305403,4.012642568,1.0,2.077755932,1,79.34475385
26.0,7.365977896,2.978692292,6.238775901,6.517502160499999,211.7394591,100.0,2.721993934,8.06608283,0.0,2.969013292,1,65.3240912
19.0,4.567515235,3.659535356,0.368921349,6.027134788,185.8201994,100.0,0.2228345,1.371175328,0.0,1.041859931,1,15.47984897
24.0,1.889456562,2.20044057,1.565071571,4.22307932,255.3153959,98.49609436,1.842072392,0.611447629,0.0,7.033960395,0,9.942224054
32.0,5.217879332,2.851163771,1.81640842,4.887837777,248.8065584,99.43136745,1.998707305,0.529003206,0.0,8.052480249,1,16.87970008
19.0,6.374537114,5.23231776,7.999649794,9.338779254,136.8542348,100.0,0.254093935,9.409736517,1.0,2.919005453,1,79.08608469
33.0,3.649294786,1.95053942,1.389138577,8.345463209,142.6563353,97.57541864,0.0,5.238456656,0.0,6.31408696,0,29.24414975
30.0,3.607003964,0.127124937,6.139874137,7.92208465,190.3611197,97.27086518,0.0,8.017485848,0.0,3.248618122,0,97.27453386
35.0,8.904984923,8.605551339,0.222245759,6.425530657,111.8940146,76.24682634,0.0,5.198383572,1.0,7.46083259,2,0.0
24.0,7.86529224,2.432827946,4.26532367,7.875641306,299.594447,100.0,1.055205576,1.745938568,1.0,4.72859405,1,67.9391294
27.0,11.11689136,10.14777201,1.008215386,7.696298887,90.37622604,83.02219328,0.0,2.106201921,1.0,2.579861433,2,15.01458677
18.0,3.900526308,3.273396722,5.711952629,4.281849644,75.4669184,99.70365094,3.309118419,5.819746098,0.0,1.275360452,1,50.02298232
28.0,12.03707051,6.410545129,6.059894359,7.893293031,166.2305111,97.86363512,2.465356216,3.113606577,1.0,8.37088907,2,49.55780884
20.0,5.619542825,3.315760545,4.1412097370000005,9.229869628,97.33990627,100.0,1.499993196,0.133917765,0.0,5.462,1,58.8428169
39.0,3.933085446,1.202872272,4.1412097370000005,6.517502160499999,72.81367378,94.99211326,0.0,3.158712931,0.0,5.462,0,45.0140281
19.0,11.43230491,3.533404727,2.211421694,6.588958222,44.35191948,100.0,2.057021436,5.299149303,1.0,6.432899205,1,18.872431
15.0,12.24011787,8.679501556,4.1412097370000005,8.140703234,618.5742511194022,91.36825922,1.441287673,2.815800412,1.0,5.462,2,0.0
20.0,7.68247973,3.109334084,8.093115602,8.341981808,40.48784721,100.0,2.663797957,5.035778424,1.0,1.967542837,1,36.179356595
20.0,7.333895187,3.771381605,1.123169925,7.917819478,154.1502186,100.0,0.0,1.29527765,1.0,7.587517363,1,18.67088079
22.0,7.951152374,2.137961564,1.685702355,8.552890141,195.6795663,97.17241433,0.000914393,5.873111815,1.0,5.125836379,1,19.01528123
21.0,7.0,4.45721366,4.941255813,5.712020233,0.0,100.0,0.0,3.800827425,0.0,5.462,1,45.23468807
33.0,6.182807721,2.535275818,6.926724811,7.569856589,69.51785126,100.0,2.093712497,7.188506811,1.0,1.336015146,1,86.69225921
27.0,10.34542763,5.851807453,4.1412097370000005,6.517502160499999,41.04705155,91.27001785,2.701521382,1.180307207,1.0,7.375691478,2,0.0
27.0,8.034650359,4.550578607,1.543270684,7.216315787,151.2965492,96.69216332,0.985808881,0.0,1.0,5.158185107,1,0.0
18.0,2.497341354,2.807047877,4.605684207,4.906026823,22.65370062,98.99531763,3.732768549,3.724090232,0.0,1.621654473,1,30.7022675
29.0,5.962419269,3.294393553,1.086992747,6.334760022,253.6991498,100.0,1.587532131,3.16226511,0.0,5.675143843,1,4.771817509
25.0,4.480574136,2.140613382,4.1412097370000005,6.785722241,137.7165918,100.0,0.58253777,1.061846552,0.0,5.462,0,46.93692959
23.0,7.465694158,1.980655498,0.0,7.774196845,155.7458852,100.0,0.810459465,2.32621005,1.0,7.331845267,1,36.179356595
22.0,2.694639679,1.384675251,5.718375406,6.022547094,211.9838755,100.0,4.884411628,0.523610148,0.0,2.536644276,0,84.21345005
32.0,6.134787443,2.473057587,5.223224943,7.340633967,276.5586287,100.0,0.0,5.953907851,1.0,6.035684907,1,42.5621644
27.0,9.219716124,3.273840938,0.817347602,7.662283711,553.0051344,92.97812952,0.740521566,2.541228144,1.0,10.20792993,1,20.90090631
23.0,8.108817747,3.678272112,2.764677925,8.157639951,116.1159558,100.0,0.893853146,1.702249116,1.0,7.225817071,1,26.694562
33.0,10.5101501,6.263725648,0.266161131,7.192813485,142.5405682,100.0,0.713782214,1.559582361,1.0,7.788840074,2,7.43899375
34.0,2.904718215,3.369571916,3.448763447,4.102775918,117.2157276,100.0,3.244434933,2.518229556,0.0,0.871389719,1,36.179356595
35.0,8.432676219,3.032443485,4.010510613,6.517502160499999,562.0013629,98.23514767,0.332739866,4.438070042,1.0,17.9184222,1,33.85960723
36.0,7.796552541,6.257870482,5.45808187,4.317271216,69.3371598,99.18196042,1.138539111,7.399197095,1.0,2.069327636,2,48.68760857
15.0,11.37750701,8.304033949,3.852093113,5.731813718,213.7769555,79.06537147,2.049511506,5.33696073,1.0,7.777587351,2,0.0
30.0,7.853595615,4.116314365,4.692645861,8.864656381,201.0364376,100.0,0.642120907,4.191557821,1.0,4.616161884,1,50.03565935
30.0,10.47295998,4.303459724,5.020878977,5.504020423,159.9428121,100.0,4.634662848,7.775371217,1.0,9.136614067,1,42.47849701
15.0,6.826780872,4.082382984,6.258790402,5.031191209,40.11656772,100.0,3.452873143,7.317627719,1.0,5.205666303,1,51.22775367
21.0,2.412447995,1.528926674,3.948407704,5.453153939,236.9723588,100.0,2.108428193,1.878376129,0.0,7.428935407,0,60.99988614
31.0,9.601645874,4.848926593,3.577101918,8.655573454,218.3576005,100.0,2.291479651,2.976943624,1.0,10.74356584,1,36.47196468
39.0,8.452896181,4.29690889,0.525776034,7.642551271,278.8303115,100.0,0.385707417,2.978786245,1.0,8.450701392,1,3.516628389
38.0,10.22096297,7.817568582,6.610742291,4.012936471,121.5387514,91.57787881,2.555639324,9.462006471,1.0,8.902891246,2,5.813360417
36.0,3.18242618,1.475915726,4.734007608,5.868144672,152.3489537,100.0,1.6986523,1.759135043,0.0,2.826779739,0,76.9905025
35.0,9.479514624,7.816610789,6.970544762,6.973764477,49.73069731,100.0,1.229413025,8.896503192,1.0,0.557933591,1,41.36478352
31.0,9.865725608,5.505193878,5.264263955,5.853479996,78.52232024,97.67421061,2.601584356,7.420984508,1.0,4.071062879,2,44.9910657
35.0,4.779737385,3.039853454,3.022147208,4.341709405,210.990821,100.0,2.020193715,2.189421042,0.0,6.354946567,1,50.3724069
17.0,7.467087286,3.005537762,1.009295174,6.517502160499999,35.77154945,100.0,1.499220542,1.725748321,1.0,2.856535593,1,19.89372768
15.0,4.566108336,3.25743131,7.733197221,6.23206658,224.3187126,100.0,2.67678399,7.333160764,0.0,4.743264153,1,77.47635221
19.0,10.32794787,4.184652927,5.265756889,8.902372245,48.48193704,98.83656536,0.415553592,3.386648716,1.0,5.627065363,1,61.34664555
33.0,10.95479244,5.329871438,3.124993379,5.171486266,38.52823119,97.39184875,2.271120849,0.887464894,1.0,6.131689551,2,0.0
29.0,4.070390082,2.049579999,3.575860954,8.612700795,345.3222282,100.0,0.0,1.947268105,0.0,9.179147069,0,53.10638537
23.0,5.326656912,4.125274093,5.850506164,8.625423289,85.98998704,97.76983894,0.0,5.773727443,0.0,2.267879468,1,92.40703957
22.0,6.628708723,5.614898974,5.960772372,8.66940818,233.5835032,94.49348394,2.323406919,3.38781583,1.0,4.743226362,2,65.97695921
20.0,11.96158665,8.045761887,7.067151373,7.611037135,284.9592682,100.0,0.0,7.691055991,1.0,6.619489567,2,35.91177681
38.0,5.607570645,2.966811468,1.564231508,5.041602344,110.4047367,100.0,4.071477233,3.217688931,0.0,4.366602026,1,4.904168583
36.0,9.576794969,4.281276504,7.688775119,3.124479454,110.0294483,100.0,2.354593621,5.776558011,1.0,3.607893244,1,51.07428748
35.0,7.98501182,5.949224684,0.559234293,8.171488651,4.416676265,93.92203826,1.975233088,0.0,1.0,3.676233056,2,0.0
31.0,8.869079056,7.332408539,4.221529811,7.318095576,114.4011569,100.0,0.0,1.833461788,1.0,1.314925857,2,33.8294192
32.0,8.583897084,3.461176304,3.124744896,8.255808258,120.941474,100.0,0.0,2.624883031,1.0,2.736483771,1,46.58910414
35.0,7.042215585,6.020640263,0.814349002,8.661813382,64.68070278,90.74191516,1.594428192,1.447422382,1.0,5.59037667,2,0.698993414
22.0,3.851071966,1.969013847,3.372064154,7.710801752,224.1465987,100.0,0.522065182,4.0,0.0,2.125885772,1,47.0244537
18.0,7.37928945,4.435133249,2.647194778,7.136285976,165.9822073,93.73030255,3.947585789,4.212346462,1.0,7.305355918,1,11.73313254
24.0,9.719589454,6.253391581,4.1412097370000005,5.502402791,253.7892319,77.42231248,2.545719098,0.0,1.0,7.801049639,2,0.061691986
22.0,7.847717652,6.363041447,7.526973028,3.868488491,86.97927423,99.00332255,2.918512722,5.539206825,1.0,1.616696529,2,35.19063049
32.0,15.94947327,5.962922347,6.177512951,7.180286422,255.4455513,100.0,0.482227583,4.261790294,1.0,4.916015923,2,37.16379705
28.0,9.419288332,3.771381605,4.1412097370000005,5.646306563,99.06833552,96.30277994,2.088487276,1.7932109,1.0,5.462,2,29.96314731
21.0,8.57994949,6.697202938,3.187921501,8.895450221,112.3518997,95.71045005,0.565980034,1.18417306,1.0,6.673194083,2,4.004765739
18.0,7.518061424,1.867699881,6.894187073,5.830742212,276.6103024,100.0,2.0,7.429033416,1.0,5.018970158,1,84.06313994
34.0,10.88552157,3.619930968,2.048401957,8.40873163,257.887139,97.09476389,1.616493518,3.377710327,1.0,8.217069371,1,32.65231984
17.0,5.350754434,2.105315306,0.847314186,8.107771771,339.5425239,95.35648514,0.0,0.0,0.0,11.45849446,1,13.80061236
29.0,8.720129407,4.373646112,0.260128036,7.29433148,202.1880178,98.2495723,0.0,2.104526115,1.0,7.876522237,1,14.32665071
26.0,8.551307984,6.132977657,2.463561661,5.260364335,216.9157825,83.33459745,3.143971262,0.0,1.0,8.606679922,2,0.0
33.0,6.392591491,2.657108418,2.427028684,5.978466121,209.6293349,98.10326326,0.141061041,5.524633032,1.0,5.666533075,1,48.23262761
26.0,4.647667099,1.865732431,6.220631891,4.199605242,182.0688567,100.0,3.117426525,6.245862749,0.0,5.009510523,0,63.89021504
16.0,3.115586563,2.521745526,2.271282173,8.526264217,278.9278795,100.0,0.279840591,0.647334313,0.0,1.477465876,1,53.80724636
34.0,9.933969999,5.528207141,5.046912132,5.744735776,156.579708,100.0,0.888374305,2.469705439,1.0,8.887309739,2,35.97174345
22.0,4.954390142,1.684233783,5.310588434,4.797580802,201.8391049,99.93525156,1.643594919,8.000916766,0.0,4.010225282,0,50.39418238
39.0,11.21773484,5.2592603,2.442955048,4.431627499,232.4782274,93.66197762,2.272992117,5.305610696,1.0,7.027704655,2,2.8855641
27.0,10.23431336,6.304577687,8.027071351,5.450342845,127.1616208,99.0640489,3.99753491,6.717174851,1.0,3.127274797,2,48.67131756
18.0,3.601823555,2.610914892,2.895163927,6.517502160499999,47.17985072,95.10638592,1.32325122,0.556515328,0.0,1.348783579,1,41.47567485
38.0,5.071050611,3.289412548,3.056897264,6.517502160499999,0.0,100.0,1.678885055,3.490031295,0.0,1.397665304,1,44.86301506
20.0,16.23915448,4.113979233,6.885370462,8.10436775,207.9573202,100.0,1.565909828,4.641014057,1.0,6.198012999,1,60.1399582
18.0,5.971099259,2.164640061,3.752779654,6.517502160499999,174.5810118,93.0968021,2.483602574,1.559990584,0.0,2.966031066,1,43.526421
21.0,7.695838494,3.138340226,6.862632689,7.657683005,267.2422647,100.0,1.085692541,4.833548252,1.0,8.876317116,1,36.179356595
29.0,5.184095982,4.524298366,1.100911242,8.1311753,226.1106781,98.71945062,0.194642065,1.636072013,0.0,5.73543938,1,36.179356595
30.0,6.775042387,7.153862393,4.82597714,9.665783201,195.3070872,96.61708494,0.82587976,2.466055335,1.0,4.697242103,2,52.55824046
27.0,3.639464955,1.734637424,2.588560645,6.325759572,165.9822073,99.78012613,0.816098963,4.510599423,0.0,5.462,1,39.98057857
25.0,6.799411105,1.961013996,2.026958059,5.25866683,279.102129,99.45405306,3.209510161,4.0,1.0,9.699323742,1,36.179356595
36.0,7.0,2.806927054,2.802921822,4.500148222,104.7199974,100.0,3.257057028,3.935771554,0.0,5.462,0,25.71271805
31.0,6.283317571,2.610506651,3.743252033,4.418768303,182.2870573,100.0,2.351387363,2.874073478,1.0,4.579736976,1,29.02030744
26.0,2.026452582,0.710009667,3.802910685,6.517502160499999,196.6777447,97.36475156,0.037857798,2.150437352,0.0,3.158420713,0,67.61010764
22.0,5.639057449,3.771343602,7.167246946,8.207374665,151.5920084,100.0,1.582240647,6.626665296,0.0,5.462,1,72.47441853
25.0,7.793482351,2.114980555,1.821745003,6.015976261,141.7022604,100.0,3.480406001,0.935856024,1.0,8.295005964,1,16.39705342
26.0,7.283116011,6.424530754,2.098308772,5.495337601,222.7425453,82.2858763,4.881032565,3.222634759,1.0,8.198594732,2,4.431977831
17.0,4.861333252,3.79451886,4.1412097370000005,4.365829825,320.0977581,97.18653865,3.407250954,0.025568492,0.0,5.462,1,7.398939402
23.0,6.243395336,4.150102075,4.556955887,6.55572944,104.9803037,100.0,1.935296483,1.610775856,1.0,8.481430372,1,24.80096272
27.0,6.571368957,4.424582484,3.828476507,8.399208796,55.35812546,98.16983635,1.408524252,0.0,1.0,4.171333135,1,43.10454619
17.0,7.0,6.643200676,4.461238413,8.089228141,35.6077854,100.0,0.691028143,6.013797258,0.0,5.462,2,16.84659375
27.0,7.0,3.356494719,0.957725052,9.129963309,262.388124,98.5819951,0.449403063,2.158186073,1.0,9.664294031,1,33.97658544
28.0,2.863489571,1.57745984,2.01448695,4.803111794,295.1935676,95.83289461,1.794328736,1.595126108,0.0,7.444884473,0,23.58362078
37.0,4.182291232,3.197777738,1.326526624,7.973195859,292.1297817,100.0,0.070879816,4.319301775,0.0,1.445276691,1,22.14590292
28.0,10.57460138,3.78567721,6.959649404,6.056548865,126.8801443,100.0,2.891322867,8.286842665,1.0,7.792439878,1,52.12036467
31.0,4.341099445,4.064607696,1.456641445,8.934022553,37.86236355,97.60547762,0.653910445,3.786342225,0.0,-0.052733616,1,44.5515572
33.0,7.0,5.337369022,4.058772131,5.765355853,211.8904586,97.39659817,4.350645086,2.641932521,1.0,5.462,2,34.16891774
27.0,7.0,4.200821302,0.248363199,6.917628367,213.1450663,100.0,0.0,1.450103121,0.0,5.462,1,11.46276176
31.0,10.84411536,6.815243602,1.522602782,4.715292273,240.6719316,67.10319787,2.628332719,1.905853003,1.0,8.305886522,2,0.0
15.0,12.90305803,6.615991275,5.828735878,5.676397487,287.3595534,94.66889335,3.517818245,7.224962761,1.0,9.76944849,2,23.82070044
37.0,3.24191365,1.905743266,5.8597406,6.517502160499999,25.32859179,100.0,0.078777533,9.779767816,0.0,2.148308852,0,75.40154872
37.0,3.195808748,2.328618564,3.02448103,4.660966586,239.6192472,100.0,2.0,2.034949935,0.0,8.061074416,1,1.813182603
36.0,3.151067124,1.664380607,2.672869751,5.65475766,82.34841334,98.38364794,3.611145395,2.8453395,0.0,6.302850282,1,37.7191227
24.0,3.889059296,2.444963902,7.898634967,8.664428793,80.82681935,100.0,2.58931028,4.018301325,0.0,1.395950895,1,87.8385337
26.0,5.11800022,4.130593243,4.989576764,5.547062793,204.197604,99.14819125,1.80896533,3.660038643,0.0,4.707952076,1,16.6577232
29.0,11.71287791,8.941957439,4.1412097370000005,5.785724543,162.0252414,84.28355051,0.990663252,4.97901843,1.0,9.262900483,2,21.19618936
22.0,9.915968731,7.088838509,4.196086553,4.176599452,61.04466474,91.30824074,1.230110579,3.020815669,1.0,3.211764042,2,25.94711818
22.0,10.26308382,3.771381605,4.436930217,4.482101129,233.0130477,93.63955095,2.980678572,6.811166627,1.0,6.529023552,1,58.04590372
20.0,12.12426427,6.226845946,0.102430897,7.182749494,295.6023353,77.03533155,0.0,3.306172188,1.0,11.20902356,2,16.97578884
22.0,3.794364322,3.531556191,4.1412097370000005,6.202701223,77.93133302,98.76220488,1.77932709,3.995233537,0.0,5.462,1,93.23563459
22.0,11.43821421,7.173576644,4.1412097370000005,6.478793832,259.7555596,100.0,1.852781672,3.04585991,1.0,5.462,2,36.179356595
17.0,9.809374615,3.046393554,4.1412097370000005,7.596760541,114.9911286,100.0,2.205699885,7.355820203,1.0,7.450692392,1,36.179356595
25.0,1.836966687,2.675361369,1.99693408,6.019602657,75.1874024,100.0,3.027400758,1.632695101,0.0,2.303300009,0,36.60651507
17.0,5.318525693,3.771381605,1.51682281,5.737107735,247.7530654,98.99121327,0.0,2.062128157,0.0,8.755672457,1,0.0
23.0,9.983167021,5.059556773,7.463160411,3.775372714,94.14046915,99.57619454,4.109042596,5.851841455,1.0,1.494472472,2,46.11780221
24.0,8.125999222,3.771381605,3.600740699,8.754156024,291.6383894,98.0583052,0.84488552,2.534976141,1.0,7.485408736,1,36.5097449
32.0,4.17358784,1.455794172,0.648221976,5.691287162,138.2205356,91.37152891,3.143182037,2.082800715,0.0,3.225184283,0,17.90269424
35.0,7.516084619,4.502029024,5.796711516,6.513051902,165.9822073,98.63061852,0.436258697,6.875310575,1.0,5.462,1,75.47741134
25.0,10.51322636,8.73302216,5.650634263,4.841317465,95.65620088,97.60530209,3.538874195,5.187607081,1.0,5.407421686,2,26.05812941
28.0,7.162852511,3.692196702,6.171544387,7.802471663,61.85092073,100.0,0.077334367,4.206715869,1.0,4.706154079,1,67.65139877
27.0,2.766271898,1.606249923,1.692061368,5.130395514,134.1620656,100.0,3.307153757,0.535383693,0.0,3.756277528,0,18.59070415
35.0,12.29626576,8.399558993,2.288495106,5.346563656,28.6227525,78.88270536,0.0,3.181111686,1.0,4.551301388,2,4.302159725
35.0,8.488013979,4.746898491,3.563648081,7.90520885,80.07619165,100.0,0.679541555,1.628336061,1.0,9.15186383,1,25.71180409
33.0,1.957766907,1.404888541,6.453411583,7.240038739,187.641965,97.24950847,0.467725739,9.74370312,0.0,2.264561059,0,77.48607369
36.0,2.341176135,1.819052961,4.1412097370000005,4.522696884,74.82518436,100.0,1.87551899,5.179319767,0.0,5.462,0,60.69167004
38.0,5.7027675,4.619421127,3.651993637,5.74466185,165.9822073,92.84461582,4.741970628,1.804192892,0.0,1.445985459,1,2.769275995
25.0,5.458950369,2.446132132,3.371152971,5.797757745,111.5840889,100.0,1.711002546,2.184452562,0.0,4.130630607,1,30.00476929
27.0,10.15405485,3.771381605,4.1412097370000005,3.939838415,95.48843826,100.0,1.1955286,0.019307488,1.0,5.462,1,26.32799741
23.0,8.669234634,8.001468011,7.252444598,5.324400646,196.1415537,90.86241174,3.753549851,5.440152734,1.0,3.801774351,1,44.94207855
24.0,2.58134038,1.680431521,4.290651225,4.525781006,308.7692814,97.27779091,4.835040567,1.040423678,0.0,7.428841262,0,33.83829383
16.0,7.016058588,2.985068176,7.514507779,8.460706941,129.9871122,100.0,0.0,5.353203718,1.0,4.020701362,1,94.79122427
20.0,6.675616964,4.156844254,3.211136764,5.707051358,119.1619231,91.69642637,2.0,5.15564727,1.0,1.21096783,1,36.179356595
18.0,15.42471906,3.723716674,4.212689674,3.691944647,11.05356755,98.22176704,2.619597884,4.983209132,1.0,4.798056502,1,27.25227101
15.0,4.56676894,3.38553747,4.619710039,5.526495828,165.9822073,100.0,1.899419539,9.811376238,0.0,5.462,1,68.48102485
36.0,7.0,1.703974114,2.628528731,8.427850945,81.76048923,100.0,0.79087359,3.739542399,0.0,5.462,1,52.43731436
26.0,5.431752302,3.397831142,5.2194762,5.539576487,264.4793423,100.0,4.576289951,7.253205723,0.0,8.353422698,1,52.90060229
29.0,3.301643396,1.065473762,6.251303289,6.517502160499999,133.3090119,97.78746406,2.032284832,6.105552456,0.0,4.317341328,0,96.41306312
20.0,10.77051789,6.420541831,3.823626895,5.359675023,115.1886267,88.73045159,3.606320861,3.112504783,1.0,4.24636149,2,22.7243039
16.0,9.31513169,4.987703855,5.515713554,4.107091323,211.5515453,100.0,4.770478883,9.753924524,1.0,7.820790676,1,32.94590312
35.0,11.18893216,10.10470865,5.460551006,8.009986184,245.7563074,100.0,1.017938203,6.107498889,1.0,9.277974776,2,0.0
33.0,4.076132545,2.915928657,5.641851029,7.433564988,274.2450956,100.0,0.784301295,7.715037267,0.0,5.694572735,1,66.39611962
24.0,12.02485404,4.7939855,0.768940737,5.762975994,221.2529852,79.00013606,2.226310339,3.643157125,1.0,9.175492138,1,0.0
15.0,3.709038966,2.616475604,3.378844164,3.476843243,58.51094014,98.59438032,4.342112172,1.93661642,0.0,1.714240253,1,24.16420109
27.0,2.265798185,2.773368122,3.631183826,8.480546488,285.7485847,98.15223446,0.0,1.63043208,0.0,7.635522324,1,64.92374252
21.0,12.10809749,5.719472952,7.148313019,8.402347027,226.8982265,99.00287007,2.141638285,11.48781208,1.0,9.265821237,2,61.44970184
27.0,7.416278753,4.528764914,0.885936931,5.15180926,198.1022188,100.0,1.847864225,3.554738369,1.0,3.54866699,1,0.0
31.0,8.392697015,3.336794556,3.848486504,8.579439828,233.9001653,100.0,0.0,2.951228164,1.0,3.432886141,1,49.17293557
17.0,3.957379235,1.617811667,4.844254759,7.015107967,249.3535472,100.0,1.585433013,4.0,0.0,1.79825837,0,71.76862913
38.0,9.814293208,7.272515347,4.242640204,6.517502160499999,78.31655647,99.07495909,1.624567907,1.133210323,1.0,2.484260024,2,0.0
17.0,5.957814318,2.844952763,3.288737342,8.260862362,161.8244607,99.4854232,1.753384511,1.858948707,0.0,3.718432616,1,89.39308443
32.0,11.07226971,4.962402136,4.473976566,7.024606018,165.9822073,100.0,2.0,2.796388596,1.0,5.462,1,35.20325814
34.0,7.932529693,4.933347886,4.1412097370000005,5.73834741,32.34331874,100.0,1.686255105,3.386037659,1.0,5.462,2,36.179356595
37.0,9.810992677,8.369915884,7.889875655,9.156545295,150.6825031,100.0,0.078615949,8.451839054,1.0,5.484506956,2,41.68641223
33.0,11.58472364,6.749942454,2.619955634,6.977399306,0.0,90.40937892,0.0,2.105253827,1.0,4.90916299,2,11.54975315
27.0,6.113090592,3.745894647,7.64483284,4.692230904,1.741743167,99.00085662,4.11446084,4.333240681,1.0,3.085190786,1,76.26638034
39.0,4.992488885,2.258825688,5.744010338,6.436030302,177.2019037,100.0,1.287248264,1.369931719,0.0,0.963686307,1,62.69886111
18.0,9.974892483,9.312253668,4.1412097370000005,5.57418172,260.3344309,100.0,3.36428738,1.58879223,1.0,5.462,2,40.57683136
27.0,4.640186229,1.353731667,3.1917234,6.797685473,173.8938821,97.63138762,0.0,1.655269788,0.0,5.49865247,0,48.87269648
27.0,5.279797263,3.730433723,7.346376047,4.751719573,165.9822073,93.49790126,4.513109105,5.326393645,0.0,5.462,1,74.9676476
20.0,3.029844956,1.91809825,4.1412097370000005,6.728584475,142.9782293,98.80401961,2.86012751,5.36434009,0.0,5.462,1,87.38451716
21.0,3.464957695,1.384286936,0.857514903,7.510240655,192.4218949,100.0,0.95879292,0.0,0.0,6.06880557,0,15.80083288
16.0,12.45045585,8.897452515,4.1412097370000005,4.167497047,165.9822073,71.90369694,1.723312657,2.17970465,1.0,5.462,2,0.699641605
24.0,3.411100382,0.742349595,1.769071675,8.232533788,209.0261838,99.71151418,0.274323999,4.546865821,0.0,0.519963885,0,40.4014887
18.0,6.20619086,2.935369714,0.0,5.595433677,233.6032814,96.39447743,2.29495673,0.0,1.0,9.702730063,1,2.527830542
25.0,5.064888514,1.547226729,8.479702749,4.805165407,516.055024,100.0,3.735812564,6.04068266,0.0,5.359464062,0,91.17886945
15.0,14.96309705,5.718442655,5.725079121,6.255940398,289.8900817,100.0,1.210932648,6.215301765,1.0,12.36898299,2,35.5031499
20.0,1.603527729,0.948544605,0.08335219,4.661342425,91.06748281,100.0,3.344203178,3.336463056,0.0,-4.183338095,0,32.50183098
15.0,6.073049226,3.976441182,3.547005791,6.667622835,180.0371436,100.0,1.564356296,0.476903131,1.0,4.510131621,1,28.94469567
39.0,10.06481272,4.367058786,5.504949315,8.962994513,25.34946218,100.0,0.026883601,8.699891352,1.0,1.020531991,1,50.14569813
23.0,5.821254233,2.468662744,2.251765322,4.846393927,123.6758309,100.0,1.304960457,1.772695443,0.0,7.295458013,1,18.03427403
20.0,8.45235199,3.40971926,3.767957598,5.47090188,274.2149085,100.0,4.085914712,4.0,1.0,6.370045094,1,46.14324664
28.0,8.359351173,3.061425397,4.276313969,6.859107313,119.9203035,97.85989893,1.027448457,0.0,1.0,8.253720112,1,30.46496171
23.0,7.028345472,3.759116263,6.974317647,6.669211656,137.0357707,98.96759391,0.498398441,5.774260808,1.0,6.068291672,1,70.45507664
35.0,11.06067343,7.690772127,0.943631773,6.680473929,107.2879282,88.12446656,1.708971346,4.394846339,1.0,7.835705221,2,0.0
35.0,12.14592241,4.471266758,0.622063154,6.517502160499999,107.0752525,98.73250554,1.031848615,4.559302009,1.0,10.29862616,1,0.0
36.0,6.304826972,3.218688406,1.181643643,5.99125844,172.1139131,100.0,0.794347631,2.372033574,1.0,4.351363996,1,6.877738332
39.0,6.481856712,2.77111515,0.428992954,4.394253632,149.7385107,93.97012198,2.199967364,3.397207498,1.0,4.576469896,1,7.723576522
26.0,3.129161543,2.220467473,7.634334252,7.185891484,200.1509342,99.72561653,0.0,4.0,0.0,5.122023031,1,81.6168666
26.0,3.507476256,3.235248547,7.688923907,7.343142579,128.287821,100.0,1.862944946,4.0,0.0,0.133190726,1,77.24656634
33.0,11.7383965,8.663304454,6.539567277,6.517502160499999,61.08142599,92.92453713,4.461825959,4.052501889,1.0,2.477323435,2,28.88079313
31.0,7.92476906,6.640683082,0.0,8.037778899,277.1968859,78.9818653,1.008040132,3.906965325,1.0,8.863729928,2,2.180364555
18.0,7.845495761,3.248872815,2.13118726,5.107912286,45.04731014,99.13784151,1.337234833,4.0,1.0,2.420057106,1,30.11913714
17.0,2.32904388,1.765167725,0.317898819,9.01970085,165.9822073,100.0,0.668465725,4.027450684,0.0,5.462,1,30.59652207
17.0,11.28819582,5.499383811,7.469950405,8.33781978,146.3494299,100.0,1.812332998,7.414704825,1.0,7.880819002,1,67.64891112
15.0,5.598384131,4.218909502,2.879887381,7.789061276,217.9413248,100.0,0.025463901,0.0,0.0,5.14208247,1,16.81670222
24.0,7.0,2.620100253,3.335013365,7.313598277,99.61812298,100.0,0.0,6.465677624,0.0,5.462,1,43.80284924
24.0,10.85494771,7.88915348,4.012019922,6.106912976,185.1193553,84.82091012,3.800504776,2.937729624,1.0,8.60358397,2,0.0
36.0,4.651073535,2.819204494,1.905590419,6.966014864,153.4816152,100.0,0.872014405,2.451842525,0.0,7.198580756,1,18.60281636
16.0,8.002174006,7.003338399,2.347242045,4.465587844,178.3620388,87.94402243,1.65855049,4.225889658,1.0,7.445974281,2,0.0
29.0,9.603714013,6.233780574,3.423107005,6.03522013,215.646868,84.01723538,2.872713211,1.326177074,1.0,6.185804881,2,23.49136727
35.0,5.220079553,4.893474805,4.486779584,4.561242374,86.33428082,100.0,1.930584627,4.451032259,0.0,0.117285614,1,42.59488632
21.0,11.16340921,10.01322906,2.195308102,4.869872706,175.0373235,62.12568016,3.457224567,1.903685636,1.0,7.667678703,2,0.0
15.0,8.780651618,2.619339904,7.446692623,4.718234606,618.5742511194022,100.0,1.98297171,9.288534535,1.0,6.730953606,1,77.28704035
27.0,9.109626105,2.395523522,3.614509393,4.257837839,60.31823066,100.0,3.068633651,5.02841567,1.0,3.735855475,1,54.43800998
20.0,8.523160239,3.771381605,1.870916997,5.685978759,86.0922382,89.86975668,2.122844455,3.128399523,1.0,7.437575442,2,0.0
23.0,4.456901384,2.13709384,1.71264728,6.162760562,220.7478548,94.27595516,2.166338546,4.0,0.0,7.183959237,1,19.91723196
27.0,7.0,3.859393221,4.092015979,9.221126455,317.4883541,100.0,1.334498008,2.925215585,1.0,9.524200135,1,36.179356595
37.0,6.987777634,3.931045312,4.1412097370000005,8.504987524,165.9822073,100.0,1.350316236,5.691503686,1.0,5.462,1,67.63863638
29.0,11.87520207,6.516994938,6.188457434,6.925480393,10.02488626,100.0,1.202241501,4.0,1.0,1.50326473,2,40.34680729
27.0,4.121524343,3.61717962,1.6275444,6.725161682,146.8140378,100.0,2.608180516,4.0,0.0,5.462,1,35.04719112
28.0,3.706581026,1.00029809,2.072990002,5.146087506,243.8607518,99.52870352,0.580580484,1.164162285,0.0,4.028114221,0,36.179356595
28.0,6.004061105,6.01571659,7.830036427,5.909345181,196.1502615,98.35763418,2.597696784,5.706596085,1.0,5.344799335,2,54.81063129
22.0,8.147542148,3.259380382,1.419465928,8.056991551,207.3215734,88.352775,2.630560633,0.0,1.0,5.744341492,1,4.445556908
28.0,3.964469222,3.416388785,6.127508269,7.567979565,262.9356582,99.1811005,0.0,6.186127151,0.0,5.566569918,1,54.35571546
16.0,3.934690604,4.261552704,5.965943804,5.339053346,113.7394974,100.0,4.164655027,6.000551396,0.0,2.123329107,1,50.8645245
20.0,5.838311717,2.475678576,8.080302937,6.517502160499999,263.4702408,100.0,1.262906771,7.496254927,0.0,6.964453919,0,36.179356595
18.0,16.91011983,5.639871051,6.813070064,7.864342771,56.45055892,95.80244326,1.282293671,4.690002577,1.0,1.823269872,2,29.97116425
18.0,1.985722704,1.64753486,7.636502367,6.742209678,42.39714781,100.0,1.0353591,8.971450138,0.0,0.453376024,0,83.02631331
23.0,2.367085691,1.380589542,3.851114779,6.247340557,126.3415671,97.07673754,4.250078884,3.916529834,0.0,0.416086083,0,56.48330292
25.0,6.280338768,2.300030411,0.968053946,5.67325236,150.4802994,99.63655558,3.785405724,0.188876303,1.0,3.930719329,1,7.596641842
39.0,8.48664248,7.447974969,0.684392227,5.864925643,270.6049832,78.66355086,4.256749698,0.508827461,1.0,9.16491094,2,5.450288789
35.0,8.362174628,5.961246086,6.976662262,5.160531627,97.6106974,100.0,2.742031196,4.0,1.0,6.42896243,2,65.12737523
30.0,2.828901439,1.805850333,4.29439399,5.374218986,208.2738883,100.0,1.360667601,3.341356093,0.0,2.608407068,0,54.23750999
39.0,11.98887028,5.61317819,4.059466775,8.388187384,229.13328,100.0,1.731844204,2.118735072,1.0,5.803647385,2,42.52069097
25.0,6.764253791,5.516077489,4.37873103,5.794245221,34.90867909,100.0,2.320496293,4.953454333,1.0,0.876132284,2,23.71576111
22.0,3.763513508,2.089511696,4.1412097370000005,6.939553877,129.6670775,100.0,0.0,2.110843816,0.0,5.462,1,39.09613935
24.0,7.923684275,2.950112337,3.734580937,7.140330564,297.9061351,98.26996108,0.589800719,1.837998638,1.0,12.53768228,1,59.8185373
34.0,2.589910477,2.361620213,0.491580943,9.117781373,155.107123,100.0,0.454584591,2.62694969,0.0,5.026285164,1,18.02891303
32.0,9.340808136,7.83505653,7.747479721,7.434575558,45.425993,100.0,0.0,6.61885118,1.0,1.748177657,2,45.98126982
17.0,4.161656092,2.270970891,8.137531251,6.543178526,588.1116425,100.0,2.0,9.738224127,0.0,11.11926068,0,90.35365822
35.0,8.174029612,6.713369195,7.487523396,7.399029405,250.6779602,100.0,3.596905771,10.05899743,1.0,9.996253997,2,68.47680566
18.0,3.14021079,2.169912948,1.51240789,4.194235118,223.9133831,89.63927065,2.801349668,0.0,0.0,5.113898682,1,15.661862
19.0,11.14016797,4.906291289,0.804153079,4.622052394,119.2131255,96.8806358,2.649616273,3.69103647,1.0,7.256350012,1,1.323361446
35.0,5.19617312,1.226161499,7.727663017,6.517502160499999,83.54488619,100.0,2.900280199,9.044577739,0.0,1.139809761,0,81.94199396
20.0,6.531162259,3.046290428,5.033623388,7.686352143,186.9252517,97.95962541,1.454901542,7.965213102,1.0,6.886131061,1,49.70014326
36.0,8.135697684,6.584526084,3.898391152,6.551193511,67.23495978,94.99304802,2.0,0.245574981,1.0,3.192233985,2,3.21104965
18.0,3.502708218,2.211383783,1.158514252,6.524524869,108.3359929,100.0,2.235292253,1.362676718,0.0,5.315092895,1,23.1250587
36.0,3.105690508,2.229201477,3.209996254,7.908704492,52.12765817,98.12682429,0.275714842,4.849148078,0.0,3.757941026,1,52.13690085
21.0,7.535459882,3.001994807,3.543036782,4.174264898,105.3503487,100.0,5.419311214,4.54626058,1.0,6.038805618,1,49.79465259
23.0,5.524673652,4.901767059,6.280003128,9.230802843,165.9822073,99.47953871,0.0,5.218267181,0.0,3.326010047,2,36.179356595
31.0,12.5539547,10.25992574,4.1412097370000005,4.758887166,236.1224171,61.92731662,3.078258247,3.254353198,1.0,5.462,1,0.0
28.0,13.99131981,7.436906526,4.341824959,6.043601383,296.6699997,85.91272452,1.010004393,0.899726328,1.0,11.17856423,2,0.0
20.0,8.482897455,4.315612987,1.478286879,7.396703379,213.2517657,98.84777008,0.0,4.0,1.0,6.725852693,1,19.76591643
23.0,4.659713832,3.567849016,1.470678779,8.630169369,292.2003907,100.0,1.384024415,4.0,0.0,6.174622295,1,0.0
16.0,10.19640651,3.771381605,0.271009834,9.310103933,42.30966637,92.31486758,0.0,5.212389487,1.0,5.384357558,2,4.482839025
36.0,6.883150942,2.48339349,6.29067677,4.831773877,151.9271946,99.98174682,1.949258739,9.285054472,1.0,5.551387364,1,51.14465351
23.0,11.0623721,9.804312637,0.871671381,7.010919654,251.431345,50.98922515,1.291115571,1.84846372,1.0,9.052691111,2,0.0
20.0,4.95020367,3.611327124,4.063088277,6.522173601,24.6783077,100.0,0.0,3.656026774,0.0,-0.999883132,1,79.81129832
17.0,4.542223436,1.635147473,4.310229399,5.968328946,244.7474829,100.0,2.520806289,4.690459758,0.0,3.955499478,0,45.62078299
27.0,7.705333237,5.507539856,7.2424683,4.501828549,27.74761863,99.74128653,4.433585836,6.545571015,1.0,5.615569905,2,40.41797773
25.0,7.0,2.977466214,6.402949026,5.666291353,222.6779387,100.0,4.594918253,8.988331523,0.0,5.826877658,1,84.70270441
34.0,7.0,3.534469196,5.44962594,3.5147198,206.8386175,100.0,2.214336625,9.200739647,0.0,2.799001667,1,25.58943815
16.0,4.370924477,2.425632358,5.363050929,3.702312312,252.161653,100.0,3.16552233,1.86306737,0.0,8.197788583,1,48.12047056
37.0,10.39170494,5.551940385,1.839455704,7.624052466,313.0116767,88.45634514,0.241405274,0.729259611,1.0,6.009876434,2,4.373084801
27.0,10.92707949,3.110586827,2.710980151,7.620048175,111.9067695,96.05241137,2.574679052,2.707903159,1.0,11.44443277,1,27.94512745
15.0,4.793652253,3.032414138,1.728727251,8.147029253,215.1873998,100.0,1.144263198,4.813207281,0.0,6.706060364,1,26.20329746
22.0,4.02559397,2.070706206,3.353159017,7.966411997,67.38828024,100.0,0.0,5.741233556,0.0,3.485652787,1,77.65722789
27.0,9.023107317,6.067621179,0.352166827,4.516412692,167.5655339,89.98437237,3.95534255,1.448095531,1.0,9.43179117,2,0.0
33.0,5.170857818,1.74057533,3.745948522,7.198792111,181.2907137,99.95019099,2.117473817,2.271197879,0.0,5.536883832,1,48.20044777
29.0,5.970786107,1.911969821,4.74211319,4.186038819,111.9998094,100.0,0.734216749,1.845014095,0.0,2.924743244,0,36.179356595
32.0,9.862409045,5.192619126,0.286463213,7.296126212,221.7854517,68.70954483,1.245563858,2.94917505,1.0,12.08007997,2,8.620204436
29.0,10.87462041,7.124766871,6.008709294,8.273418123,248.8027102,97.01624382,1.990003714,7.45173831,1.0,7.363166507,2,34.74571815
25.0,10.32365902,6.190036087,1.559035827,5.294674798,77.94573822,81.18752019,3.607884431,2.474713056,1.0,5.53014178,2,13.47234348
22.0,4.01629844,2.451942406,5.202477055,8.525806864,230.1527407,99.36321925,1.748576032,4.957208323,0.0,5.068302725,1,59.4655312
22.0,5.688568386,2.904599007,3.030476489,5.747243011,165.9822073,100.0,0.599865944,0.7299175,0.0,7.892062706,1,26.75239255
21.0,7.235495263,6.529430923,5.5565591,6.517502160499999,110.3283087,98.73055798,2.317201068,6.261596319,1.0,3.496921713,2,24.26925732
33.0,11.86293406,3.988384839,2.580515104,7.822384083,304.0632889,96.06595048,1.803157417,4.0,1.0,14.54002098,1,51.74649238
33.0,8.092472772,2.518384646,3.44489403,4.529390094,244.1581027,100.0,4.528539081,3.214613354,1.0,10.54883114,1,39.11536567
20.0,12.10789044,6.63211054,4.818068808,7.891493658,324.5142174,87.82106915,0.0,4.0,1.0,11.17800241,2,4.576048909
38.0,2.762967398,1.912373268,0.678828169,8.084838602,235.8710742,98.04101981,0.330870484,2.221308105,0.0,3.963151224,1,17.15715821
21.0,4.188002942,1.525091482,3.792753544,6.922848229,48.06840996,100.0,0.852357765,3.129667103,0.0,3.9197808,0,57.85261355
26.0,5.651164839,2.531495786,3.541075262,6.517502160499999,267.2678802,100.0,2.74235656,1.11152693,0.0,2.917358789,1,24.16995193
35.0,4.994334709,1.921298208,1.110047259,7.451737384,139.5469376,100.0,0.0,1.582026313,0.0,6.437680343,1,36.179356595
24.0,1.236245909,0.0,2.399702771,6.375363949,169.4662694,100.0,1.237422159,1.748028539,0.0,1.639898081,0,40.16811422
21.0,10.60210764,8.235998396,4.102567763,4.33717706,279.6547088,68.7923678,3.803998373,2.292688167,1.0,12.17590517,2,7.464541422
32.0,6.819309277,5.871963202,1.156709919,3.7573045,202.2944577,80.42168895,2.371438476,3.543997613,1.0,4.336903147,1,2.464576295
21.0,12.19729783,5.015198875,2.077769162,7.092600337,617.3482836,92.44098706,0.0,3.277272261,1.0,16.4978949,1,4.639615868
21.0,12.0760609,7.189519668,1.250868999,8.060710984,201.1955087,88.69704913,0.523105321,0.986471257,1.0,10.56296818,2,4.967607254
19.0,12.1203436,8.883860635,4.460856741,8.5155471,194.2450153,94.51143525,0.716970891,4.301994779,1.0,9.810039323,2,8.031009162
27.0,4.551148519,3.836493712,2.9349585,8.988177539,229.7666533,100.0,0.431594357,1.020119682,0.0,4.738221686,1,37.98036923
34.0,5.168482081,3.023565657,0.215751364,6.175857829,145.7986251,95.23092767,3.040620088,2.277851155,0.0,4.771238231,1,11.62226652
24.0,11.10568899,6.461374527,5.252873741,4.837875741,35.13201556,100.0,2.729579003,10.72675881,1.0,6.584895205,2,0.0
39.0,3.753241365,4.033372303,4.516684244,8.487868726,248.4448037,100.0,1.399182441,0.0,0.0,7.504102733,1,66.36014124
16.0,3.891394712,1.372283987,3.029707735,8.831583348,217.0327717,99.02661361,1.598704033,2.481066897,0.0,4.673917904,0,50.7680465
16.0,6.47919245,3.887011408,4.42749124,5.706760422,256.1251142,99.76467432,2.397042804,4.870506716,1.0,5.819587419,1,51.56350261
36.0,5.878656257,3.487451012,6.655994813,6.345983043,203.8546182,100.0,1.903586522,9.340843003,0.0,2.281583,1,38.91093253
35.0,4.891509999,5.276447927,2.335725205,5.454063762,104.846037,94.08546425,1.054835138,4.542512385,0.0,4.349231413,1,30.85078735
35.0,2.113723392,1.081604105,1.134111653,6.19159066,164.6648244,100.0,3.807868236,0.0,0.0,5.63518276,0,40.20460162
31.0,7.0,3.798024299,6.592806176,8.589367612,289.4321802,100.0,2.047864281,7.911384145,0.0,5.462,1,87.65659676
27.0,10.55190572,7.978345869,5.888084531,6.517502160499999,228.841016,91.61386091,3.237733004,8.334877291,1.0,6.23635531,2,9.179256509
23.0,5.202794822,1.588525036,2.059460589,4.229039728,289.2553231,100.0,2.617748153,4.0,0.0,5.462,1,12.09348791
15.0,7.0,1.737500961,2.166560401,6.575663534,227.2918049,100.0,0.0,0.866453431,0.0,5.462,0,33.21770935
20.0,7.713174672,4.313510387,2.211359386,6.949704913,79.26337562,97.61788219,0.725192826,2.962832697,1.0,6.534899922,1,0.0
27.0,8.371098125,3.745027756,0.328187195,6.518790936,129.7042953,84.09290995,5.081140253,4.0,1.0,7.114602529,1,0.442843704
36.0,10.88846864,8.323533425,4.378378146,8.225405582,96.83514865,100.0,0.505256221,0.0,1.0,7.004781446,1,25.61278068
38.0,8.792531824,4.961685815,0.201139181,4.275006814,65.20209024,86.67287982,3.87845108,2.255355341,1.0,4.066306841,2,36.179356595
22.0,3.589276943,0.986183162,1.589952902,6.517502160499999,227.9937616,95.42625718,4.599209054,1.699070232,0.0,5.572695275,0,25.77667809
21.0,14.31404174,7.148119567,7.938256359,7.390086843,517.5796867,100.0,1.208381489,6.401431599,1.0,15.71383878,2,57.99260667
27.0,11.63057966,7.491306583,6.458245891,8.349065784,148.981027,98.46075574,1.430691302,6.042262514,1.0,6.685797281,2,19.817593
33.0,7.593980629,3.173383002,1.018566068,6.517502160499999,213.7410884,100.0,1.582296113,1.824541798,1.0,4.178716768,1,0.0
16.0,9.66655467,4.255452918,3.323179606,8.761212079,71.56065467,100.0,0.0,1.376643036,1.0,8.692538887,1,38.24350936
19.0,4.203582732,2.306200653,7.384877658,8.538807996,165.9822073,100.0,0.593015804,9.92419227,0.0,5.462,1,70.09585564
35.0,6.449770632,5.30035642,2.965424962,5.929972073,218.6341094,100.0,2.662821078,4.333329934,1.0,6.777125864,1,20.43876292
28.0,5.458965853,4.67539828,1.555077847,7.288027908,250.3404272,89.92127743,1.384294198,2.363707946,0.0,7.467949366,1,0.0
30.0,7.302193698,3.897571306,8.621387043,6.517502160499999,4.745051735,100.0,2.0,6.761467033,1.0,4.527057826,1,94.88592703
20.0,3.755402572,0.0,0.179604352,7.247400576,74.20542988,100.0,2.0,0.185080237,0.0,1.822471053,0,48.2223129
26.0,4.2065691,2.768563807,6.622167387,7.0035628,70.81607028,100.0,0.151102989,5.789669697,0.0,-0.403509639,1,76.78974536
29.0,10.92290588,6.280353429,5.998127735,3.266640736,247.905258,100.0,1.594234126,6.384794627,1.0,10.32027383,1,37.26764491
20.0,4.177709392,4.24286957,4.1412097370000005,6.465543752,233.7756963,96.98392483,0.113077171,3.316063162,0.0,5.462,1,12.82628884
23.0,6.947122819,3.771381605,7.993261023,5.73848757,161.3188313,100.0,3.093213722,8.328091586,1.0,2.282189511,1,54.55679953
27.0,10.71535106,5.589490783,5.865853938,6.603061631,210.7746664,100.0,0.0,5.849914184,1.0,9.990778172,2,38.58332129
17.0,1.428249295,0.0,6.863009259,6.133503316,69.29399751,96.54370252,0.385927298,3.978136592,0.0,0.631017666,0,100.0
22.0,10.13936729,9.125742448,4.521826718,6.143007466,204.8114656,91.16138564,1.610986035,9.104464546,1.0,6.013449048,2,11.59494498
27.0,3.026432741,1.998137425,5.113954596,5.002604428,265.5798025,100.0,4.043277653,5.086050611,0.0,6.271273795,1,40.75865573
33.0,6.834471673,1.666810393,3.000487459,3.741082476,569.9815403,98.79759263,1.765216634,2.184430676,1.0,14.59810694,0,66.68682806
38.0,9.329304782,6.998710576,7.488948737,6.133421944,43.46077845,96.95965058,3.194877876,4.0,1.0,3.111093919,2,53.1899251
21.0,2.543005522,2.117739299,5.928779432,6.793460007,165.9822073,100.0,1.700155018,5.099440007,0.0,5.462,0,60.62374675
15.0,6.211413376,4.349541919,2.089428081,6.68438673,196.3071584,100.0,2.295518079,0.72317733,1.0,7.657402702,1,31.97344786
36.0,5.410889251,5.36954991,2.116444723,8.057168819,138.8408024,93.7202892,2.174704129,0.0,0.0,6.675710775,2,5.503519907
24.0,7.808003923,3.579681923,5.971182438,4.926706053,235.8535287,94.91368671,3.99710573,7.217576796,1.0,7.044308541,1,36.179356595
29.0,11.750102,10.49143341,6.598807799,8.591219288,19.85627219,97.00388353,1.718257569,6.519335338,1.0,3.751303464,2,11.40181563
27.0,9.951861131,7.794659024,0.049568212,8.142604377,219.0800833,81.07302515,0.0,2.842951977,1.0,9.820783747,2,6.735637982
35.0,7.144818367,6.323930409,5.723853546,5.176132807,242.1988281,94.4835432,2.151622492,7.978103769,1.0,9.080988334,2,30.98010326
39.0,8.916901495,3.853433481,6.776450609,8.520432828,281.0913402,100.0,1.676885053,7.939268369,1.0,9.307207035,1,81.79223881
29.0,7.0,1.073115103,3.686337255,5.924913479,95.76227589,100.0,0.745623375,3.22310635,0.0,5.462,0,50.47818765
37.0,10.19367522,8.469878678,6.21443012,5.494533913,187.4239502,93.36509499,4.030707459,5.202272831,1.0,7.092293042,2,13.96367262
16.0,9.629667837,4.141940584,3.67309833,4.820472203,152.3319939,95.92943536,1.971153564,0.435522691,1.0,10.0908638,1,14.14604533
28.0,17.30897526,5.777506303,6.345930054,8.897524689,376.993855,100.0,0.528226709,6.087912214,1.0,9.202432105,2,61.30281206
19.0,7.0,2.587067979,6.35910982,6.095125885,296.4513108,100.0,2.678724934,6.00070974,0.0,5.462,1,69.0767588
36.0,5.59862244,3.771381605,2.350687677,3.984955505,437.037034,94.99413249,2.399128951,1.091434851,0.0,8.004756612,0,32.3260853
31.0,6.352467448,4.09391213,2.685884686,3.430115439,174.6192276,91.12463642,2.91646818,2.248677684,1.0,4.776672385,2,12.8549899
15.0,2.550992365,1.726735393,2.695456547,7.559368585,210.1037108,98.81243969,1.145340561,0.552494693,0.0,5.326745004,1,35.50897731
33.0,2.473142224,1.741737221,4.329097551,6.753018554,166.9114593,97.41751885,2.260178976,1.802338757,0.0,7.027314405,0,38.69969157
25.0,11.1355159,3.771381605,2.377335178,5.475326492,324.1001046,79.22090549,0.822360084,3.029483272,1.0,12.6436582,2,3.238192788
31.0,11.45493083,5.453473112,0.451363222,7.910077171,280.3572593,82.64342781,0.0,4.0,1.0,14.44090236,2,0.956951024
20.0,4.177027479,2.739462606,8.154655434,6.906451253,210.1635022,96.67082378,2.089771185,7.329442773,0.0,3.677868064,1,87.77160209
19.0,5.038654396,3.771381605,2.220077589,7.561173287,96.07249949,97.26699273,0.0,3.31433825,0.0,2.822347491,1,35.349456
23.0,7.995912803,3.405286794,5.76020241,8.398156419,5.893154345,100.0,0.0,5.256851253,1.0,4.708194199,1,70.41679837
19.0,12.83710157,4.829187118,5.583012569,6.517502160499999,618.5634084,98.06128183,1.865487985,8.588217895,1.0,5.005584892,1,59.95200341
23.0,5.275946224,3.771381605,2.278028396,5.807294453,38.03737251,100.0,1.98781147,4.292886944,0.0,3.075692455,1,24.54000069
27.0,10.45962911,7.491606881,7.178155417,7.987134945,240.6988516,100.0,0.205905643,9.053643877,1.0,9.952097667,2,28.38369913
26.0,4.190445694,2.00896448,6.350270606,8.456776793,310.1409836,100.0,1.130782178,3.809292448,0.0,7.517985211,1,72.16663065
16.0,10.20349926,5.234670912,0.0,6.96701977,93.76872757,96.34121243,2.676127747,4.02676275,1.0,2.772123683,2,36.179356595
21.0,8.515778552,5.97218795,5.356574928,8.593350375,61.71730773,100.0,0.671986256,4.0,1.0,1.193272832,2,41.12116839
29.0,2.474035991,1.395939581,3.165557089,6.370399467,357.7013977,98.43328595,3.142875536,4.068942062,0.0,7.212609063,0,78.54752477
20.0,4.612592695,3.837434591,1.10669297,7.970649231,165.9822073,100.0,3.467661246,0.876300661,0.0,5.462,1,36.179356595
27.0,5.941744968,5.930981517,7.399877448,9.001411018,180.0996406,100.0,0.0,8.161967212,0.0,5.381162237,2,79.88476226
31.0,2.350271927,0.398822831,6.61023986,8.07300922,223.1831454,100.0,1.998692184,5.311743503,0.0,3.643399153,0,36.179356595
19.0,11.5106551,6.717350913,5.687279032,7.057243686,38.64954199,98.91397342,0.241968291,8.613234379,1.0,6.282614659,2,46.6519807
37.0,10.89767243,5.316207791,3.815059958,6.271480646,274.447287,87.3482436,1.57207371,2.136092581,1.0,10.66705417,2,32.17753048
29.0,2.073862822,2.123797785,7.793790999,7.089840419,216.884336,100.0,0.936180333,9.551721234,0.0,2.779259637,0,100.0
39.0,9.115054403,8.237916121,4.627907971,5.980512861,21.17112353,97.21349898,1.320072181,1.561534892,1.0,4.667777772,2,22.0649356
26.0,11.05339603,4.048875486,1.063091634,6.104944482,165.9822073,97.12466989,2.389497922,4.499091824,1.0,9.030038432,1,12.41566388
34.0,4.10938914,2.222073486,5.398164439,8.315292405,218.5136532,99.38649233,2.195764384,8.890898481,0.0,6.079160246,1,69.59666467
28.0,4.824962734,3.78356314,3.021369011,6.935513471,143.5483107,100.0,1.482458808,3.911135159,0.0,2.683231529,1,48.75526803
36.0,10.04217175,2.91933497,2.984191045,6.334296859,77.84830299,85.44571707,3.400394226,4.861282478,1.0,6.657687445,1,17.25821997
26.0,12.30111292,8.774448727,3.679545956,8.200466043,165.9822073,94.09145234,2.293349981,0.171613097,1.0,5.462,2,11.46663644
39.0,7.810584847,6.032231246,0.744870249,6.517502160499999,262.0156634,89.44961787,2.00801182,0.0,1.0,8.324396921,1,5.231194604
18.0,7.081423321,5.513451358,4.5194542,5.844122308,245.5114807,89.63361182,1.074937318,1.795688832,1.0,8.365005417,2,18.03231817
19.0,9.425797119,5.674503095,6.096779313,5.218857117,146.0085387,100.0,2.782608719,6.82556656,1.0,8.889432094,2,28.19377358
18.0,9.692672737,6.008724928,4.82542804,7.074478544,323.1795924,90.03662107,0.0,7.705951866,1.0,7.822270827,2,53.40899825
16.0,4.426059193,0.775563389,3.773083482,7.826848396,228.7946554,97.25037516,0.270908219,4.0,0.0,7.565393387,1,62.66186847
27.0,4.725794568,4.290460356,5.943553739,4.353727523,191.6871467,99.55833467,4.19240308,6.799677935,0.0,6.586560972,1,69.16582827
27.0,4.842889752,2.89489238,4.327372879,4.589687603,148.1324616,100.0,2.298711004,3.012009433,0.0,3.671362846,1,32.79346558
18.0,7.426531766,3.984168812,1.090844827,4.83395371,172.9088398,81.24997841,2.922257834,1.467614684,1.0,8.445992469,1,0.0
35.0,8.377645722,3.174638039,3.866296472,7.399473203,137.8896178,94.80111163,0.0,2.622216067,1.0,5.277581043,1,26.67917023
20.0,2.015162398,1.931827078,1.520200019,6.792496796,294.1533255,95.79419186,1.567873563,3.303590306,0.0,8.946993634,0,22.81905149
21.0,3.456982703,1.174892268,6.89205091,6.517502160499999,454.495107,100.0,4.301837051,8.550232609,0.0,-2.490631064,1,100.0
19.0,4.579319548,2.169214394,6.869971789,5.003352003,165.9822073,95.93577914,3.036375352,5.987439846,0.0,5.462,1,61.69795695
31.0,10.62907882,9.125942409,6.323800651,6.517502160499999,229.549573,88.48389373,0.7806317,5.954247452,1.0,5.78383435,2,4.896943898
35.0,11.11664952,6.533832581,6.77498717,5.119075187,40.88555186,100.0,4.519650038,9.045245338,1.0,4.523479546,2,46.79128004
35.0,10.03196137,7.943066551,7.648050706,7.326184873,103.5862449,99.90318632,1.387011666,8.925724279,1.0,3.165389705,2,41.6091219
15.0,6.837036621,1.36812484,2.801345228,7.511013668,211.1597385,99.57191274,0.0,0.0,1.0,9.794329918,1,51.8012271
23.0,3.204796418,1.347156743,4.521543279,5.892704719,221.6280848,100.0,4.029490287,2.172841945,0.0,4.220379817,0,43.0865486
19.0,11.310799,4.255383457,0.0,4.331750075,121.481127,96.13361576,1.425058192,2.359843441,1.0,7.000813329,1,1.221927046
32.0,11.2526348,3.834595247,8.491741382,8.419006177,177.0055764,96.42078101,2.083712963,4.0,1.0,5.462,1,95.60672485
34.0,9.072935472,5.35019975,1.99795064,5.556703044,191.8762484,89.22667279,0.108892316,0.0,1.0,9.238881828,2,36.179356595
34.0,7.0,5.883345036,5.056134466,7.542565705,140.7987465,96.91811431,2.0,2.230177757,0.0,5.462,2,50.00570806
26.0,8.415154487,4.476846323,7.105113858,4.980386003,165.9822073,100.0,1.427190293,8.7424621,1.0,3.943695711,2,54.11516146
32.0,6.638497552,4.426295776,1.507553767,7.921230551,159.8274116,96.89574909,1.933525144,2.458923425,1.0,3.811041688,1,25.85714929
38.0,7.0,2.994566799,0.909037221,6.682191461,173.8217664,91.70038624,3.301168897,1.989030447,0.0,5.462,1,11.36905535
25.0,5.226281885,2.196700846,5.254443948,4.181246724,151.2089196,98.8785039,3.173822193,4.0,0.0,4.898845568,1,58.75859153
30.0,9.925504447,6.464132188,1.718056971,8.94745842,16.42075898,100.0,0.69357632,2.772884918,1.0,5.122571754,2,5.191112815
33.0,5.926966413,2.460282222,2.584161803,3.474279074,72.16948857,99.95666174,2.681363169,0.757558845,0.0,4.616084293,1,19.95308964
26.0,12.32208223,6.225592164,0.783990436,4.89354753,232.3492008,78.30541061,1.843385711,2.637340337,1.0,6.675519192,2,0.915910324
27.0,8.715462052,4.28223765,0.205157331,5.188107169,120.0060848,90.09633316,1.811381501,0.580230797,1.0,6.047253668,1,3.233616422
26.0,7.374293044,6.166392219,0.669881513,4.671817506,168.0472609,62.78598234,4.284040398,3.340178609,1.0,6.2511899,2,2.190390572
26.0,9.262447617,7.559689595,0.482407708,3.267264557,17.51917626,72.42164224,2.178456783,1.108573701,1.0,6.799657546,2,2.354635068
29.0,5.995721211,0.656853377,5.389691813,4.857822833,76.90841924,100.0,2.399819262,2.681012661,0.0,-0.019059932,0,47.06234597
34.0,10.47917543,7.749417457,2.483045106,7.467047804,165.1144276,79.80811859,0.615565154,4.0,1.0,9.904260936,2,0.0
15.0,4.510101783,2.695692531,5.918996616,5.710725974,229.9264692,100.0,3.957841776,8.936057326,0.0,8.666726975,1,87.18674996
27.0,5.489540597,3.647401265,1.205067724,4.569988321,325.2962182,71.86016908,3.36132774,0.411467603,0.0,5.450992659,1,2.286610327
16.0,11.18500768,4.456781172,0.457623386,5.964943666,216.0335565,87.33997349,3.749410041,1.404365111,1.0,9.809194582,1,0.0
34.0,4.53935618,2.40922056,5.768764002,5.280208646,176.7853997,100.0,2.001301674,6.727010498,0.0,5.07344015,1,92.09826702
21.0,7.987907902,3.467922371,6.75307945,9.064875957,96.53880004,97.82407951,2.055935228,8.99132468,1.0,5.644923159,1,80.12892657
25.0,2.568386627,1.312445182,5.036975804,4.443050613,189.3694505,100.0,1.441079718,6.746000331,0.0,-0.768573518,0,80.75611197
16.0,7.22593422,2.073198584,8.293642339,7.788913474,172.18258,100.0,1.115832363,3.523487523,1.0,5.24376019,1,97.68629039
30.0,7.833603775,2.215259545,0.077621658,6.749458045,7.819659486,100.0,0.0,1.100072156,1.0,3.6124236,1,42.42857742
35.0,5.042648078,2.704568592,4.1412097370000005,5.00756508,189.6175054,99.54675017,1.202907317,4.714598257,0.0,5.462,1,34.21741232
21.0,2.487197635,1.675555372,0.432581063,7.216739994,230.2064386,100.0,2.803995371,0.930620844,0.0,9.856060921,0,28.07442108
15.0,6.527155718,2.223713168,5.869699055,5.298636628,372.0387189,99.22714768,5.055475063,5.061269903,1.0,8.51232285,0,62.17175809
22.0,11.16702054,7.916801179,7.171907349,5.979860308,275.0943351,98.95353764,0.610921397,3.984941891,1.0,9.833536107,2,57.67485805
16.0,2.767346979,1.023869167,0.872434961,5.2641057,138.6588104,100.0,3.521299912,1.54366952,0.0,3.654456072,0,26.98308485
39.0,7.591213531,4.041629312,1.941206017,8.00829876,101.3379088,96.6791011,3.059062496,3.039756334,1.0,5.722458176,2,37.54258261
21.0,8.182514207,1.847113852,2.574689083,6.399570013,292.8028546,94.89109324,0.371501351,5.667941464,1.0,10.28018199,1,22.31699143
15.0,4.744520164,2.551667056,7.062297062,5.962770237,52.5242046,97.39655105,0.0,3.260723552,0.0,3.090734184,1,72.69241727
20.0,9.082735224,2.66487429,5.290967036,7.26218321,139.6432584,100.0,0.0,6.435629681,1.0,4.193000335,1,71.65144905
25.0,7.0,3.826653706,3.845913791,7.599421961,0.0,100.0,1.17871262,0.414431745,1.0,2.770018356,1,36.179356595
23.0,8.252338718,3.771381605,4.482833715,8.400857668,60.69806839,98.01844448,0.824425697,3.230382859,1.0,4.371205369,2,44.46717951
36.0,3.781794569,2.604785348,2.309637508,7.028770104,117.4344226,100.0,0.0,3.486843911,0.0,0.250613134,0,36.42486813
29.0,5.964104045,4.372490152,7.485389607,6.098644876,54.37449765,100.0,2.003393803,11.30710028,0.0,-0.083400133,1,80.22209702
31.0,8.153340673,5.268256145,5.671797635,9.023002821,302.6114227,99.65341136,1.943372152,8.62570954,1.0,10.20920657,2,30.00533571
26.0,9.783326886,3.223777117,0.282283903,4.504349272,63.86282669,97.45018558,4.504794338,1.947123061,1.0,5.160974635,1,8.652743414
28.0,5.331092368,4.675456485,0.250566436,8.45644598,55.94655614,97.28406551,2.026724125,3.523300509,0.0,8.933312639,1,22.23172838
28.0,3.492415386,1.752876586,2.983267986,8.072885415,99.71943031,99.54913337,0.857263313,2.687726927,0.0,4.771756507,0,49.33827353
27.0,4.090982537,4.554634174,1.056715265,8.262884153,78.63395191,96.00403592,2.231280853,1.058891867,0.0,4.204851972,1,7.628953787
22.0,7.971301641,6.600428083,6.870374392,5.062981642,66.62348595,100.0,3.94907124,5.742593532,1.0,6.277802139,2,36.00034104
30.0,11.40487155,5.230080467,6.616753725,3.640580981,165.9822073,100.0,4.017356376,7.567991661,1.0,5.462,2,55.05299283
25.0,12.72833672,7.212606355,5.953584514,5.144478039,83.7732167,100.0,2.592175175,5.262415273,1.0,6.622017601,2,35.98507189
25.0,12.27747495,7.169883595,4.694206165,5.786166054,86.6556254,100.0,0.696925805,7.028808133,1.0,3.635256881,2,37.54060826
35.0,7.0,2.509854968,4.601569212,6.551186668,153.9818189,100.0,1.339449436,9.237689636,0.0,5.462,1,84.8527156
26.0,6.232645563,2.964479271,5.240197205,5.03348922,266.8299166,100.0,3.553246468,8.821089745,1.0,9.674289291,1,33.27746519
27.0,9.25184025,4.134422857,5.722367775,4.703048655,172.5751071,100.0,1.852100586,6.295706585,1.0,5.174969718,1,56.92726535
21.0,8.472820033,5.647052054,0.504927485,6.517502160499999,87.98905928,84.99119686,0.0,0.780402493,1.0,5.462,2,0.0
31.0,11.80807903,9.778202286,2.607164018,4.386462484,260.8874169,65.09752656,2.286014058,2.372779306,1.0,8.201064116,2,6.370029942
24.0,7.0,3.243804122,3.733262691,8.201125598,266.3749882,99.93936974,1.505505913,2.252871965,1.0,11.89924408,1,27.26288545
33.0,4.520260107,3.771381605,5.342970065,4.445477082,194.6074229,100.0,2.0,4.0,0.0,4.709786161,1,56.62285665
37.0,11.19454297,8.43219824,6.093702146,7.260176367,239.8258418,93.93955456,1.282067308,4.971752012,1.0,11.48521376,2,22.89368434
28.0,3.146445293,1.337755222,7.875072772,5.193517716,162.1625912,100.0,3.259515245,9.346364602,0.0,2.492042035,0,72.6164446
27.0,9.587499642,8.838517417,1.220061186,6.690376632,47.18118736,81.46553553,2.067491918,3.296367709,1.0,4.378309965,2,8.293798548
36.0,8.336306695,6.050431712,4.062245951,6.712635014,91.54828126,97.5167498,2.0,2.239511563,1.0,9.049634285,2,12.46815901
25.0,7.362774062,0.953111973,4.1412097370000005,6.253647524,217.2041207,100.0,3.878416918,6.355992262,1.0,5.101522875,1,100.0
33.0,7.911036529,6.323029918,7.256586434,8.367381999,43.66177451,100.0,0.168809663,5.050018832,1.0,2.153639519,2,42.62499265
24.0,3.38063747,2.000513838,6.504450338,5.551623053,39.45699316,100.0,3.790048754,8.552850455,0.0,1.44933419,0,68.45777819
29.0,3.033607752,0.897427206,3.027311206,5.381244631,52.39637856,99.37824433,2.844833019,5.394923143,0.0,1.07633817,0,36.179356595
37.0,4.554851089,1.708956335,1.468088874,6.614406724,325.3173738,100.0,2.0,4.635535276,0.0,9.899688654,0,20.44705599
22.0,10.91602382,5.351809377,3.793305277,4.152997465,205.3200906,91.40809434,3.359965717,2.498280149,1.0,9.318292359,1,14.42453434
19.0,10.04460546,4.913873191,6.818500306,5.100298954,82.92383348,97.15008043,3.445378563,7.010473201,1.0,5.606282591,2,47.28398449
39.0,6.318824876,4.559136112,5.259925033,8.941862032,311.3226488,100.0,0.32916555,6.285062305,1.0,6.574600525,1,73.57798689
18.0,11.21974513,5.582644938,5.556888221,5.395409301,200.73986,97.6760817,2.0,8.100188664,1.0,4.632804089,2,22.94039313
27.0,8.929317189,4.511177856,2.877563025,6.480188735,189.2617785,100.0,0.0,1.109564389,1.0,5.722249651,1,36.179356595
21.0,8.7237054,6.154871124,2.679067645,8.669491027,80.4918235,100.0,2.191506703,0.633854262,1.0,3.679962607,2,4.083690939
20.0,7.057644169,3.357172094,5.87105774,6.517502160499999,263.9962897,99.8472028,2.546284215,6.135930299,1.0,7.632693949,1,61.01659719
24.0,1.382579024,3.771381605,4.721646934,5.796299599,64.79590669,96.09126138,3.050655967,4.762035903,0.0,-1.059452608,0,50.62100469
27.0,7.896813095,4.41773923,6.059527424,4.27407453,14.54911843,100.0,3.974094382,5.521312007,1.0,-0.509067765,1,50.57184112
31.0,8.290791311,5.229212469,6.25899844,7.855715255,89.92356274,96.13492544,0.0,5.965742365,1.0,1.772977946,2,63.68143097
37.0,9.064871296,3.41606494,4.39852269,8.511291881,68.47274222,95.6716893,1.739953764,3.352162615,1.0,5.357566349,1,50.48822754
33.0,11.30448756,3.017410315,2.015200723,6.691742359,128.5256547,99.74910906,1.499902728,2.682511306,1.0,8.993033134,1,29.10860384
27.0,5.914921663,4.434342454,6.909951693,7.206908711,96.85290832,100.0,0.599704107,4.459540232,0.0,1.808254749,1,88.17979607
26.0,7.912085775,5.654719399,0.184753723,4.629116569,138.3225236,65.2982627,4.901000673,3.377612262,1.0,5.86692401,2,0.0
24.0,6.297589394,3.889938682,4.103229583,5.214296614,49.04531186,100.0,5.161039642,3.489352184,1.0,4.126685024,1,38.18559252
27.0,8.601131921,6.833251874,0.946562325,6.954043889,48.80839056,93.31957906,0.0,4.0,1.0,5.323740448,2,0.0
17.0,6.476814127,1.92472449,4.331831288,7.078735004,189.5999857,99.72544391,1.598952524,1.270917655,1.0,8.10300156,1,53.41453669
22.0,1.983883175,1.238056562,2.400274348,6.517502160499999,67.9206441,100.0,2.550182902,1.141279004,0.0,1.314952339,1,43.5918409
28.0,4.293281536,1.57390093,1.433690363,6.517502160499999,249.8459699,99.50913346,1.388866321,1.709268139,0.0,5.050576806,1,44.59163356
27.0,8.241506003,2.342603662,5.510877498,6.162900656,124.9351935,100.0,0.0,5.104859581,1.0,7.139015771,1,100.0
37.0,2.975709747,2.81269256,1.211863871,4.343517475,171.034149,100.0,2.690703074,2.261998591,0.0,3.922389227,1,17.28445977
34.0,13.11179697,6.235244822,4.1412097370000005,9.452558585,371.3533558,96.36691111,1.524686516,7.613751763,1.0,4.277567549,2,58.81976082
29.0,12.4388673,4.466765198,2.354497996,5.381678277,139.7309192,99.22713489,1.569298851,0.77853042,1.0,10.0933331,1,2.558744742
27.0,11.03126138,6.661019258,5.146899903,5.466601548,210.7209507,100.0,3.631848132,2.277899854,1.0,11.08447488,2,5.406204688
29.0,5.368629018,2.689453354,1.62537942,4.149455023,216.6380588,98.27262937,2.82048071,4.0,1.0,6.895953815,1,19.93918888
24.0,8.267527303,6.425621006,2.641807085,8.329733278,119.4418885,100.0,1.171057895,0.0,1.0,3.721490694,2,4.869282256
21.0,10.98802626,5.623453252,3.841624088,7.888331712,169.7588834,100.0,1.737478511,0.0,1.0,10.80626838,2,7.559574216
35.0,11.53642477,5.655029295,0.493146334,6.747385885,187.4441414,84.017504,1.183243823,1.51849635,1.0,10.12259227,1,2.335314119
20.0,7.0,4.893198611,6.023770521,7.267560296,174.6251543,95.63303465,1.665088057,4.664132891,0.0,5.462,2,61.49676005
33.0,5.489625536,2.350489637,2.830218315,7.006344229,76.20872393,99.66520304,2.113649929,3.750899185,0.0,2.611977701,1,36.86706302
25.0,6.12543378,3.849148519,2.545470459,8.954880165,169.3706039,100.0,2.133940412,1.159497267,1.0,7.946141185,1,21.2020247
29.0,5.724053774,2.170227539,6.04036254,6.262377751,294.7642522,100.0,2.857539515,3.23542416,0.0,4.728271752,0,49.93309663
16.0,5.927313315,2.103434064,5.183391769,7.35684924,150.8895396,97.1911085,0.0,5.682436174,0.0,2.018975134,1,80.65820962
35.0,4.167876613,2.175565484,6.22592042,4.19452857,57.38442989,100.0,3.677826656,5.101970852,0.0,5.152865261,0,66.77994885
23.0,11.23394465,7.373889931,0.380364667,7.977435317,287.1546687,73.83216027,0.0,2.713669052,1.0,9.52110909,2,0.0
21.0,13.6125471,6.617196263,6.54718571,6.039405186,252.4059033,100.0,0.688828483,10.88954312,1.0,11.80960151,2,38.22073462
17.0,4.214091116,2.318529456,5.964089447,4.703116051,236.8413356,93.10371065,2.374424228,3.82937495,0.0,7.811518043,1,40.67042461
20.0,7.373579356,2.910860962,2.355989659,7.219999712,267.5949935,99.03927802,0.0,2.242175387,1.0,8.752220044,1,22.41769796
35.0,10.41420184,8.178773427,4.1412097370000005,5.992447104,90.35651008,99.58319092,1.852684122,1.508573838,1.0,5.462,2,28.86710415
20.0,7.0,2.125591563,2.465717751,7.248239119,142.0029387,97.83371294,0.868526679,1.977972244,0.0,5.462,0,33.74020528
27.0,6.408637975,5.917751167,1.232318247,4.22490176,75.99452864,89.17551446,2.387860855,1.100208552,1.0,7.138063778,2,10.00036684
15.0,7.0,3.327533743,1.923993814,4.456124591,0.0,99.68645913,4.489110731,1.176710378,0.0,5.462,1,9.768374771
20.0,7.0,2.604861126,8.233136799,9.511847992,161.9782395,97.51418341,2.763281203,8.476752578,0.0,1.882178339,0,96.36038679
21.0,3.910833989,1.000061092,1.84291156,8.006974549,279.431003,100.0,0.692443211,1.719082482,0.0,7.603299048,0,44.49227107
20.0,7.465847019,2.71043951,0.560649194,7.940931944,225.140766,96.9015104,1.155935861,4.415979025,1.0,5.298292295,1,40.49571453
26.0,3.495787374,3.771381605,1.645401447,5.056802416,22.69350446,99.68651822,3.34556179,1.137872682,0.0,-0.239186567,0,41.2771828
25.0,3.20270166,2.63937008,5.533675091,9.292505227,263.4161019,98.96073783,1.246602776,4.202751791,0.0,4.692286965,0,83.39205937
32.0,7.79671192,4.59148519,2.592027558,4.248886114,80.47281381,94.50543515,3.049285933,3.791943622,1.0,4.853251161,1,22.70347865
17.0,7.057945119,2.743403547,4.305943342,8.134530156,179.253286,100.0,0.0,4.748476216,1.0,3.418192541,1,37.42081389
29.0,3.644199732,0.800927308,6.543246516,7.497959815,272.9135341,100.0,1.397473955,8.202577318,0.0,5.816868494,0,86.13469018
22.0,7.591158462,7.046183503,8.102033667,3.730611977,41.57544994,100.0,3.775325266,5.058275915,1.0,3.239794849,2,32.52358237
27.0,4.932750275,1.860705454,4.113110818,7.582432741,209.1373558,98.12562075,0.01719056,4.336095235,0.0,4.985740125,0,66.92274608
29.0,4.108567694,3.786530553,4.743149471,3.965461075,109.3988791,100.0,4.105490984,4.0,0.0,-1.497082853,1,45.78585152
24.0,8.832513753,5.118352121,6.49895571,7.269893412,206.2315079,99.17558968,2.513593535,4.836891522,1.0,6.800110669,1,57.88261824
35.0,11.06904078,6.682522371,5.782358783,3.994446414,186.0509366,100.0,3.156764723,8.977474567,1.0,11.15055171,2,26.94709211
23.0,8.497855472,2.468839297,0.0,7.157262302,70.06264322,100.0,0.557328928,2.328932413,1.0,6.565626938,1,14.12967096
36.0,7.671498011,4.452048213,2.595113439,4.533031142,0.0,97.96929848,4.031544833,2.7142006,1.0,3.088462333,1,11.78760473
37.0,7.226229609,4.812608796,6.559993966,7.643200188,157.4295616,98.80586369,1.10934981,4.979894719,1.0,4.048808235,2,45.94834523
20.0,5.261201772,1.552065803,2.673794021,4.840658974,67.19961353,98.54075599,1.888865154,1.511766703,0.0,4.326690511,0,36.179356595
35.0,6.33758001,3.238705199,6.487723459,8.229511036,180.0757162,98.48284107,1.026309668,6.317673771,1.0,5.24087174,1,60.483031
20.0,5.332727116,3.916487804,1.836646184,7.787842732,165.9822073,99.05970569,1.820193482,0.0,0.0,5.462,1,36.179356595
17.0,2.820161755,1.403358747,7.212766461,7.681667573,162.6155811,98.90805422,2.031335636,9.361097689,0.0,5.462,1,75.25945944
32.0,4.530564148,2.536250817,7.131616715,4.158148598,127.3152688,100.0,2.061658107,7.393873049,0.0,2.914774017,0,80.27550779
30.0,12.74329003,8.749424022,7.715945278,5.226567181,86.22857515,100.0,3.560896322,9.599937,1.0,4.859041567,1,29.0361423
22.0,5.63937172,2.357263983,6.304406177,7.583332708,331.0693392,98.29617314,2.712782132,6.996952315,0.0,8.292940289,1,79.44871099
38.0,7.893481153,3.368818915,6.923360797,5.224133553,41.44521892,100.0,2.386843837,4.0,1.0,-1.192510415,1,84.01303201
27.0,9.851066583,8.785533637,5.512783492,6.750962735,64.53753523,100.0,1.470502207,8.45337813,1.0,3.776986857,2,43.92626588
16.0,1.934392687,2.067845366,4.1412097370000005,7.494037916,225.1794621,99.20275281,0.0,4.0,0.0,5.462,0,91.63224848
15.0,4.319189214,4.052499036,7.157451029,6.302924148,29.49237087,97.01682658,0.559531763,6.257251604,0.0,2.009656491,1,79.7366166
32.0,9.820285665,6.836967372,1.384700886,5.623458383,255.1069055,78.68451993,2.931869571,4.638948566,1.0,9.535891763,2,8.360948619
25.0,2.247540225,2.115110728,5.680618524,9.622906664,276.8613301,100.0,1.479974734,5.948980091,0.0,0.635995601,0,84.826572
25.0,3.056113548,2.25655615,3.14013698,5.736221171,35.96083854,100.0,2.301017481,3.97470856,0.0,2.587913235,0,36.179356595
19.0,7.0,3.771381605,5.813272553,6.440134929,165.9822073,92.3615672,1.533389215,8.600151009,0.0,5.462,2,25.05842672
32.0,8.203072038,2.429802753,6.129087616,5.213031527,67.63688713,100.0,4.40065664,7.040806706,1.0,1.937980028,1,66.10599108
31.0,3.795850732,2.075198901,1.979619496,7.327663919,207.6464585,99.85619489,0.416727446,5.133116996,1.0,5.462,0,17.36013793
26.0,7.0,2.08104923,3.397379431,8.806093378,117.2537815,97.0701074,2.0,0.0,0.0,5.638302504,1,59.12267255
28.0,6.544194094,6.3456568,5.915949984,4.366352807,264.1077993,90.83000477,2.094634015,4.876939738,1.0,8.445963012,2,22.21442516
18.0,3.670635365,3.036954205,0.800701926,4.092933318,267.8397371,98.81446962,1.297116069,3.088162813,0.0,9.145971741,1,0.0
25.0,5.758022323,2.805221074,7.501270463,6.290593034,40.72414072,100.0,1.421882883,7.744359256,0.0,3.472380514,1,75.37727367
33.0,2.816367124,2.546088807,0.963704184,6.687948066,311.0503504,95.38000014,2.931272928,1.420311114,0.0,4.275656324,1,36.179356595
18.0,8.331676896,2.72307399,4.1412097370000005,6.163587971,548.4207308,100.0,2.819759585,2.338273704,0.0,5.638204348,1,46.82444663
23.0,11.46876741,4.843891573,4.621228078,4.169443246,30.78104831,99.52833614,5.373829529,3.681338595,1.0,6.216512562,2,21.67394719
20.0,5.505956879,1.700934719,2.82806108,5.35081689,165.9822073,100.0,3.270343742,2.872159889,0.0,2.197549066,1,39.37917969
33.0,8.000409075,3.771381605,2.935454282,6.607346975,278.5567286,100.0,2.386858614,2.190010428,1.0,9.422486211,1,3.694605206
29.0,10.96579391,4.463111492,5.923639218,8.348785823,183.8702939,100.0,1.907025419,5.3048208,1.0,7.122365003,1,57.73852984
16.0,5.484364141,2.522971792,2.724679504,6.275674549,169.8015514,100.0,0.0,0.434104011,0.0,4.449116853,0,36.179356595
38.0,8.470516542,6.067195668,1.083518493,5.129511573,0.0,86.25847844,2.523149309,1.862224702,1.0,3.426456837,1,36.179356595
27.0,3.11542479,1.050232751,3.093256318,5.784934911,79.78083153,99.46359556,3.817186284,0.563842629,0.0,-0.018300084,1,38.00834241
26.0,4.210972573,1.560651857,1.95000538,8.311591822,238.990106,99.9538825,2.471992098,0.631596435,0.0,4.853362713,0,28.81534994
17.0,8.177957848,3.830924107,1.085232317,5.018457607,295.5758171,100.0,3.496111706,3.142794278,1.0,9.541052735,1,1.977582787
31.0,2.406552597,2.356540037,1.521540311,6.741649589,238.9920992,95.89989059,0.234974413,0.874132955,0.0,5.429156609,1,28.82339061
34.0,10.3049795,4.52293237,5.186456272,9.335164333,290.5595268,100.0,0.537909647,10.06123237,1.0,10.54286528,1,61.86206537
17.0,7.0,4.973656187,3.671437203,9.27632636,165.9822073,98.39944446,0.0,1.980366369,0.0,5.462,2,38.97275106
29.0,3.71378506,1.398882136,3.94658621,5.313559966,359.1407926,98.39147435,3.981735988,4.0,0.0,11.20727481,0,60.96741891
16.0,2.621631706,1.978787846,4.405683795,6.300908995,175.4754085,99.73347929,2.280251454,0.767359945,0.0,5.462,0,33.7312677
23.0,7.0,3.072202486,1.043129918,3.987112012,224.16683,91.70667032,5.301217957,0.0,1.0,6.247942903,1,1.711478416
35.0,8.637473784,6.830169906,7.16827011,7.541267394,235.3360564,100.0,2.32972061,8.451086792,1.0,7.270600189,2,63.12912084
31.0,4.067010014,3.771381605,4.1412097370000005,3.488013038,25.50550231,100.0,2.72033234,3.492744211,0.0,5.462,1,32.67093485
24.0,11.91272706,8.569952933,0.54543577,5.225776152,128.9321079,72.5171384,4.040929673,2.385816054,1.0,7.089965663,2,0.0
24.0,3.097070078,1.253522774,4.360311265,7.645699716,211.6955228,100.0,1.589021349,4.688987598,1.0,2.978874211,0,70.71654937
36.0,2.373000808,0.73669059,6.381083377,4.93896615,165.9822073,98.68302889,1.67185159,7.651470103,0.0,5.462,1,73.04072024
32.0,6.635401414,3.358316328,4.567188354,4.870067379,240.8092705,100.0,2.0,0.662623771,1.0,8.14648789,1,37.6000388
24.0,6.849402215,3.781049353,1.135648943,6.616179087,165.9822073,94.85976238,0.0,3.855272257,1.0,6.898718022,1,9.582137642
28.0,4.805811343,4.347863641,0.975343155,6.70792917,249.5621298,91.43660443,0.440219421,5.465494994,0.0,7.732408164,1,13.65608339
38.0,10.87192416,7.573733583,3.302988531,8.237749632,284.9435521,85.07662788,0.0,4.0,1.0,9.634157441,2,5.173618031
25.0,11.17020555,9.117462978,4.855738048,4.057467698,86.22381547,66.37555519,3.211231133,4.492533864,1.0,3.16908318,2,6.566384017
22.0,7.321797167,6.578194368,3.570496559,5.181907667,233.9966917,70.56479799,1.236911203,0.0,1.0,7.543391553,2,1.823210971
15.0,3.060245815,0.901508467,3.567876986,3.346380735,282.1523412,97.87615207,2.0,0.944470294,0.0,8.56699315,0,30.62247171
38.0,5.308393945,3.45305332,6.454777364,8.470407747,304.4925269,93.97502901,2.002794761,4.043927034,1.0,9.295221185,1,36.179356595
20.0,3.36059436,1.269210161,3.039989691,4.191189016,165.9822073,97.1460265,3.243374402,4.986903874,0.0,5.462,0,32.54187845
30.0,4.168885287,1.419939971,6.311001122,5.259615512,35.63294666,97.42400254,2.357514231,4.0,0.0,2.478246693,0,86.95626366
22.0,4.494043166,2.447585558,2.528069633,5.44245726,70.53458853,100.0,2.00675658,3.776317859,0.0,7.321430751,1,19.02574282
19.0,6.51564332,2.779452752,1.449517065,7.747693419,206.7680789,93.85121012,1.30376928,2.450997119,1.0,3.854883287,1,14.26119927
38.0,7.0,1.71312281,5.235765934,4.868531045,0.0,100.0,4.705507565,6.847180088,0.0,5.462,0,63.68185496
25.0,6.617318451,4.638629843,3.51058827,6.034069434,31.1395639,94.37269221,2.24469165,2.227665815,1.0,1.004741191,2,20.04786685
32.0,8.845034173,2.802278103,4.1412097370000005,7.037070932,182.7912088,99.61674753,1.984198016,7.89300509,1.0,9.446134826,1,38.43492203
24.0,4.037654942,3.302649782,3.247034378,6.095586758,79.97784674,99.02753557,0.0,0.791166049,0.0,1.539016559,1,25.48890976
29.0,11.67094736,9.377095338,2.70034324,6.783058797,317.1213143,74.97605108,1.359347535,4.230327062,1.0,13.38480145,2,0.0
27.0,8.140683322,4.248914751,0.953838425,5.540434826,127.2121167,88.18462982,0.42240788,2.135607338,1.0,5.429755543,1,0.0
15.0,15.12628599,5.855744063,5.789713384,6.685430049,278.1138885,100.0,1.440772911,4.992179103,1.0,12.22903717,2,39.74043316
20.0,11.81490248,3.726450119,1.991707638,7.593661038,85.1934242,98.31564012,1.025644579,1.877183443,1.0,6.796773578,1,30.80435495
28.0,10.82208131,8.958907366,0.941829517,6.752758804,164.1842001,62.73575981,0.895147217,3.603766249,1.0,8.384606195,2,1.938751399
29.0,4.63366013,2.913338152,1.297891421,6.901836618,165.9822073,100.0,0.922075222,4.288856008,0.0,5.462,1,49.72501562
20.0,2.061333715,2.616396582,7.538315962,6.553054301,234.9821796,100.0,1.832529459,7.722356892,0.0,5.307831105,1,89.82673272
18.0,9.220849094,3.00716933,2.997477417,5.930709644,257.9196316,100.0,0.796630925,2.19382035,1.0,8.650943193,1,40.16898543
38.0,5.861910051,2.673904856,1.011070252,6.438521129,84.95583246,100.0,0.755491658,2.121001937,0.0,6.109474471,0,36.179356595
23.0,2.646653979,1.761356279,4.294388426,6.544807879,222.6047736,100.0,2.307184552,1.261427969,0.0,6.562773532,0,51.83904809
31.0,12.21706761,4.219307398,0.662544351,6.517502160499999,133.5221766,85.58113263,0.468501419,2.08003498,1.0,7.745999209,1,0.0
31.0,2.510702819,1.507447414,4.1412097370000005,7.524070165,102.8909377,100.0,1.115994172,1.433832608,0.0,5.462,0,52.59609499
29.0,8.452335949,7.25998287,4.922423953,6.990646882,183.6861308,97.49480333,0.340488698,1.105129973,1.0,7.913524782,2,16.76190116
28.0,6.381933232,2.507560746,0.277694841,8.168120856,82.75479952,95.46227986,0.518220656,2.689375166,1.0,3.899921072,1,23.08699096
18.0,3.468363283,2.827510071,7.290655127,8.473950995,38.15729964,98.90652952,0.388329669,6.970106056,0.0,5.462,1,73.74068068
33.0,11.1970551,7.050661169,7.072208774,7.829036436,29.11092736,98.6768324,2.596911782,10.01809564,1.0,6.135934715,2,62.08130853
28.0,4.864956169,3.1333873,0.547155023,4.057689222,71.51275928,100.0,3.221470495,1.982211794,0.0,4.877945014,1,7.995942588
39.0,10.46919351,6.286066081,4.958186737,5.810541,103.8853508,93.63476419,0.0,3.304050886,1.0,6.22859327,2,28.21037024
32.0,2.54892181,1.552492174,1.327481809,8.96967887,181.0956934,99.59481489,2.342372201,3.524346633,0.0,-2.40461059,0,32.44627104
23.0,7.0,9.286627571,0.136705649,4.76071155,254.0163751,57.12194055,2.383684649,2.843804848,0.0,5.462,2,4.982264044
22.0,10.89696438,3.923971114,4.1412097370000005,8.279427284,165.9822073,100.0,1.251452262,5.607965939,1.0,5.462,1,76.25587766
38.0,7.0,5.156705318,7.073321927,6.009540997,114.0364046,100.0,0.125469053,5.554548945,0.0,5.462,2,62.81316859
39.0,6.669944906,5.397045072,0.672355418,6.94509941,321.2838407,91.23800639,0.867809499,4.140643349,1.0,10.58667035,2,0.0
38.0,10.47124493,5.644658866,6.167235443,7.968434006,165.9822073,100.0,0.003856349,8.841376502,1.0,5.462,2,41.5941277
18.0,2.271677649,0.434056525,3.836573435,6.528260894,80.73343679,93.28232014,1.283770108,5.673863534,0.0,1.37430774,0,50.97483079
19.0,11.74326537,6.802252533,1.742324389,5.40834932,139.8340685,89.5203469,2.0325959,2.972259651,1.0,4.616283753,2,0.0
15.0,3.017785979,2.004256682,7.179709747,7.793112985,81.69567043,99.24699025,0.0,7.596961459,0.0,-0.484610487,0,94.61826662
23.0,4.894353176,2.286516881,0.299965732,6.517502160499999,99.36488258,90.81852228,3.790276332,3.513468655,0.0,5.714036698,1,6.978303468
20.0,9.436164526,3.285339839,2.40739248,8.533335052,177.1587549,100.0,1.232466392,2.14913831,1.0,10.05296289,1,57.2519122
26.0,6.968480098,2.378471907,0.0,8.043911573,313.4535867,94.62627193,0.714020418,3.607963187,1.0,5.590043338,1,5.768508993
27.0,10.21612372,3.61403401,2.211762939,6.044612568,165.9822073,100.0,3.825746932,3.378642088,1.0,5.462,1,12.79225171
36.0,8.674360407,3.977751503,1.567439064,7.508868417,80.67466853,100.0,2.492138993,3.790286723,1.0,2.54543991,1,12.91646222
39.0,7.0,1.37924699,4.273506667,7.899221053,219.9246066,99.37750185,0.0,2.563757782,0.0,5.462,0,60.38836288
29.0,2.793648015,3.771381605,4.1412097370000005,6.734506201,165.9822073,100.0,2.610947454,3.790257122,0.0,5.462,1,23.50056911
30.0,9.397130101,6.650035482,3.975142521,6.931893651,96.77393153,100.0,1.24724631,3.100164757,1.0,10.16228205,2,30.01632956
16.0,6.775552078,3.108226715,0.686846458,5.683581159,110.2892036,100.0,0.0,1.584073975,1.0,4.309917977,1,18.27337721
15.0,11.50184591,8.768047323,3.689325739,4.816266936,277.2848544,69.51617973,3.077474538,3.485201992,1.0,12.28741128,2,0.508097834
28.0,5.151827675,3.401106691,5.203835321,6.033726596,168.7026332,100.0,1.383678321,10.03885398,0.0,6.406729488,1,70.78614145
25.0,8.822402862,3.374888503,1.926280936,5.568084222,50.40747542,97.31773688,1.516299708,3.474396826,1.0,4.45168776,1,10.46917111
27.0,11.0423632,9.889829348,4.1412097370000005,6.343304246,233.8697264,74.98232926,2.365887368,1.073543569,1.0,5.462,2,0.0
18.0,6.926496353,4.162965595,7.589740444,7.621521543,229.213714,100.0,0.063129175,9.29965131,1.0,5.771554149,1,78.7149181
17.0,4.648865635,2.649698045,8.20444112,8.311193137,142.6859521,100.0,0.170438395,5.765869172,0.0,1.22929683,1,100.0
22.0,10.3459569,2.563901143,6.840075348,7.145929957,429.5681395,100.0,1.104736221,5.259150164,1.0,5.001923692,1,90.88284767
39.0,7.0,3.038152012,2.300073627,4.567977386,165.9822073,100.0,4.716614336,0.20732075,0.0,5.462,1,39.0446861
37.0,4.855604941,2.947844959,2.388618169,9.096479104,183.3040944,100.0,0.864718912,3.00020318,0.0,3.100484977,1,57.66381803
29.0,10.23361535,8.482878224,0.734418027,7.424205518,150.1440451,84.98599601,2.20312329,0.0,1.0,6.898582215,2,5.352543594
15.0,8.28385709,2.139015702,1.330770361,7.235065428,156.5087885,100.0,1.633689053,1.554945779,1.0,6.481940297,1,16.61881042
18.0,9.414168237,4.567235608,5.643745548,9.14828833,281.5298638,98.11541103,1.010536629,9.02973261,1.0,8.968196104,1,36.179356595
17.0,6.540440917,3.771381605,5.702113047,6.517502160499999,185.7562119,96.44367068,0.083054141,8.285984073,1.0,6.162078537,1,53.5957576
25.0,7.830991029,3.608062519,4.228156394,6.313680868,146.3683539,99.96748598,2.0,2.074773542,1.0,5.181740423,1,36.06008148
21.0,5.627719185,3.771381605,4.301562132,7.472020952,99.4206595,98.87857041,1.831739943,0.0,0.0,5.462,0,36.179356595
39.0,6.514016699,1.585306967,5.978253367,7.689836959,252.1220561,100.0,0.186959561,5.848956716,1.0,7.357089257,1,99.26641168
35.0,8.806939598,3.090147572,4.015429245,6.517502160499999,536.5531081,96.02285757,2.0,3.790369673,1.0,15.51183696,1,19.55237977
29.0,11.91145583,7.457050981,6.199152846,8.159894421,194.0085122,100.0,2.12339234,6.92286602,1.0,7.004432765,2,38.16771391
25.0,4.74397464,2.346600217,2.686689439,7.863415161,267.3017261,99.82591676,1.789492551,3.038730702,0.0,4.946774183,1,28.69923713
34.0,8.008760686,3.015256411,1.355249091,7.844812124,41.37875314,97.67061576,1.758778347,3.003858328,1.0,3.532850848,1,32.63607813
15.0,11.82028957,6.295979727,1.88704369,5.758114499,112.6181349,79.23697656,1.030921191,1.143603998,1.0,7.233258767,2,0.0
18.0,4.119260815,2.183456806,4.870782908,5.981379524,84.02140276,100.0,1.174922352,4.260527327,0.0,5.462,1,69.46892185
28.0,6.985837809,3.966805143,6.222051778,8.105039337,73.41456575,100.0,1.80833918,4.806898005,1.0,4.482159222,1,70.87795087
22.0,3.022584585,2.055386397,0.121121785,3.744899721,267.5928651,81.89549806,2.149746774,1.483289585,0.0,6.8202536,0,0.0
36.0,8.768931525,3.771381605,1.136747767,8.48187059,149.2383768,92.39157037,0.336934698,0.875358138,1.0,10.8295908,2,0.0
29.0,4.621464452,4.21072335,4.387847949,4.008615754,158.5743915,89.37807108,1.757510033,3.83126638,0.0,4.096300561,1,33.23601094
24.0,3.952316412,2.919301614,5.322130038,4.607785932,148.8277975,100.0,2.172017206,6.934653105,0.0,6.183629617,1,50.97037509
33.0,11.06884778,7.535141319,7.986078095,8.452105539,177.2060417,100.0,2.792767209,5.017949552,1.0,9.1252471,2,52.63453664
31.0,2.078694449,1.368804245,4.720465472,6.092911415,86.97333721,96.9283667,1.584089376,4.704386181,0.0,3.663958109,1,61.45106814
15.0,3.67082849,4.147420088,7.782409399,4.959287672,226.2638191,98.02369806,2.149746649,6.511973356,0.0,4.668290872,1,83.27695481
19.0,7.0,3.771381605,0.309306824,7.702158922,225.826888,89.33066682,0.102594646,4.0,0.0,5.462,1,0.0
23.0,5.6796608,4.752743248,5.748666899,9.513722707,129.7924369,97.51820085,0.616243599,6.417980388,0.0,3.721384442,2,36.179356595
31.0,10.06936854,4.443053875,8.299587817,5.375486473,93.406241,100.0,4.554237159,3.158752679,1.0,6.11324669,1,80.18472429
16.0,10.20212399,7.77137427,4.606600828,4.085043575,213.5947376,84.96962688,2.583617889,2.222236394,1.0,6.412342509,2,1.881908796
26.0,4.262730005,3.374841317,2.48618344,5.657821177,164.2351337,99.9440856,4.58927005,3.267992628,0.0,4.144302363,1,34.99865067
25.0,3.076018825,2.10692123,1.045851405,6.430523388,287.2657635,99.02593045,2.009058357,4.983727972,0.0,10.30349925,0,23.42872158
24.0,3.150302424,1.698038975,2.784284665,7.038483176,260.3682928,96.27167834,1.233206289,5.612236445,0.0,7.194007569,0,37.25731484
39.0,6.010446587,2.177180124,1.63299935,5.785938316,131.770427,97.81860863,2.448304869,2.928909217,1.0,7.058954925,1,6.279421516
25.0,2.383389843,2.06331709,3.715338446,6.299228547,316.581363,95.3618926,1.445794427,2.418050637,0.0,3.966413918,1,34.32041616
15.0,3.274112862,0.638727685,2.160194315,4.594087501,155.121266,100.0,3.533602891,0.670589855,0.0,3.227329882,0,31.52693689
29.0,9.481674744,5.297528867,3.028687698,4.740483352,47.1441303,95.5382196,2.321946261,2.641546631,1.0,5.442778604,2,0.0
27.0,7.916504619,5.326904815,5.528799763,7.763333658,255.5727447,100.0,1.876740625,9.912836026,1.0,7.328117894,2,43.61341593
39.0,8.367837427,2.888557021,1.291060754,4.290667895,61.11044137,100.0,4.390114533,2.694385773,1.0,2.56810596,1,6.481530204
15.0,8.747803644,5.625052484,1.54463752,5.251975603,135.926805,78.90869772,4.663689789,3.601982169,1.0,8.148557918,2,10.56994109
29.0,6.700047479,5.466451596,5.722643651,5.638901168,105.2064227,100.0,1.801687605,8.476322012,1.0,5.892216013,2,28.3810715
35.0,11.16692469,4.096116343,5.292057524,7.400260602,165.9822073,100.0,0.742630653,7.033265759,1.0,5.462,1,61.19965111
35.0,2.39206447,0.900254045,1.061541849,6.09328579,207.7443837,96.92862191,0.687886105,0.47129427,0.0,6.623920541,0,43.07392241
26.0,4.471026136,1.657813401,2.534914483,7.648513035,168.9282315,98.95398932,1.071395799,0.798184463,0.0,8.911788594,1,12.19575902
15.0,5.539896728,1.526939718,4.1412097370000005,6.517502160499999,290.1098478,98.5967735,0.196042256,10.13634372,0.0,5.462,1,83.32628502
26.0,11.64066452,4.790300324,0.417340262,4.357777677,217.6822192,82.71171428,2.333983519,4.257375872,1.0,9.567589604,2,2.523310792
32.0,6.127368721,3.582030113,0.114760917,8.973484233,228.2321814,94.42757601,1.807681726,0.730775758,1.0,5.38685248,1,35.85217144
29.0,2.986488625,1.771658682,2.974798077,8.739482141,236.7753084,100.0,0.679459291,1.516868386,1.0,5.796627239,1,74.45500593
15.0,5.925890945,2.568274111,5.94194001,8.143725112,236.47501,100.0,0.0,6.800367363,0.0,10.60380811,1,65.1994148
38.0,7.0,1.326297803,5.948762986,5.160319016,13.55994955,100.0,3.532611404,5.634805461,1.0,5.462,0,63.40042925
26.0,11.10100873,3.771381605,2.859360829,7.105174825,251.478793,84.97828636,1.554076579,2.438212951,1.0,9.710075134,2,4.623213881
32.0,2.258635621,0.494942872,1.038084869,9.070911783,145.8985882,98.3490421,2.056007958,0.608209617,0.0,6.860356598,0,49.83978333
18.0,3.516748424,1.580887275,3.450021396,6.675478359,184.7985112,100.0,2.594796217,1.539891292,0.0,6.756758039,1,36.179356595
36.0,6.576628162,4.68096496,4.1412097370000005,8.150159198,224.8077211,100.0,0.683968287,6.132810704,1.0,2.610743601,1,36.45694746
19.0,7.0,7.579013877,2.357265267,8.788758886,165.9822073,96.05673748,1.319640092,2.590278826,0.0,5.462,2,3.39630099
21.0,5.526146352,5.144447741,6.331158226,8.354672812,52.19496058,94.00721048,1.709724267,9.629168856,0.0,2.145147187,1,70.16385244
28.0,10.91044874,5.5758257,6.75752436,8.137429127,187.2220019,94.52120382,1.831116265,4.654594152,1.0,5.439242432,2,50.43740717
17.0,2.970609715,1.749681156,6.168528618,6.468625725,270.5777067,100.0,1.811695721,4.0,0.0,5.228804202,0,36.179356595
17.0,9.772772245,6.363208874,4.1412097370000005,8.618393184,231.0648054,90.19056816,0.0,6.336863651,1.0,5.462,2,4.156422545
31.0,8.343938759,3.936750661,7.810533243,5.030676785,71.06553528,96.097484,3.29513789,7.197385148,1.0,1.661885944,1,66.62134155
20.0,2.619715556,1.774543669,0.0,8.136044079,270.2980876,99.18290097,0.0,1.802527537,0.0,6.476024954,1,9.186654794
20.0,8.715082327,3.771381605,6.958305868,8.31513752,264.0444813,98.95465134,2.021666094,7.593466896,1.0,6.889353143,2,34.8164356
29.0,1.685388852,0.0,6.810055554,4.532938026,195.562377,100.0,3.045251954,5.437881375,0.0,4.301437336,0,83.14206906
24.0,5.131285384,4.459043393,6.534556904,6.345861832,217.0442996,100.0,0.0,7.4911587,0.0,4.343383198,1,51.48347368
37.0,3.213416128,1.035544983,0.559691314,6.270435371,53.68138035,100.0,1.231245123,0.98358531,0.0,-0.887423891,0,37.66862355
29.0,7.730724586,5.984975191,3.218394681,6.905477429,166.2157869,100.0,2.663824677,0.054037083,1.0,5.329160211,2,10.95600208
33.0,10.37285682,3.771381605,2.717687868,8.675560655,241.2780234,88.86059698,0.509263685,3.366052481,1.0,7.303991459,2,0.0
22.0,5.658167538,1.508766957,2.564923776,5.510089177,151.8425384,96.15903529,0.682621565,0.292645758,0.0,2.508414089,1,34.94294808
23.0,6.444776235,3.771381605,6.545833645,5.696611725,75.94308466,100.0,3.613527054,7.567357661,1.0,5.13823139,1,72.31482563
38.0,9.053047739,5.257563695,5.783185958,3.708021452,165.9822073,96.94118059,3.84759387,5.181310973,1.0,5.462,1,0.0
39.0,7.272270213,5.518111511,1.615764077,4.850735061,165.9822073,78.43539251,1.421656254,1.784879615,1.0,5.462,2,0.0
16.0,9.590918706,7.805706531,0.0,6.517502160499999,288.3364117,62.85921114,0.705668972,0.0,1.0,8.023427678,2,10.2848654
28.0,5.3217559,3.679015897,4.050364687,8.25160207,32.76125195,100.0,1.374372643,2.848832035,0.0,1.895700035,1,40.20849883
34.0,5.318364665,3.749603695,7.138478247,4.649171093,251.1902244,100.0,3.970622791,4.18076993,0.0,2.894499541,1,47.38797279
35.0,11.19092586,7.408496229,7.389600359,5.288646398,45.8282945,100.0,1.911139553,8.960843738,1.0,3.81095175,2,34.5338539
27.0,10.78359017,3.641435676,3.093749805,8.739420653,125.2108018,94.72919891,0.331271654,1.842645284,1.0,7.108915568,1,35.55137885
39.0,8.971488501,7.793142693,1.068949069,6.024522003,263.8973296,73.83690731,4.505316398,1.81790606,1.0,10.05197881,2,0.29383808
35.0,6.696965238,4.000502203,6.725073862,8.396912,181.5061072,100.0,0.730268802,4.309091398,1.0,5.641353931,1,61.93981882
31.0,3.303179063,2.2770091,5.513311357,5.423989277,67.65388674,100.0,3.048556414,5.451073851,0.0,-0.210799448,1,81.75340258
32.0,8.048512609,4.641950402,3.361458827,5.468894024,152.2594154,93.57978385,3.241931586,3.532416231,1.0,6.202126943,1,17.10430184
37.0,4.647721965,3.026668717,1.365398444,8.071067572,128.2137865,100.0,0.0,1.442798059,0.0,7.039616535,1,15.74167506
17.0,3.987847134,2.965314725,2.117999538,6.380328061,27.41830526,100.0,1.844934283,4.0,0.0,-2.287320041,1,36.179356595
20.0,9.261065257,3.654668959,2.614762213,7.878963992,171.9704787,100.0,1.732255026,0.173502692,1.0,7.936906152,1,58.45994694
27.0,11.5167368,6.896927597,6.875608927,8.104533177,167.2676818,99.08744805,0.27032878,5.862991137,1.0,4.684402327,2,48.65555613
27.0,11.06953325,3.379345045,4.1412097370000005,5.392903296,165.9822073,100.0,0.073739599,3.207624193,1.0,5.462,1,65.36065694
21.0,10.84219564,5.919147945,1.582788341,3.500312859,165.9822073,90.11058056,3.098330514,1.686156517,1.0,9.062760808,2,0.0
34.0,4.757076409,3.251245397,3.553804607,5.937749664,50.75908379,100.0,2.509823691,1.254432976,0.0,3.89787293,1,29.21580073
36.0,6.769425716,6.344819045,2.68388401,8.176994343,279.6524978,95.49006737,0.586268241,3.249118678,1.0,6.465832934,2,6.412861797
35.0,4.269252735,3.744523064,0.316289381,7.434119939,268.9635189,97.4216827,0.0,1.798647728,0.0,7.946664244,1,2.883246165
16.0,4.468204024,1.1878602,6.205287489,4.103024461,114.8986726,100.0,1.859519001,4.152986298,0.0,3.420847792,0,60.11884178
29.0,5.258548806,3.771381605,6.05221665,7.508063937,126.152705,100.0,1.293238506,8.383142621,0.0,-1.405728711,1,77.92404901
27.0,7.0,4.245652881,5.265006303,6.928983773,266.7920673,97.32434274,0.0,7.200604949,0.0,5.462,1,36.179356595
27.0,7.0,5.523744216,5.003112334,4.48089096,109.1452293,99.3898778,4.058170748,6.934411387,0.0,5.462,2,20.97981464
26.0,1.815122955,1.085065989,5.187373552,3.472912427,51.22456781,100.0,3.958718938,5.196921698,0.0,-2.452267405,1,55.07492355
21.0,3.592596829,3.771381605,1.633257637,9.491774245,169.4727723,99.83735113,0.78314939,0.793288846,0.0,5.899743791,0,28.52182408
36.0,5.712276841,2.80131969,5.709206322,6.656461203,264.2809407,100.0,2.991806251,3.834454992,0.0,6.628297176,1,68.36510132
25.0,3.567188059,2.989218038,7.418255681,4.267865414,40.79618297,100.0,2.564396684,5.590750539,0.0,3.136577518,1,84.49362418
30.0,8.366669687,2.121757761,4.945197507,6.517502160499999,85.95516169,100.0,0.0,3.965925405,1.0,3.592678502,1,53.05904908
27.0,8.906217389,6.857180335,2.896570993,6.594740874,234.1233812,90.73045188,1.055816764,5.322944472,1.0,8.621900289,2,7.13507948
34.0,3.055551716,1.730922209,7.269548431,8.448928262,191.0940315,98.36588073,0.825806649,7.447947521,0.0,3.85132949,0,100.0
33.0,7.807504306,4.300720664,7.648100349,8.036226914,275.7600607,100.0,0.0,3.892413981,1.0,1.509422869,1,70.69062916
29.0,3.055432965,1.733952157,4.036960453,5.847849187,380.338888,100.0,2.420641083,2.211806877,0.0,7.21425317,0,67.64251506
18.0,2.964960064,1.51678515,7.117594944,5.093734154,50.43626136,97.89953942,4.136138348,8.241535626,0.0,0.528521403,1,86.67832202
25.0,10.77908282,7.229853694,1.530136414,6.38710596,81.36425971,82.96686866,2.248343419,4.11869251,1.0,1.844781417,2,6.06818178
19.0,4.739818333,0.965734938,4.321433215,7.542182306,104.1120386,97.22543668,2.293103341,7.580603786,0.0,4.504150638,1,57.09782911
28.0,3.569992724,2.946576637,5.096847704,8.159770385,185.4603244,100.0,2.0,3.040704395,0.0,4.136887442,1,58.87496791
38.0,4.23994524,4.947121493,1.522500992,6.598203065,165.9822073,96.10290663,3.56045359,1.131595833,0.0,5.462,1,0.0
36.0,4.089999799,3.321147653,2.629892339,8.328678701,63.532211,97.51938649,0.0,4.08726836,0.0,3.96905619,1,44.41253884
34.0,8.363845025,4.590794761,7.187151476,5.368525255,115.9912393,97.48167582,1.649259585,7.14552532,1.0,3.523927466,2,46.18397672
27.0,10.21960816,4.655167802,1.864368562,4.69980272,176.2711959,100.0,3.349104758,0.0,1.0,8.162551631,2,14.18295905
16.0,8.960782571,2.96566398,7.957154499,5.326776549,275.3704371,100.0,1.446861992,5.632400911,1.0,9.330827237,1,89.7048071
27.0,5.380910587,4.323107931,0.735373808,5.263506709,75.45077222,91.02478251,2.839698972,1.377035247,0.0,4.089808825,1,20.83757256
36.0,5.723225467,2.984033405,1.17321984,4.520350604,165.9822073,82.6652442,2.086561669,5.270212721,0.0,5.462,1,0.0
22.0,9.124666057,3.073388212,0.858351437,5.003491421,271.669324,96.06349831,3.659749611,2.97493073,1.0,9.84133523,1,0.0
17.0,4.393547622,3.771381605,7.989472953,5.85396574,226.976191,98.0845119,0.0,7.10163993,0.0,4.467326768,1,70.47887843
23.0,2.971965178,2.76848141,6.534305905,6.558732817,302.770184,96.7161461,3.0446708,8.790340603,0.0,7.382245102,1,38.94696713
23.0,14.03670587,5.272660484,5.396430272,5.765224972,195.9769867,99.80275681,1.768236373,7.14475162,1.0,3.533135568,1,36.179356595
30.0,1.826886889,3.771381605,3.231424154,7.358281215,261.9419651,99.88009273,2.005589633,2.424884177,0.0,3.226924709,1,33.66736248
32.0,7.038218961,4.69917287,1.438668977,5.348479741,78.65123648,98.74889507,4.053306204,2.775768593,1.0,2.71114839,1,6.726128394
25.0,10.59796404,7.56190532,5.198917793,4.341733825,151.0685365,100.0,3.351650769,1.463729771,1.0,9.645906396,2,3.353709601
25.0,11.30352713,8.106706541,6.338071053,5.380551559,94.44351666,94.4370852,2.989662126,5.124092607,1.0,6.217723098,2,25.47814768
39.0,4.045631125,2.693462317,3.661082927,6.517502160499999,195.252724,98.59108791,1.64148197,5.376102604,0.0,7.612615581,1,34.4876487
33.0,8.31182897,6.350828688,5.711776724,5.702254333,172.1291786,89.59490747,2.707431871,3.130526961,1.0,8.957467922,2,15.56445341
28.0,4.694192344,2.069562109,2.124525308,7.798766448,63.99834334,100.0,2.648575233,2.685063961,0.0,1.502618059,0,58.27078416
27.0,2.360972596,2.548666692,7.707434833,7.506387646,165.9822073,100.0,0.44867337,5.383458021,0.0,5.462,0,99.6469735
29.0,2.721847709,1.160969938,0.130372984,8.931996048,111.5289015,100.0,0.106822632,3.44553813,0.0,3.297014251,0,30.75546931
27.0,11.45481952,6.797032418,1.414729651,8.076353406,189.6852837,84.96575841,0.250836286,1.580619105,1.0,10.3255015,2,0.0
36.0,7.127684603,1.797760329,4.523255359,8.875182727,188.3208648,98.29692607,0.284154464,1.986225254,1.0,3.170150221,1,58.41714022
18.0,3.356527466,2.58276179,1.355978854,6.517502160499999,190.1840825,98.66406471,1.636059847,2.726930087,0.0,5.984949454,1,12.7153312
26.0,6.510254133,2.910047031,3.433757487,6.376373415,102.398111,100.0,0.0,2.609201182,1.0,5.081457709,1,56.20329235
21.0,7.826321892,3.26461379,5.361800637,4.177673277,284.5611577,100.0,2.471892746,7.264274995,1.0,5.745027871,1,51.10702095
36.0,7.673660653,5.599770762,5.592047493,6.018375908,165.9822073,100.0,2.239014422,7.966323712,1.0,5.462,2,28.24515692
27.0,7.652217276,6.109181191,4.895363265,9.11885333,221.6494685,98.97019835,0.088087852,4.0,1.0,7.67948465,2,36.179356595
26.0,8.737653538,7.039407234,6.989913557,5.569724557,75.09927954,100.0,2.0,7.397888471,1.0,7.919865419,2,60.88368128
30.0,9.854283195,4.783983104,0.781591549,8.060757026,206.0226353,100.0,2.0,2.47079189,1.0,8.223393803,1,35.83315717
23.0,10.94820723,8.035579309,3.954996192,6.517502160499999,165.9822073,83.0954405,3.068080878,2.623743041,1.0,8.314844495,2,0.0
20.0,9.276141364,8.985816637,6.991673997,5.552592446,220.1001392,99.62762731,2.133474713,7.422861722,1.0,5.73256011,2,36.2661366
15.0,11.79594016,9.750703618,2.925955681,6.819911511,80.20307518,83.81721256,2.0,0.038513277,1.0,7.097221298,2,6.42277243
27.0,16.0,4.147649959,0.591923944,6.517502160499999,100.2871441,91.61226484,2.013145336,1.264396377,1.0,8.577401553,1,10.6829626
27.0,2.588543034,1.853344078,2.179856462,4.537785501,561.8566536,97.31841291,3.72020052,3.65509935,0.0,11.35957459,0,4.675998801
16.0,5.935064898,5.213808755,8.47283229,4.139269378,129.0973079,97.74572852,2.854553035,10.28337281,0.0,7.905851008,2,53.10662255
20.0,8.138546251,3.771381605,5.651506277,9.072549463,258.9669887,100.0,2.651765908,6.017128698,1.0,7.767305195,2,33.72372482
38.0,8.632846069,5.137619815,6.999133869,5.550854938,285.0917633,95.00097217,2.914120064,7.759298942,1.0,4.790172251,2,21.19332747
34.0,4.381008824,2.732534067,3.24025877,5.424458505,151.2015371,99.3896403,2.144172767,5.25609462,0.0,5.528146532,1,36.179356595
18.0,3.894927411,1.902033071,1.4853636,6.517502160499999,156.2672713,91.60223072,0.367593212,1.848629984,0.0,6.885858779,1,17.37873604
33.0,5.280606179,6.455109607,0.561073475,7.31007207,260.2791492,81.35458706,0.406676079,2.797734649,0.0,9.028566473,2,0.0
39.0,9.894861326,4.430004541,1.539446706,4.379373111,322.347619,94.89640575,3.972584192,2.598690253,1.0,5.428891902,1,8.910818743
36.0,9.695573514,4.898465496,6.425056937,7.195956092,41.85302201,100.0,1.832465639,6.170731081,1.0,1.922611534,1,78.60624277
32.0,3.498736157,0.982673571,4.1412097370000005,8.765812925,131.70848,100.0,0.830110786,2.325459436,0.0,5.462,0,100.0
28.0,5.184278631,4.722618164,3.613920902,6.469482164,317.7849331,90.85139751,0.706998299,6.709172268,0.0,7.48418631,1,11.43748003
27.0,6.273869586,4.202278169,1.045835911,3.356077211,136.3294483,95.42149006,0.658064931,4.0,1.0,4.816136069,1,2.085807565
16.0,3.999235335,1.835077106,0.29874141,7.208028178,80.65440788,100.0,1.299805647,5.121747512,0.0,2.406643947,1,24.32221969
19.0,11.29512651,8.32968943,5.1644171,8.442632826,226.7502754,90.83050894,2.71316054,6.053845807,1.0,11.06387801,2,36.179356595
17.0,7.853321025,2.156496173,7.626907209,7.111861038,127.2951997,96.82258804,0.138977228,2.809971932,1.0,6.026826976,1,92.84163926
22.0,2.003714221,2.135762255,2.159955845,5.528787551,79.05601601,100.0,2.786612273,3.648454813,0.0,4.468978295,1,68.53604002
22.0,11.65726035,3.771381605,0.830680893,4.909379091,142.5495647,58.82953139,3.744780635,5.019766407,1.0,6.85367648,2,2.640926074
31.0,4.034241897,3.421426411,8.280718876,8.54253434,96.23891061,100.0,1.549489416,4.613752265,0.0,-0.383912284,1,79.14212978
25.0,10.03673973,4.890779767,1.169055804,7.648027842,242.1237534,83.08619518,0.0,3.262145689,1.0,9.664892302,2,18.01185232
17.0,10.67352081,6.071265197,5.887741247,7.223048076,276.8880547,99.34729726,2.243238048,4.770187103,1.0,9.938157399,2,17.7516439
22.0,6.740056765,3.771381605,2.523993841,7.582876254,15.4906126,99.72290092,3.031089946,2.005191635,1.0,3.065676787,2,0.0
39.0,9.898536556,8.971149922,2.062144415,7.905954214,165.9822073,75.08649145,0.0,2.904249278,1.0,5.462,2,0.024589353
31.0,11.38075023,4.745080737,0.747128314,6.517502160499999,136.0327408,89.84681086,0.0,4.531632832,1.0,11.35700004,1,0.148733059
22.0,11.62760636,4.576938544,7.628928805,7.341220446,294.8352229,98.98824713,2.101411007,6.320279407,1.0,8.985050563,1,65.50068413
31.0,11.5206679,3.771381605,6.021425597,6.517502160499999,122.9052923,97.08372176,2.911519124,5.536175296,1.0,8.02628754,1,63.85205018
15.0,7.049749724,4.897923071,0.129274638,6.854898707,129.520995,90.9939832,2.376885387,2.800076945,1.0,7.112442906,2,2.046415076
21.0,4.42491199,5.099882032,6.653734687,9.046590877,38.31615267,100.0,2.512764138,7.621518178,0.0,1.17330155,1,66.80502761
39.0,7.0,7.989702991,5.084147752,6.103980287,63.85038433,98.92499565,0.297984621,0.182126158,1.0,6.139308031,2,29.25566489
21.0,5.055457745,1.866013306,1.530068807,5.457313698,277.6594741,98.6078999,4.768130792,2.612468486,0.0,6.085988499,0,24.16654824
33.0,2.39068213,1.297174555,2.666087098,6.311755892,108.9908696,99.98308392,1.788102759,2.678122853,0.0,0.637184895,0,70.89057618
37.0,16.0,9.678566242,3.111366354,7.331953099,161.9122281,77.94744791,1.364745916,4.0,1.0,11.17057482,2,0.0
25.0,6.070524172,3.095792404,4.151083622,7.914485163,146.6275021,100.0,1.843120678,1.397879961,1.0,5.462,1,30.64922072
36.0,3.627079282,0.743164608,7.534946252,7.861757558,223.1431142,99.89677516,1.553494103,8.414740942,0.0,5.039001533,0,100.0
27.0,5.283888082,3.45223591,7.139383398,9.198854694,197.067969,100.0,2.0,7.615454478,0.0,2.185154161,1,89.73982511
27.0,14.81146212,5.357463567,5.211687665,4.231586361,543.4327438,89.75259567,4.443000066,1.109347139,1.0,12.62378936,2,26.54008493
33.0,7.37924541,2.015327695,6.577636652,6.679256099,96.66753036,100.0,1.500848299,10.19282619,1.0,2.857151037,1,79.43767363
23.0,7.0,5.144925754,1.872947784,5.875228015,74.61345181,83.9633832,0.04407858,0.116821998,1.0,8.532244557,2,7.063244258
31.0,5.632315966,2.604377649,2.795231242,5.149748486,178.2830467,100.0,4.746821775,1.312736377,0.0,5.121612368,1,35.63907994
34.0,8.700005328,5.601869356,8.161306547,9.142313426,155.7981316,98.66756748,0.518110014,8.404496359,1.0,4.510493656,2,71.99782944
22.0,4.646210558,2.693567939,2.556359366,8.726011892,267.3278371,96.58197141,0.423992417,4.0,0.0,8.634588931,1,46.04974407
15.0,6.039815045,5.296410925,2.840848367,5.496456152,219.9318223,100.0,1.776812895,2.553908572,1.0,7.15222421,1,16.96434281
17.0,9.415283994,3.558381229,5.570577871,4.983309983,308.5865194,100.0,2.738957749,6.283842833,1.0,9.074796952,1,45.27726381
20.0,5.299187642,3.167882916,0.184265495,8.209486088,141.8167497,96.72435675,0.0,3.873528353,0.0,4.622442202,1,17.45184506
26.0,3.581747441,2.05689884,7.160427093,8.395332963,123.2257672,100.0,2.06376309,7.816801323,0.0,1.318173508,0,100.0
26.0,3.353568613,3.783714664,7.307250889,5.474032799,85.97324631,98.65338943,2.0,6.83113647,0.0,5.919148432,1,51.199553
39.0,4.252567797,2.798946446,6.628881078,8.313983846,32.52611655,100.0,1.277793083,10.63136371,0.0,-2.562447834,1,91.34613113
19.0,8.936506119,5.13589251,5.033964136,3.902282937,26.74494524,100.0,1.508257635,10.50348309,1.0,1.087901845,2,29.93581616
23.0,7.462543916,2.756580803,8.381076239,7.768433621,84.16291647,100.0,0.0,7.332890269,1.0,5.253977347,1,91.63903043
19.0,10.69860599,3.771381605,4.588345275,5.450977413,287.0637045,99.09569954,3.928841956,1.035279846,1.0,11.91780353,1,36.179356595
34.0,3.871173826,2.666109498,6.153842917,6.163020598,294.736001,100.0,1.852972699,5.752586836,0.0,4.139153241,1,77.29906267
17.0,9.554865894,3.771381605,7.696566553,5.419790403,58.9614483,100.0,1.864496615,5.805668423,1.0,0.1428455,2,36.38274146
35.0,7.869505954,8.074685576,5.749613732,6.716113336,208.0987559,91.67079238,0.575662226,9.925599515,1.0,8.916499415,2,7.837724285
26.0,12.92606809,3.771381605,7.03134578,8.95114765,201.731014,100.0,0.198023961,3.630822869,1.0,6.294657975,1,42.73571572
31.0,10.99330456,6.131035998,1.21814268,4.57221317,303.0508031,75.94451309,2.434512178,4.0,1.0,10.21000847,2,4.016614765
23.0,4.529021097,1.89630059,2.209754495,3.912568713,89.30070429,100.0,3.92669509,5.873903431,0.0,2.11334488,0,20.77183366
37.0,10.5936595,4.275835718,4.398388521,6.462807513,341.4644851,100.0,1.816178943,0.0,1.0,8.661388105,1,55.09363772
24.0,9.099085129,3.616401301,4.1412097370000005,6.712603356,285.8860053,77.90209111,1.97992509,4.0,1.0,5.462,1,2.415877475
25.0,3.57689295,1.303999993,0.825986882,8.184212731,238.3257032,99.51704808,2.711161891,2.025868032,0.0,6.349027941,0,27.32959947
33.0,3.997171755,3.218209457,5.786868366,4.04061579,36.82932272,99.15344213,2.211299998,8.87487639,0.0,-0.764957596,1,56.59022639
22.0,9.438796146,5.006994236,4.694243451,4.251763705,123.3022199,94.82141674,0.565204541,5.861570557,1.0,4.189322218,1,39.68807223
27.0,2.008248177,0.606747377,4.505664116,4.263912752,57.47760699,100.0,2.64348513,2.579145226,0.0,3.39593355,0,79.65669108
35.0,3.320357098,1.705561651,7.892505773,6.982830847,91.30107408,100.0,1.309216374,6.58844961,0.0,0.560940679,0,87.34031606
19.0,5.617243554,3.766979264,6.249614835,7.329336529,127.7356145,98.0973447,2.0,7.494729935,0.0,4.717392506,1,59.36022542
38.0,6.787619846,3.234718843,3.822154736,4.134112461,173.6096767,100.0,4.047810401,3.068429997,1.0,5.699389336,1,18.23630142
31.0,10.62027794,7.43347663,6.940634949,7.982902831,36.84343716,95.24902684,1.335826141,9.459413137,1.0,0.455722879,2,46.15189746
32.0,5.601599439,4.489035817,3.528741301,9.157654905,83.84805319,100.0,1.400294236,1.217640761,0.0,5.462,1,39.04518201
20.0,6.749493775,3.387515389,2.888236103,6.471878748,165.9822073,99.62122459,2.0,3.431842215,1.0,5.462,1,35.14473709
37.0,7.15360874,4.168340117,4.1412097370000005,7.97639962,165.9822073,100.0,2.252490442,3.682202721,1.0,5.462,1,65.59864012
30.0,13.30370248,4.217729324,3.552473527,3.705313166,228.515427,100.0,1.746415762,1.867174355,1.0,6.355264192,1,31.45355372
33.0,4.569819741,2.121326626,2.608701541,5.709709834,232.9083028,100.0,3.488592567,3.051289024,0.0,-0.156441044,1,22.48419524
35.0,5.403466634,3.08532154,2.17508634,6.836392458,99.12391696,98.83668125,2.113439318,0.0,0.0,5.309852497,1,40.46744584
23.0,2.744663909,1.574698973,6.609742722,4.704338551,214.3825581,99.67388209,1.978084774,6.670926902,0.0,2.478414153,0,64.08304659
39.0,8.714791945,6.832596327,6.628190468,6.569004031,143.9242715,100.0,2.023356857,4.813094461,1.0,2.387408925,2,59.97534492
31.0,2.227715488,2.259104906,0.189731608,6.735704226,233.0114286,98.26384315,0.879269717,3.18524304,0.0,5.932228931,0,18.24668039
32.0,7.230978382,4.953719663,4.45345054,4.736350384,270.557541,100.0,4.100398567,5.469410232,1.0,6.792001978,2,15.68457835
16.0,10.52491586,3.725761587,3.035581257,7.905343463,157.5210917,98.09450664,0.382234478,0.486787969,1.0,4.949824945,1,53.16097205
33.0,2.106706699,2.418866681,1.953419997,7.89936692,308.2171509,100.0,2.201714553,4.020237928,0.0,6.46608268,1,43.42070623
24.0,3.360504426,2.796253594,4.774395732,7.839333785,225.8550409,100.0,0.293424394,3.731453835,0.0,5.898038795,1,70.24971286
38.0,11.79620134,8.866700929,4.1412097370000005,8.572306326,255.2966779,76.19473228,0.0,4.657924202,1.0,5.462,2,8.809396928
23.0,9.805096094,5.462958963,7.758385784,8.025999333,260.1546797,100.0,0.0,6.774237764,1.0,8.143141979,2,67.49864629
27.0,7.646886763,4.323802181,4.1412097370000005,6.227020273,190.1374531,100.0,1.360270329,0.832805386,1.0,5.462,1,35.61544066
16.0,7.751199004,2.039292894,4.882760404,3.7957883,86.99898108,99.38529292,3.058245388,8.14808201,1.0,0.767984669,1,49.84266675
36.0,6.858468249,1.899439266,0.1667351,6.633616213,65.23867699,100.0,1.271311192,2.09598096,1.0,4.581393142,1,19.68142955
33.0,10.57974454,3.771381605,6.853972631,8.550717746,34.89627188,96.95352466,0.849534673,5.823222457,1.0,4.411523784,2,45.63603207
36.0,3.085640581,0.549836206,2.317158931,4.76307172,138.362684,94.82354944,1.598406335,1.897702905,0.0,2.859045978,0,33.5342202
27.0,7.0,3.195704892,3.16232432,5.731958828,162.7976297,100.0,2.589743728,1.140878381,1.0,4.728664812,1,18.13459187
23.0,3.384467438,2.375714256,2.249220547,7.98923258,246.354567,100.0,2.929965921,2.348636941,0.0,4.452200073,1,36.179356595
33.0,9.950422482,3.777254903,7.352957157,5.368832322,209.1435755,100.0,0.0,5.561658821,1.0,6.365417851,1,58.81854028
17.0,4.338539951,1.436742443,4.392947721,5.122699611,39.06719268,99.61842303,2.997227749,4.656310984,0.0,3.461495543,0,40.521705
17.0,10.10902582,4.126883127,1.988862842,6.517502160499999,61.36156708,99.2456678,0.813784379,3.73159678,1.0,8.739529321,1,36.179356595
17.0,8.767714752,3.771381605,3.685540228,6.517502160499999,69.7098452,100.0,4.278663047,2.939657836,1.0,7.319293794,1,26.88085429
22.0,3.370522141,2.591323682,7.824703122,9.255297943,165.9822073,100.0,0.057744996,12.96967119,0.0,5.462,1,88.62055052
20.0,4.344160928,3.482475074,6.079404087,4.168631575,98.50201227,97.38328368,3.767574734,9.3936896,0.0,0.439669042,1,55.41957083
33.0,6.035916991,2.747902556,6.029020644,6.517502160499999,79.89567006,97.21029291,1.056250313,3.409615098,1.0,4.122091855,1,55.99509965
29.0,2.492854168,2.158608798,1.166945095,8.477376399,100.2586724,100.0,1.871209245,2.678680058,0.0,5.502964658,1,0.0
22.0,1.362774019,1.51647673,0.709575302,7.52053105,186.3181445,97.84371516,2.953480761,2.366666789,0.0,2.261253959,0,25.84937424
16.0,8.701049352,6.176115653,5.54651866,6.224488879,194.6875058,98.9381932,1.523812782,4.0,1.0,6.946863795,2,20.26378098
37.0,9.266093211,8.614332884,0.0,5.787947168,102.9721306,100.0,0.154492024,3.793614761,1.0,4.428770156,2,9.859078517
21.0,7.561732404,6.399205981,4.311448903,8.827973599,301.8240641,100.0,2.305780083,2.81468195,1.0,9.076890557,2,30.39446356
20.0,7.118906349,6.353626519,0.811375773,6.981894314,167.7581786,100.0,4.263086332,3.058677553,1.0,5.384305439,2,0.0
27.0,4.277829812,3.389525283,6.756492386,6.349328291,151.3354881,96.95291771,0.0,7.448577266,0.0,3.504521352,1,65.20218672
39.0,8.026790459,7.190047086,7.400717033,7.326863706,108.9307717,100.0,0.820964361,7.673232912,1.0,1.548189065,2,36.179356595
36.0,10.00396932,5.425839937,6.6431459,8.276969766,290.945288,96.87650622,0.0,11.07880638,1.0,5.560193289,2,60.976583
17.0,3.894231337,1.910488271,5.280636683,8.0114691,215.0897713,98.3401923,1.343638237,4.044780193,1.0,10.86128341,0,80.05681773
39.0,5.321469736,2.410476867,7.631679293,4.739568781,152.7275715,100.0,3.398141965,4.852839995,0.0,3.564464692,0,66.99409445
22.0,6.55661197,3.332966137,5.292395072,6.308583029,246.7602122,99.34336465,2.471935435,0.975789626,1.0,10.89521373,1,21.15045539
15.0,8.803686004,2.371911613,3.704209308,7.885101621,165.9822073,100.0,1.436894033,3.623391907,1.0,5.462,1,55.4500889
34.0,2.311347705,2.001891377,0.840447842,7.500368728,157.8445926,95.59668362,0.719682649,2.710367756,0.0,0.789218635,1,27.54125802
27.0,5.491836854,3.397694526,7.182801052,6.361107544,50.76987479,99.36880185,0.0,4.900764336,0.0,2.33004469,1,58.92075219
15.0,2.522737466,1.508632553,3.049011221,6.377353495,146.1958888,100.0,2.382253406,1.729247014,0.0,0.681629164,1,39.08419847
31.0,1.994485068,1.32077538,7.072235215,7.50212124,87.01632485,100.0,1.542642871,10.74549515,0.0,0.023501569,0,100.0
37.0,6.920698285,5.467910603,1.379204755,7.870903186,162.0783408,89.50264017,0.052989198,4.0,1.0,2.518358223,2,12.55844286
29.0,5.211889606,3.280159512,5.108017101,6.485465429,278.5172358,96.93486987,3.632775823,5.149020349,0.0,3.495431944,1,26.48354405
36.0,3.006151131,2.086518701,4.1412097370000005,5.117570928,313.4474455,100.0,2.1681393,8.495885815,0.0,3.937567888,1,84.79783611
26.0,4.846192122,1.501381168,7.34947442,7.624662229,284.3357448,96.06261206,0.045532625,7.811432523,0.0,4.813475614,0,64.12074363
27.0,6.946496338,4.215184584,6.220839278,8.175913223,276.9105692,100.0,2.808772092,7.818347046,1.0,7.222861963,1,69.31014884
15.0,3.890900881,3.202247146,7.855406155,4.097449735,238.8988166,100.0,3.586113482,10.86256481,0.0,2.294427737,1,61.86204815
20.0,9.809126292,5.118933051,1.679237802,5.001101556,144.5032026,84.25956527,2.861776448,0.0,1.0,7.589472607,2,0.0
26.0,8.384539143,6.188025309,0.237875752,4.234264615,136.7712976,64.13649578,3.645972601,3.389354828,1.0,9.127862821,2,0.0
26.0,1.75810237,1.292122188,4.391474668,6.517502160499999,182.6674985,98.10083,0.550313895,1.877144644,0.0,3.762738689,0,61.72840127
32.0,11.46262761,4.719386844,7.308388992,4.251977109,279.6937804,95.3142068,2.743934317,8.638945508,1.0,8.998027309,1,36.179356595
38.0,11.58539029,4.266897181,6.515865925,8.564055035,13.8637549,100.0,1.357091742,6.909336754,1.0,4.798467671,1,85.12538223
17.0,12.26751568,6.89299209,7.4206605,8.83121785,196.1582723,97.59146023,1.786526093,7.555851525,1.0,4.960761225,2,83.00909551
20.0,5.846611462,3.771381605,4.900476855,6.517502160499999,28.41587113,100.0,1.523559428,2.289888773,0.0,3.925494228,1,36.179356595
33.0,10.87136419,3.659332084,7.947532354,9.279740874,177.0068186,100.0,0.886541852,10.02432501,1.0,4.196295039,1,85.60839056
20.0,8.279063638,3.771381605,6.271232572,8.82132538,253.7745301,100.0,3.108539209,4.28202282,1.0,10.43737859,2,36.81360233
27.0,6.467790715,4.840683265,8.189885891,3.57965958,165.9822073,100.0,4.292876331,5.708313726,1.0,5.462,1,81.03462784
17.0,2.393074842,2.377445959,4.655141505,5.474723716,150.5971943,100.0,2.935752265,0.931177034,0.0,3.92506294,1,44.94499819
30.0,7.851295869,4.23469495,6.931890751,6.96519844,293.4189003,100.0,0.902795653,7.229873655,1.0,8.914654763,1,75.13484731
26.0,7.495639487,3.545782182,5.23379153,9.306199567,108.5392601,100.0,0.742284874,7.072095404,1.0,4.344683914,1,60.99948198
26.0,7.902003714,4.271784998,3.327482556,8.796163503,265.4297265,99.21557972,1.125238721,1.521412494,1.0,6.688580961,2,23.74876582
23.0,5.141556346,2.987693427,2.553073016,5.326334548,278.7641985,98.3275786,2.681660843,0.0,0.0,5.496586166,1,10.48164475
34.0,11.16346874,7.329086403,2.580785924,7.21941788,126.8852937,83.7671259,0.031484909,2.733763474,1.0,10.84798833,2,9.609274671
21.0,4.164550528,3.67892479,0.0,6.766874168,308.1212398,97.30622353,2.018175734,1.935712702,0.0,8.451307975,1,0.0
28.0,7.578322421,2.094277951,6.820925266,3.841727216,447.4006472,100.0,0.973344711,7.806723906,0.0,2.089958309,1,81.55395997
34.0,7.787844701,7.540948823,2.427438397,6.280761408,28.18106777,83.93048717,1.293979034,3.712433737,1.0,4.762734871,2,0.0
29.0,10.14353477,3.771381605,5.798798471,3.628968047,47.49101466,98.22787118,2.113381698,7.552531888,1.0,4.967714954,2,45.01821245
30.0,4.390180746,3.6138372,4.465572211,6.634656623,165.9822073,100.0,0.193962003,0.946241676,0.0,5.462,1,15.34727546
26.0,7.269222324,3.478918038,2.505787839,5.024518119,242.6285279,99.31415823,2.889948163,0.819254091,1.0,5.939399683,1,12.76707734
16.0,6.082825152,4.361734063,2.326374225,7.299646554,204.7296673,97.59447786,0.029354023,4.964358054,1.0,7.909212287,1,6.603786515
23.0,7.0,4.124806285,2.344326608,5.017355665,348.0264132,94.14897762,3.10368505,2.277640844,0.0,5.462,1,25.27162662
17.0,12.05384995,3.771381605,1.033234563,8.835716181,84.65416261,100.0,0.16455785,1.716195418,1.0,8.054831222,2,36.179356595
29.0,7.0,2.777701332,4.009900009,6.283540548,227.2584378,96.66685712,0.285351721,3.455104417,1.0,6.765448343,1,49.86549402
18.0,4.609026902,2.545013612,2.86707968,3.424696976,263.1291756,92.61663247,2.169657635,4.0,0.0,5.142192518,1,0.0
25.0,5.109499859,3.362526843,1.784581062,5.769588102,167.949959,100.0,2.109837297,1.859332279,0.0,6.338054487,1,36.179356595
16.0,10.32750826,7.243849177,1.193516035,6.985106128,266.8224901,80.89311321,0.564391013,2.057814282,1.0,8.872764031,2,0.0
38.0,11.64301451,4.361139141,5.828418815,7.19398817,220.7530635,97.80083246,1.775027237,3.26695289,1.0,5.943096536,2,43.49355439
27.0,9.89404533,3.257336584,7.753719045,3.423452679,284.9611809,96.75565792,3.015773858,7.64471276,1.0,10.57132429,1,53.34266605
22.0,3.796942759,3.269772938,6.578306302,4.352566184,307.8234956,94.98190842,2.0,4.660564683,0.0,4.021649061,1,48.33933782
36.0,9.269466676,6.352864307,5.311042756,8.575133199,123.926322,100.0,1.558982715,9.368245586,1.0,1.726074718,2,36.179356595
33.0,10.14667557,3.771381605,0.181624311,7.410286429,101.3431196,85.63406106,2.081302923,5.88959368,1.0,9.663743601,2,0.0
36.0,2.276240755,0.941219143,4.1412097370000005,6.992117996,129.060394,100.0,0.0,0.0,0.0,0.061141626,0,36.91065288
24.0,8.003151066,2.141190349,6.925501213,6.80390202,250.3460794,94.31804926,1.591748934,7.693910892,1.0,6.151367763,1,60.31409472
19.0,9.530785806,6.259085895,6.022820741,7.169566153,28.51096386,96.02385549,1.311053534,4.631075946,1.0,1.337536819,2,65.88552702
36.0,5.819510396,1.615692819,4.1412097370000005,7.844130903,164.5762806,99.64134827,1.079594097,5.393765932,0.0,3.35426971,1,36.179356595
21.0,7.99789209,5.065083017,4.216022594,7.896807022,71.58360845,100.0,1.104095901,2.259549388,1.0,8.613952545,1,62.09726054
31.0,9.425189749,5.463302833,6.859566667,7.743244107,201.2257225,100.0,0.402962995,4.412506386,1.0,6.476110661,2,81.2940607
33.0,6.699837868,3.209551155,2.364824053,6.239707078,172.7552274,100.0,0.762691561,4.985122121,1.0,6.815386376,1,40.56490479
33.0,4.041836404,2.582415855,2.519334125,4.635456815,76.76555582,96.32522923,3.052154025,5.155520723,0.0,4.381405029,1,34.90642599
20.0,5.000860578,3.87660969,6.308791922,5.407885253,138.3939662,93.6400441,5.12438332,6.859194607,0.0,2.082024704,1,58.88131563
26.0,7.79827182,5.604241869,4.904230108,6.15755623,51.46507554,100.0,1.214508115,2.850717941,1.0,5.607448808,2,43.6286695
37.0,11.14910853,9.115129431,7.040382522,5.731279524,150.7790953,93.72189153,2.723059411,7.836217686,1.0,7.23003985,2,12.56107781
35.0,2.877395637,1.574308361,6.579585924,9.273685419,246.2713059,99.19657744,0.193055007,3.706347344,0.0,5.897854995,0,93.63351679
23.0,3.507306045,2.342814303,5.883059609,7.617915268,213.7374731,98.858699,1.436165278,6.121261925,0.0,2.813954684,0,65.95656237
27.0,10.70181528,6.150284569,7.911141762,9.276138305,124.281683,97.75493794,1.40729928,5.609554741,1.0,6.351179433,2,87.18848901
16.0,11.07223033,8.718670943,0.145230269,6.517502160499999,258.2504672,48.94707362,2.716614218,4.0,1.0,10.63967641,2,0.0
27.0,9.879647559,2.817352526,0.375414231,9.25296858,216.1710577,89.99852339,2.182715811,3.323389784,1.0,11.41012669,1,20.80775157
23.0,13.02575032,3.809587078,2.947514692,7.400015846,197.564173,97.34041511,1.598229517,0.970996358,1.0,4.284795223,1,25.88539252
35.0,5.077990981,2.68108685,4.1412097370000005,4.236899327,57.64764116,99.17155582,3.704965525,4.0,0.0,5.920077387,1,46.93407033
33.0,10.33672798,6.203192074,6.82068905,4.750900651,30.47625121,99.64276568,1.335225145,6.050807953,1.0,4.409128521,1,33.91610309
32.0,11.68594305,4.278883182,6.615070215,6.821359886,165.9822073,100.0,0.0,5.249222846,1.0,5.462,1,71.51090512
23.0,3.073803377,2.106083184,3.753496076,3.63776058,268.2845259,97.44450898,3.049834057,2.761790255,0.0,5.462,1,26.10451388
34.0,11.02031662,6.372018158,7.963388605,5.725012675,261.2360025,100.0,1.875107346,9.66635456,1.0,8.332171615,2,41.67460637
27.0,5.63028442,2.208863361,1.135536374,4.338459477,58.95427859,95.48100092,4.311573569,4.798736915,0.0,2.396246009,1,16.85666559
30.0,4.335361537,4.108759089,4.554238933,6.060677971,165.9822073,99.51430849,0.00784362,3.249239821,0.0,5.462,1,7.675639562
28.0,6.545577268,5.122477943,8.146324629,6.024613455,217.0944322,100.0,2.284331157,4.620115816,1.0,5.146949723,2,50.29174057
21.0,4.798311757,4.226463544,4.614884028,7.602660604,227.839455,97.09231686,2.48665004,6.550401826,0.0,9.458702202,2,31.70932261
27.0,11.52407924,7.750195051,5.955184849,8.164728294,264.9561006,97.29271414,0.123891338,3.842160418,1.0,8.407961803,2,26.79067896
38.0,9.789943982,5.397372453,6.554893846,5.255689945,253.2854925,98.3038326,3.521339826,9.537785624,1.0,7.752921164,2,31.13813919
25.0,10.64263279,7.968112723,2.914905431,6.517502160499999,246.8550067,76.15969341,0.756051848,3.406150894,1.0,8.515323349,2,36.179356595
18.0,5.392674902,3.040983401,6.792330028,4.225625064,263.5427408,100.0,2.310547312,5.621662693,0.0,9.667578067,1,73.7132405
31.0,12.09571538,7.373730079,1.98144318,5.393350938,203.8809987,82.33711211,2.0,0.880368172,1.0,6.639584527,2,5.849838198
18.0,16.0,6.039169328,7.288679306,6.517502160499999,566.4375042,99.95846382,0.617456545,4.0,1.0,5.462,2,68.86487172
24.0,2.760194283,2.346009812,2.312162479,4.715451341,246.7190007,100.0,2.07749169,1.518824101,0.0,6.246794907,0,21.76580232
34.0,1.7269296,3.771381605,5.029986912,6.431664635,165.9822073,98.99041968,2.107085496,6.850113674,0.0,1.468403593,0,62.52802309
32.0,5.816317361,3.633524729,4.1412097370000005,5.630122139,245.4575125,100.0,1.535147339,0.0,0.0,5.462,1,3.271562887
36.0,5.287510023,4.272956631,4.324519686,4.633593726,76.48677669,100.0,2.099294304,0.981768618,0.0,1.015004158,1,17.24430224
31.0,2.693136129,1.068772045,7.109887533,4.861014195,167.6044656,99.17408398,1.429052567,8.037871523,0.0,2.632738033,0,73.25372411
29.0,10.82335011,5.14260413,2.623581173,5.016799888,138.8065912,89.39440862,1.832445963,3.41771542,1.0,10.7687889,1,1.255983416
38.0,6.499167356,1.709902777,2.627900169,3.258168347,187.4771277,99.36071055,3.200323553,4.165333365,1.0,5.460624802,1,25.47128168
27.0,4.719167406,5.216107568,5.743676055,8.851909687,175.5750296,100.0,0.0,4.260483527,0.0,4.435237775,1,37.85842612
17.0,7.581776929,6.487864179,0.57281483,6.739925904,125.8624406,80.79562933,0.0,1.961798675,1.0,5.446745112,2,7.780042093
24.0,8.961641602,3.870425423,0.804558506,7.786849458,255.5750103,91.4560258,2.052263952,2.467159504,1.0,9.244391944,1,36.179356595
39.0,2.580757349,0.676196496,5.029954078,8.917014906,226.2992331,100.0,1.965869943,1.219148637,0.0,6.470292371,0,61.63669688
24.0,10.47047566,4.629360144,7.217781101,8.733021759,124.0036702,97.1549687,1.641609118,7.053988143,1.0,4.706830551,1,71.71668313
25.0,10.60899698,9.98939637,5.512565945,8.296969538,293.8085065,82.40433639,0.343802817,4.464138486,1.0,4.217985431,2,10.66391495
18.0,2.457660354,1.304357031,7.363278694,6.683570374,65.9687787,98.97989192,0.0,10.37445374,0.0,0.273315509,0,83.62401998
19.0,10.71762755,7.664856395,2.102283319,5.115367036,147.1313421,89.30315339,1.800042587,1.224573963,1.0,7.796590895,2,0.0
15.0,2.317697463,1.444202096,1.861512327,5.513507152,165.9822073,100.0,2.971465134,0.0,0.0,5.462,0,18.89988996
27.0,9.726600153,6.78204802,4.135388817,6.812834282,212.2591109,91.83373125,0.982083374,4.544897485,1.0,7.501256019,2,20.39457432
37.0,11.61513751,3.771381605,3.517699122,6.212850245,184.9610513,86.38194085,3.511253775,0.144405799,1.0,6.726404241,2,0.0
35.0,8.866446657,5.505708964,3.627310449,7.032637804,315.6519096,100.0,1.125483672,3.032771053,1.0,9.167780248,2,0.0
17.0,8.826616177,6.486904852,4.1412097370000005,7.726407993,77.4786815,100.0,0.444234974,1.268095511,1.0,5.462,2,34.60769389
37.0,5.615481935,2.563682969,4.703919986,5.671193021,246.9786835,100.0,2.356244439,8.453197966,0.0,6.252049801,1,34.65183703
37.0,4.569347661,1.633403912,1.060183708,5.246543417,65.52915897,100.0,2.0,1.838537651,0.0,4.583018917,1,5.250161542
34.0,4.986449333,4.019001217,3.050181955,6.59223759,188.4589548,98.79871627,2.137804008,2.069494323,0.0,3.279889777,1,18.84865914
24.0,8.876795486,5.593144773,7.085667955,5.532600668,165.9822073,100.0,1.656156924,9.205163453,1.0,5.462,2,56.0761231
29.0,2.895616943,2.633706526,7.332212404,6.896390155,18.43648171,100.0,0.5376706,7.446300613,0.0,-2.384350821,1,100.0
27.0,11.68395438,6.885711265,4.212851908,4.769323997,147.9506273,90.1359519,4.221794119,0.0,1.0,10.1244798,2,30.6867383
25.0,6.087976721,4.724994871,5.457113,5.887810899,160.9732579,100.0,1.562860189,9.659828663,1.0,1.51476072,1,59.39393846
32.0,11.11516254,3.666150189,3.929499531,5.160502597,129.781232,92.12102471,2.722072612,3.280567827,1.0,7.719159364,1,32.28835594
26.0,7.0,7.159917048,3.201849761,7.079598394,211.3840391,93.4612003,0.0,3.250445595,0.0,5.462,2,12.30625953
38.0,8.119533316,6.908042894,6.069617958,5.930696775,108.7752195,100.0,2.411370004,7.488470399,1.0,4.96626192,2,19.1830787
30.0,10.9670467,5.668404746,2.43585907,8.214841444,84.30386959,98.7465123,0.0,3.730017736,1.0,1.749078692,1,9.93764238
38.0,10.07580225,3.771381605,5.792975611,9.66747291,53.74039347,97.43968548,0.149647575,6.130072092,1.0,0.3289407,2,36.179356595
16.0,7.891137389,4.147631961,2.791272958,5.312899791,79.98039047,100.0,0.956262397,2.171887555,1.0,4.941906864,1,27.9839521
33.0,2.222727096,0.617128948,6.923063516,7.031223273,125.2216733,98.81214504,0.981871749,7.495935784,0.0,-0.307358525,1,97.53987322
27.0,5.436996248,2.720246707,3.10843669,6.517502160499999,255.5773839,95.52417661,0.0,3.760062172,0.0,5.611803581,0,35.42921035
39.0,8.902567536,5.699932675,2.144990725,9.005448221,283.6699473,88.65285296,1.618291922,4.379232284,1.0,8.632105534,2,0.0
30.0,8.810237774,5.042961149,0.746630985,8.270465647,197.8363989,93.35552759,1.225703014,0.331569498,1.0,6.031921437,1,36.11742328
17.0,8.538016843,3.684197033,2.361045361,8.725604083,90.68764401,100.0,1.450320167,1.53410052,1.0,2.923828519,1,58.03537689
